,season,matchId,playerId,player,homeOrAway,position,time,goals,assists,shots,yellowCard,redCard,xG,xA,bonus,xB,lastBonus
963,2017,7534,3259,Adam Ounas,h,Sub,0.0,0.0,0.0,0.0,0.0,0.0,0.0,0.0,0.0,0.0,0.0
1716,2017,7565,3259,Adam Ounas,h,Sub,22.0,0.0,0.0,2.0,0.0,0.0,0.1751867830753326,0.0549383163452148,0.0,0.5804986655712128,0.0
2245,2017,7584,3259,Adam Ounas,h,Sub,32.0,0.0,0.0,3.0,0.0,0.0,0.2182838506996631,0.08287989906966681,0.0,0.7377314511686562,0.0
3179,2017,7612,3259,Adam Ounas,a,Sub,41.0,0.0,0.0,3.0,0.0,0.0,0.2182838506996631,0.08287989906966681,0.0,0.7377314511686562,0.0
3890,2017,7645,3259,Adam Ounas,h,Sub,50.0,0.0,0.0,4.0,0.0,0.0,0.2482214905321597,0.08287989906966681,0.0,0.8275443706661462,0.0
4222,2017,7655,3259,Adam Ounas,h,Sub,62.0,0.0,0.0,4.0,0.0,0.0,0.2482214905321597,0.11725215800106512,0.0,0.8619166295975444,0.0
9959,2017,7858,3259,Adam Ounas,h,Sub,78.0,0.0,0.0,5.0,0.0,0.0,0.2636756813153623,0.2442449498921631,0.0,1.0352719938382504,0.0
