,season,matchId,playerId,player,homeOrAway,position,time,goals,assists,shots,yellowCard,redCard,xG,xA,bonus,xB,lastBonus
819,2017,7530,1359,Aleksandar Tonev,h,FW,0.0,0.0,0.0,0.0,0.0,0.0,0.0,0.0,0.0,0.0,0.0
1168,2017,7539,1359,Aleksandar Tonev,a,AMC,90.0,0.0,0.0,4.0,0.0,0.0,0.387174516916275,0.0194589849561452,0.0,1.1809825357049704,0.0
3361,2017,7620,1359,Aleksandar Tonev,h,Sub,98.0,0.0,0.0,4.0,0.0,0.0,0.387174516916275,0.0194589849561452,0.0,1.1809825357049704,0.0
3817,2017,7634,1359,Aleksandar Tonev,a,FW,114.0,0.0,0.0,4.0,0.0,0.0,0.387174516916275,0.0194589849561452,0.0,1.1809825357049704,0.0
4081,2017,7641,1359,Aleksandar Tonev,h,AMC,190.0,0.0,0.0,6.0,0.0,0.0,0.4608426541090011,0.0194589849561452,0.0,1.4019869472831488,0.0
4312,2017,7656,1359,Aleksandar Tonev,a,MR,269.0,0.0,0.0,9.0,0.0,0.0,0.5697311162948607,0.0194589849561452,0.0,1.7286523338407278,0.0
4557,2017,7662,1359,Aleksandar Tonev,h,Sub,359.0,0.0,0.0,10.0,0.0,0.0,0.5820712475106118,0.063734022900462,0.0,1.8099477654322982,0.0
4764,2017,7673,1359,Aleksandar Tonev,a,Sub,374.0,0.0,0.0,10.0,0.0,0.0,0.5820712475106118,0.063734022900462,0.0,1.8099477654322982,0.0
