,season,matchId,playerId,player,homeOrAway,position,time,goals,assists,shots,yellowCard,redCard,xG,xA,bonus,xB,lastBonus
1455,2017,7565,1634,Alessandro Deiola,a,Sub,0.0,0.0,0.0,0.0,0.0,0.0,0.0,0.0,0.0,0.0,0.0
3760,2017,7666,1634,Alessandro Deiola,a,Sub,32.0,0.0,0.0,1.0,0.0,0.0,0.0112545248121023,0.0,0.0,0.0337635744363069,0.0
4791,2017,7704,1634,Alessandro Deiola,h,Sub,50.0,0.0,0.0,1.0,1.0,0.0,0.0112545248121023,0.0,0.0,-0.4662364255636931,0.0
6211,2017,7772,1634,Alessandro Deiola,h,Sub,75.0,0.0,0.0,1.0,2.0,0.0,0.0112545248121023,0.0,0.0,-0.966236425563693,0.0
6784,2017,7797,1634,Alessandro Deiola,h,MC,95.0,0.0,0.0,1.0,3.0,0.0,0.0112545248121023,0.0,0.0,-1.466236425563693,0.0
8376,2017,7856,1634,Alessandro Deiola,h,MR,160.0,0.0,0.0,3.0,3.0,0.0,0.7560052629560232,0.0478949137032032,0.0,0.8159107025712729,0.0
8459,2017,7859,1634,Alessandro Deiola,a,MC,250.0,0.0,0.0,6.0,3.0,0.0,0.8068276699632406,0.15960433706641192,0.0,1.0800873469561338,0.0
8654,2017,7869,1634,Alessandro Deiola,h,MC,335.0,0.0,0.0,8.0,3.0,0.0,0.8757262062281369,0.15960433706641192,0.0,1.286782955750823,0.0
