,season,matchId,playerId,player,homeOrAway,position,time,goals,assists,shots,yellowCard,redCard,xG,xA,bonus,xB,lastBonus
1251,2017,7549,3936,Andrea Cossu,h,Sub,0.0,0.0,0.0,0.0,0.0,0.0,0.0,0.0,0.0,0.0,0.0
3957,2017,7669,3936,Andrea Cossu,h,AMC,19.0,0.0,0.0,0.0,0.0,0.0,0.0,0.0,0.0,0.0,0.0
6027,2017,7752,3936,Andrea Cossu,h,Sub,65.0,0.0,0.0,1.0,0.0,0.0,0.0163289401680231,0.0,0.0,0.0489868205040693,0.0
7238,2017,7818,3936,Andrea Cossu,h,Sub,91.0,0.0,0.0,1.0,0.0,0.0,0.0163289401680231,0.0,0.0,0.0489868205040693,0.0
7481,2017,7821,3936,Andrea Cossu,a,AMC,107.0,0.0,1.0,1.0,0.0,0.0,0.0163289401680231,0.1051680222153663,1.0,0.15415484271943558,1.0
