,season,matchId,playerId,player,homeOrAway,position,time,goals,assists,shots,yellowCard,redCard,xG,xA,bonus,xB,lastBonus
366,2017,7511,1181,Antonio Barreca,h,DL,0.0,0.0,0.0,0.0,0.0,0.0,0.0,0.0,0.0,0.0,0.0
1010,2017,7538,1181,Antonio Barreca,h,DL,90.0,0.0,0.0,0.0,0.0,0.0,0.0,0.0266069248318672,0.0,0.0266069248318672,0.0
2383,2017,7587,1181,Antonio Barreca,h,Sub,180.0,0.0,0.0,0.0,0.0,0.0,0.0,0.0566535480320453,0.0,0.0566535480320453,0.0
2641,2017,7593,1181,Antonio Barreca,a,DL,205.0,0.0,0.0,0.0,0.0,0.0,0.0,0.0566535480320453,0.0,0.0566535480320453,0.0
3919,2017,7648,1181,Antonio Barreca,h,Sub,280.0,0.0,0.0,0.0,0.0,1.0,0.0,0.0566535480320453,-0.5,-0.4433464519679547,-0.5
7329,2017,7777,1181,Antonio Barreca,a,Sub,356.0,0.0,0.0,0.0,0.0,1.0,0.0,0.0566535480320453,-0.5,-0.4433464519679547,0.0
7789,2017,7783,1181,Antonio Barreca,h,Sub,375.0,0.0,0.0,0.0,0.0,1.0,0.0,0.0566535480320453,-0.5,-0.4433464519679547,0.0
8289,2017,7761,1181,Antonio Barreca,h,Sub,407.0,0.0,0.0,1.0,0.0,1.0,0.0182668287307024,0.0566535480320453,-0.5,-0.3885459657758475,0.0
8720,2017,7817,1181,Antonio Barreca,a,Sub,436.0,0.0,0.0,1.0,0.0,1.0,0.0182668287307024,0.0566535480320453,-0.5,-0.3885459657758475,0.0
