,season,matchId,playerId,player,homeOrAway,position,time,goals,assists,shots,yellowCard,redCard,xG,xA,bonus,xB,lastBonus
2734,2017,7597,6300,Aristóteles Romero,a,Sub,0.0,0.0,0.0,0.0,0.0,0.0,0.0,0.0,0.0,0.0,0.0
3821,2017,7634,6300,Aristóteles Romero,a,Sub,5.0,0.0,0.0,0.0,0.0,0.0,0.0,0.0,0.0,0.0,0.0
4083,2017,7641,6300,Aristóteles Romero,h,Sub,15.0,0.0,0.0,0.0,0.0,0.0,0.0,0.0,0.0,0.0,0.0
4320,2017,7656,6300,Aristóteles Romero,a,Sub,26.0,0.0,0.0,0.0,0.0,0.0,0.0,0.0,0.0,0.0,0.0
4556,2017,7662,6300,Aristóteles Romero,h,Sub,60.0,0.0,0.0,1.0,1.0,0.0,0.0629831999540329,0.0120428362861275,-0.5,-0.2990075638517737,-0.5
4972,2017,7682,6300,Aristóteles Romero,h,Sub,66.0,0.0,0.0,1.0,2.0,0.0,0.0629831999540329,0.0120428362861275,-1.0,-0.7990075638517737,-0.5
