,season,matchId,playerId,player,homeOrAway,position,time,goals,assists,shots,yellowCard,redCard,xG,xA,bonus,xB,lastBonus
2201,2017,7573,1831,Bright Gyamfi,a,Sub,0.0,0.0,0.0,0.0,0.0,0.0,0.0,0.0,0.0,0.0,0.0
2289,2017,7580,1831,Bright Gyamfi,h,DR,42.0,0.0,0.0,1.0,0.0,0.0,0.0149694746360182,0.0,0.0,0.0449084239080548,0.0
3945,2017,7639,1831,Bright Gyamfi,h,Sub,132.0,0.0,0.0,2.0,0.0,0.0,0.0310345077887176,0.0209513120353221,0.0,0.1140548354014754,0.0
4290,2017,7658,1831,Bright Gyamfi,a,Sub,142.0,0.0,0.0,4.0,0.0,0.0,0.1368428776040671,0.0209513120353221,0.0,0.43147994484752406,0.0
4793,2017,7671,1831,Bright Gyamfi,a,Sub,161.0,0.0,0.0,4.0,1.0,0.0,0.1368428776040671,0.0209513120353221,-0.5,-0.06852005515247594,-0.5
5420,2017,7696,1831,Bright Gyamfi,h,Sub,191.0,0.0,0.0,4.0,1.0,0.0,0.1368428776040671,0.0209513120353221,-0.5,-0.06852005515247594,0.0
9654,2017,7846,1831,Bright Gyamfi,h,Sub,199.0,0.0,0.0,4.0,1.0,0.0,0.1368428776040671,0.0209513120353221,-0.5,-0.06852005515247594,0.0
9882,2017,7850,1831,Bright Gyamfi,a,DMR,200.0,0.0,0.0,4.0,1.0,0.0,0.1368428776040671,0.0209513120353221,-0.5,-0.06852005515247594,0.0
10043,2017,7861,1831,Bright Gyamfi,h,Sub,290.0,0.0,0.0,4.0,1.0,0.0,0.1368428776040671,0.0209513120353221,-0.5,-0.06852005515247594,0.0
