,season,matchId,playerId,player,homeOrAway,position,time,goals,assists,shots,yellowCard,redCard,xG,xA,bonus,xB,lastBonus
6176,2017,7770,3577,Cheick Diabaté,a,Sub,0.0,0.0,0.0,0.0,0.0,0.0,0.0,0.0,0.0,0.0,0.0
6904,2017,7763,3577,Cheick Diabaté,h,FW,16.0,0.0,0.0,1.0,0.0,0.0,0.1021113544702529,0.0,0.0,0.3063340634107589,0.0
7000,2017,7806,3577,Cheick Diabaté,h,FW,106.0,2.0,0.0,6.0,0.0,0.0,1.838412061333656,0.0310860853642225,6.0,5.5463222693651915,6.0
7365,2017,7809,3577,Cheick Diabaté,a,FW,181.0,4.0,0.0,8.0,0.0,0.0,2.829479530453682,0.0310860853642225,12.0,8.519524676725268,6.0
7495,2017,7819,3577,Cheick Diabaté,h,FW,271.0,6.0,0.0,10.0,0.0,0.0,3.742045298218727,0.0310860853642225,18.0,11.257221980020404,6.0
7766,2017,7829,3577,Cheick Diabaté,a,Sub,361.0,6.0,0.0,11.0,0.0,0.0,3.8363393917679787,0.1243701335042714,18.0,11.633388308808208,0.0
8272,2017,7850,3577,Cheick Diabaté,a,FWR,379.0,6.0,0.0,11.0,0.0,1.0,3.8363393917679787,0.1243701335042714,18.0,11.133388308808208,0.0
8403,2017,7861,3577,Cheick Diabaté,h,FW,469.0,6.0,0.0,12.0,0.0,1.0,3.8847401402890682,0.1243701335042714,18.0,11.278590554371476,0.0
8694,2017,7870,3577,Cheick Diabaté,a,FW,559.0,7.0,0.0,15.0,0.0,1.0,4.515808131545782,0.1243701335042714,21.0,13.171794528141618,3.0
