,season,matchId,playerId,player,homeOrAway,position,time,goals,assists,shots,yellowCard,redCard,xG,xA,bonus,xB,lastBonus
302,2017,7510,5699,Dalbert,a,Sub,0.0,0.0,0.0,0.0,0.0,0.0,0.0,0.0,0.0,0.0,0.0
490,2017,7524,5699,Dalbert,h,DL,34.0,0.0,0.0,0.0,0.0,0.0,0.0,0.0,0.0,0.0,0.0
690,2017,7530,5699,Dalbert,a,DL,124.0,0.0,0.0,2.0,0.0,0.0,0.0472759194672107,0.0,0.0,0.1418277584016323,0.0
1316,2017,7553,5699,Dalbert,h,DL,189.0,0.0,0.0,2.0,0.0,0.0,0.0472759194672107,0.0,0.0,0.1418277584016323,0.0
3501,2017,7652,5699,Dalbert,a,Sub,279.0,0.0,0.0,4.0,0.0,0.0,0.0794234797358512,0.0,0.0,0.2382704392075538,0.0
4435,2017,7693,5699,Dalbert,a,Sub,305.0,0.0,0.0,4.0,0.0,0.0,0.0794234797358512,0.0,0.0,0.2382704392075538,0.0
5156,2017,7720,5699,Dalbert,h,DL,328.0,0.0,0.0,4.0,0.0,0.0,0.0794234797358512,0.0,0.0,0.2382704392075538,0.0
8222,2017,7855,5699,Dalbert,a,DL,403.0,0.0,0.0,5.0,0.0,0.0,0.0951549112796782,0.0528227128088474,0.0,0.3382874466478824,0.0
