,season,matchId,playerId,player,homeOrAway,position,time,goals,assists,shots,yellowCard,redCard,xG,xA,bonus,xB,lastBonus
7749,2017,7781,6551,Damir Ceter,a,Sub,0.0,0.0,0.0,0.0,0.0,0.0,0.0,0.0,0.0,0.0,0.0
8121,2017,7797,6551,Damir Ceter,h,Sub,13.0,0.0,0.0,0.0,0.0,0.0,0.0,0.0582105070352554,0.0,0.0582105070352554,0.0
8192,2017,7760,6551,Damir Ceter,a,Sub,38.0,0.0,0.0,0.0,0.0,0.0,0.0,0.1684310361742973,0.0,0.1684310361742973,0.0
8553,2017,7801,6551,Damir Ceter,a,Sub,63.0,0.0,0.0,1.0,0.0,0.0,0.0596645437180995,0.1684310361742973,0.0,0.347424667328596,0.0
8649,2017,7818,6551,Damir Ceter,h,Sub,92.0,0.0,0.0,1.0,0.0,0.0,0.0596645437180995,0.2566108927130698,0.0,0.4356045238673685,0.0
8938,2017,7821,6551,Damir Ceter,a,FW,94.0,0.0,0.0,1.0,0.0,0.0,0.0596645437180995,0.2566108927130698,0.0,0.4356045238673685,0.0
