,season,matchId,playerId,player,homeOrAway,position,time,goals,assists,shots,yellowCard,redCard,xG,xA,bonus,xB,lastBonus
6788,2017,7797,6551,Damir Ceter,h,Sub,0.0,0.0,0.0,0.0,0.0,0.0,0.0,0.0,0.0,0.0,0.0
6846,2017,7760,6551,Damir Ceter,a,Sub,25.0,0.0,0.0,0.0,0.0,0.0,0.0,0.1102205291390419,0.0,0.1102205291390419,0.0
7152,2017,7801,6551,Damir Ceter,a,Sub,50.0,0.0,0.0,1.0,0.0,0.0,0.0596645437180995,0.1102205291390419,0.0,0.28921416029334057,0.0
7482,2017,7821,6551,Damir Ceter,a,FW,79.0,0.0,0.0,1.0,0.0,0.0,0.0596645437180995,0.1984003856778144,0.0,0.37739401683211304,0.0
