,season,matchId,playerId,player,homeOrAway,position,time,goals,assists,shots,yellowCard,redCard,xG,xA,bonus,xB,lastBonus
5701,2017,7740,6530,Felipe Avenatti,h,Sub,0.0,0.0,0.0,0.0,0.0,0.0,0.0,0.0,0.0,0.0,0.0
6061,2017,7759,6530,Felipe Avenatti,a,Sub,35.0,0.0,0.0,0.0,0.0,0.0,0.0,0.0,0.0,0.0,0.0
6185,2017,7769,6530,Felipe Avenatti,h,FW,66.0,0.0,0.0,0.0,0.0,0.0,0.0,0.0,0.0,0.0,0.0
7129,2017,7800,6530,Felipe Avenatti,a,Sub,144.0,0.0,0.0,1.0,1.0,0.0,0.087061308324337,0.0,0.0,-0.2388160750269889,0.0
7532,2017,7820,6530,Felipe Avenatti,a,FW,159.0,0.0,0.0,1.0,1.0,0.0,0.087061308324337,0.0,0.0,-0.2388160750269889,0.0
8055,2017,7844,6530,Felipe Avenatti,h,Sub,249.0,0.0,0.0,2.0,1.0,0.0,0.12258732318878171,0.0808691009879112,0.0,-0.051368929445743505,0.0
8203,2017,7851,6530,Felipe Avenatti,a,FW,282.0,0.0,0.0,2.0,1.0,0.0,0.12258732318878171,0.0955877462401985,0.0,-0.03665028419345621,0.0
8477,2017,7860,6530,Felipe Avenatti,h,Sub,349.0,0.0,0.0,2.0,1.0,0.0,0.12258732318878171,0.0955877462401985,0.0,-0.03665028419345621,0.0
8716,2017,7871,6530,Felipe Avenatti,a,FW,388.0,0.0,0.0,3.0,1.0,0.0,0.17231319844722742,0.0955877462401985,0.0,0.11252734158188099,0.0
