,season,matchId,playerId,player,homeOrAway,position,time,goals,assists,shots,yellowCard,redCard,xG,xA,bonus,xB,lastBonus
5934,2017,7750,1980,Franco Zuculini,h,Sub,0.0,0.0,0.0,0.0,0.0,0.0,0.0,0.0,0.0,0.0,0.0
6140,2017,7771,1980,Franco Zuculini,h,Sub,23.0,0.0,0.0,0.0,0.0,0.0,0.0,0.0,0.0,0.0,0.0
7137,2017,7801,1980,Franco Zuculini,h,MC,48.0,0.0,0.0,0.0,1.0,0.0,0.0,0.0,0.0,-0.5,0.0
7655,2017,7827,1980,Franco Zuculini,h,MC,128.0,0.0,0.0,3.0,1.0,0.0,0.0558817274868488,0.0464247055351734,0.0,-0.2859301120042801,0.0
8180,2017,7854,1980,Franco Zuculini,a,Sub,183.0,0.0,0.0,5.0,1.0,0.0,0.1775787957012653,0.0464247055351734,0.0,0.07916109263896942,0.0
8538,2017,7868,1980,Franco Zuculini,h,MC,218.0,0.0,0.0,5.0,1.0,0.0,0.1775787957012653,0.0464247055351734,0.0,0.07916109263896942,0.0
8648,2017,7874,1980,Franco Zuculini,a,Sub,277.0,0.0,0.0,5.0,1.0,0.0,0.1775787957012653,0.0938367173075675,0.0,0.12657310441136352,0.0
