,season,matchId,playerId,player,homeOrAway,position,time,goals,assists,shots,yellowCard,redCard,xG,xA,bonus,xB,lastBonus
1589,2017,7553,6205,Francesco Migliore,a,Sub,0.0,0.0,0.0,0.0,0.0,0.0,0.0,0.0,0.0,0.0,0.0
4592,2017,7663,6205,Francesco Migliore,a,DML,37.0,0.0,0.0,0.0,1.0,0.0,0.0,0.0,-0.5,-0.5,-0.5
6110,2017,7718,6205,Francesco Migliore,h,DML,127.0,0.0,0.0,0.0,1.0,0.0,0.0,0.0115998834371566,-0.5,-0.4884001165628434,0.0
8178,2017,7760,6205,Francesco Migliore,h,Sub,217.0,0.0,0.0,1.0,1.0,0.0,0.0131358634680509,0.12209524959325779,-0.5,-0.3384971600025893,0.0
9046,2017,7823,6205,Francesco Migliore,a,DML,219.0,0.0,0.0,1.0,1.0,0.0,0.0131358634680509,0.12209524959325779,-0.5,-0.3384971600025893,0.0
9606,2017,7841,6205,Francesco Migliore,a,DML,281.0,0.0,0.0,1.0,1.0,0.0,0.0131358634680509,0.482687048614025,-0.5,0.02209463901817793,0.0
