,season,matchId,playerId,player,homeOrAway,position,time,goals,assists,shots,yellowCard,redCard,xG,xA,bonus,xB,lastBonus
2304,2017,7597,6169,Giovanni Crociata,a,FW,0.0,0.0,0.0,0.0,0.0,0.0,0.0,0.0,0.0,0.0,0.0
4165,2017,7682,6169,Giovanni Crociata,h,Sub,81.0,0.0,0.0,0.0,0.0,0.0,0.0,0.0,0.0,0.0,0.0
4480,2017,7691,6169,Giovanni Crociata,a,Sub,98.0,0.0,0.0,1.0,0.0,0.0,0.0113342395052313,0.0130595630034804,0.0,0.0470622815191745,0.0
5757,2017,7742,6169,Giovanni Crociata,a,FWL,122.0,0.0,0.0,2.0,0.0,0.0,0.1233032038435339,0.0130595630034804,0.0,0.3829691745340823,0.0
6663,2017,7790,6169,Giovanni Crociata,a,Sub,172.0,1.0,0.0,4.0,0.0,0.0,1.0980246951803563,0.0130595630034804,3.0,3.30713364854455,3.0
