,season,matchId,playerId,player,homeOrAway,position,time,goals,assists,shots,yellowCard,redCard,xG,xA,bonus,xB,lastBonus
1719,2017,7570,3287,Gregory Van der Wiel,h,DR,0.0,0.0,0.0,0.0,0.0,0.0,0.0,0.0,0.0,0.0,0.0
3468,2017,7649,3287,Gregory Van der Wiel,h,Sub,47.0,0.0,0.0,0.0,0.0,0.0,0.0,0.0,0.0,0.0,0.0
3752,2017,7666,3287,Gregory Van der Wiel,a,DMR,105.0,0.0,0.0,0.0,0.0,0.0,0.0,0.0271172858774662,0.0,0.0271172858774662,0.0
3952,2017,7669,3287,Gregory Van der Wiel,h,DMR,195.0,0.0,0.0,0.0,0.0,0.0,0.0,0.0271172858774662,0.0,0.0271172858774662,0.0
