,season,matchId,playerId,player,homeOrAway,position,time,goals,assists,shots,yellowCard,redCard,xG,xA,bonus,xB,lastBonus
889,2017,7532,1112,Isaac Cofie,h,MC,0.0,0.0,0.0,0.0,0.0,0.0,0.0,0.0,0.0,0.0,0.0
1330,2017,7553,1112,Isaac Cofie,a,MC,57.0,0.0,0.0,0.0,0.0,0.0,0.0,0.0,0.0,0.0,0.0
1415,2017,7562,1112,Isaac Cofie,h,MC,147.0,0.0,0.0,0.0,0.0,0.0,0.0,0.0181927029043436,0.0,0.0181927029043436,0.0
6831,2017,7760,1112,Isaac Cofie,h,MC,237.0,0.0,0.0,2.0,0.0,0.0,0.0727035254240036,0.0181927029043436,0.0,0.2363032791763544,0.0
7083,2017,7804,1112,Isaac Cofie,a,Sub,327.0,0.0,0.0,2.0,0.0,0.0,0.0727035254240036,0.0181927029043436,0.0,0.2363032791763544,0.0
7264,2017,7810,1112,Isaac Cofie,h,Sub,354.0,0.0,0.0,3.0,0.0,0.0,0.0953869242221117,0.0181927029043436,0.0,0.3043534755706787,0.0
7578,2017,7823,1112,Isaac Cofie,a,Sub,376.0,0.0,0.0,4.0,0.0,0.0,0.15505456738173962,0.0181927029043436,0.0,0.4833564050495624,0.0
7914,2017,7833,1112,Isaac Cofie,h,MC,400.0,0.0,0.0,4.0,0.0,0.0,0.15505456738173962,0.0181927029043436,0.0,0.4833564050495624,0.0
8412,2017,7861,1112,Isaac Cofie,a,MC,466.0,0.0,0.0,4.0,1.0,0.0,0.15505456738173962,0.0181927029043436,0.0,-0.0166435949504376,0.0
