,season,matchId,playerId,player,homeOrAway,position,time,goals,assists,shots,yellowCard,redCard,xG,xA,bonus,xB,lastBonus
5362,2017,7722,6536,Iuri Medeiros,a,Sub,0.0,0.0,0.0,0.0,0.0,0.0,0.0,0.0,0.0,0.0,0.0
5853,2017,7755,6536,Iuri Medeiros,a,Sub,25.0,0.0,0.0,0.0,0.0,0.0,0.0,0.0,0.0,0.0,0.0
6832,2017,7760,6536,Iuri Medeiros,h,AMC,54.0,0.0,0.0,3.0,0.0,0.0,0.1269137412309646,0.0734183713793754,0.0,0.4541595950722694,0.0
7262,2017,7810,6536,Iuri Medeiros,h,FW,144.0,1.0,0.0,5.0,0.0,0.0,0.16487273946404452,0.15144509822130192,3.0,0.6460633166134357,3.0
7580,2017,7823,6536,Iuri Medeiros,a,Sub,225.0,1.0,1.0,11.0,1.0,0.0,0.38256289437413205,0.5861244574189185,4.0,1.233813140541315,1.0
7915,2017,7833,6536,Iuri Medeiros,h,FW,259.0,1.0,1.0,12.0,1.0,0.0,0.48535007610917075,0.5861244574189185,4.0,1.5421746857464314,0.0
8041,2017,7841,6536,Iuri Medeiros,a,FW,341.0,2.0,1.0,14.0,1.0,0.0,0.5422183685004709,0.9326269701123235,7.0,2.059282075613737,3.0
8309,2017,7853,6536,Iuri Medeiros,h,AMC,395.0,2.0,1.0,15.0,1.0,0.0,0.5610955115407703,0.9326269701123235,7.0,2.1159135047346354,0.0
8415,2017,7861,6536,Iuri Medeiros,a,FW,485.0,2.0,1.0,16.0,1.0,0.0,0.5772656481713054,1.3193916752934454,7.0,2.5511886198073626,0.0
8845,2017,7878,6536,Iuri Medeiros,h,FW,543.0,2.0,1.0,18.0,1.0,0.0,0.6408972945064303,1.3549252450466154,7.0,2.7776171285659075,0.0
