,season,matchId,playerId,player,homeOrAway,position,time,goals,assists,shots,yellowCard,redCard,xG,xA,bonus,xB,lastBonus
7064,2017,7749,6314,Joachim Andersen,h,Sub,0.0,0.0,0.0,0.0,0.0,0.0,0.0,0.0,0.0,0.0,0.0
8237,2017,7767,6314,Joachim Andersen,a,DC,4.0,0.0,0.0,0.0,0.0,0.0,0.0,0.0,0.0,0.0,0.0
9380,2017,7837,6314,Joachim Andersen,a,DC,94.0,0.0,0.0,2.0,0.0,0.0,0.0535923801362514,0.0,0.0,0.1607771404087543,0.0
9562,2017,7839,6314,Joachim Andersen,h,DC,184.0,0.0,0.0,2.0,0.0,0.0,0.0535923801362514,0.0,0.0,0.1607771404087543,0.0
9992,2017,7857,6314,Joachim Andersen,a,DC,274.0,0.0,0.0,2.0,0.0,0.0,0.0535923801362514,0.0,0.0,0.1607771404087543,0.0
10285,2017,7865,6314,Joachim Andersen,h,DC,364.0,0.0,0.0,3.0,0.0,0.0,0.0662805587053298,0.0,0.0,0.1988416761159896,0.0
10550,2017,7877,6314,Joachim Andersen,a,DC,454.0,0.0,0.0,3.0,0.0,0.0,0.0662805587053298,0.0,0.0,0.1988416761159896,0.0
