,season,matchId,playerId,player,homeOrAway,position,time,goals,assists,shots,yellowCard,redCard,xG,xA,bonus,xB,lastBonus
6799,2017,7797,3951,Kevin Bonifazi,a,Sub,0.0,0.0,0.0,0.0,0.0,0.0,0.0,0.0,0.0,0.0,0.0
6922,2017,7761,3951,Kevin Bonifazi,h,DC,42.0,0.0,0.0,0.0,0.0,0.0,0.0,0.0,0.0,0.0,0.0
7298,2017,7817,3951,Kevin Bonifazi,a,Sub,132.0,0.0,0.0,0.0,0.0,0.0,0.0,0.0,0.0,0.0,0.0
7875,2017,7838,3951,Kevin Bonifazi,a,MR,158.0,0.0,0.0,1.0,0.0,0.0,0.0236753430217504,0.0,0.0,0.0710260290652513,0.0
8339,2017,7858,3951,Kevin Bonifazi,a,DC,225.0,0.0,0.0,1.0,0.0,0.0,0.0236753430217504,0.0,0.0,0.0710260290652513,0.0
8850,2017,7878,3951,Kevin Bonifazi,a,DC,315.0,0.0,0.0,1.0,0.0,0.0,0.0236753430217504,0.0,0.0,0.0710260290652513,0.0
