,season,matchId,playerId,player,homeOrAway,position,time,goals,assists,shots,yellowCard,redCard,xG,xA,bonus,xB,lastBonus
1298,2017,7552,6285,Lee Seung-Woo,h,Sub,0.0,0.0,0.0,0.0,0.0,0.0,0.0,0.0,0.0,0.0,0.0
2139,2017,7589,6285,Lee Seung-Woo,a,Sub,19.0,0.0,0.0,1.0,0.0,0.0,0.0211340244859457,0.0141710834577679,0.0,0.077573156915605,0.0
3444,2017,7643,6285,Lee Seung-Woo,h,Sub,36.0,0.0,0.0,1.0,0.0,0.0,0.0211340244859457,0.0141710834577679,0.0,0.077573156915605,0.0
4111,2017,7678,6285,Lee Seung-Woo,a,Sub,52.0,0.0,0.0,1.0,0.0,0.0,0.0211340244859457,0.0141710834577679,0.0,0.077573156915605,0.0
5187,2017,7725,6285,Lee Seung-Woo,h,Sub,85.0,0.0,0.0,3.0,0.0,0.0,0.0757648590952157,0.0141710834577679,0.0,0.2414656607434153,0.0
7391,2017,7811,6285,Lee Seung-Woo,a,Sub,104.0,0.0,0.0,4.0,0.0,0.0,0.140037404373288,0.0141710834577679,0.0,0.4342832965776323,0.0
7660,2017,7827,6285,Lee Seung-Woo,h,Sub,126.0,0.0,0.0,5.0,1.0,0.0,0.16878309473395328,0.0141710834577679,0.0,0.020520367659628336,0.0
8181,2017,7854,6285,Lee Seung-Woo,a,Sub,150.0,0.0,0.0,5.0,2.0,0.0,0.16878309473395328,0.0585992420092224,0.0,-0.43505147378891706,0.0
8542,2017,7868,6285,Lee Seung-Woo,h,FW,181.0,1.0,0.0,6.0,2.0,0.0,0.21073390170931788,0.0585992420092224,3.0,-0.30919905286282307,3.0
