,season,matchId,playerId,player,homeOrAway,position,time,goals,assists,shots,yellowCard,redCard,xG,xA,bonus,xB,lastBonus
6248,2017,7775,1358,Leonardo Capezzi,a,Sub,0.0,0.0,0.0,0.0,0.0,0.0,0.0,0.0,0.0,0.0,0.0
6889,2017,7767,1358,Leonardo Capezzi,a,MC,31.0,0.0,0.0,0.0,0.0,0.0,0.0,0.22305928170681,0.0,0.22305928170681,0.0
8830,2017,7877,1358,Leonardo Capezzi,a,MC,121.0,0.0,0.0,0.0,0.0,0.0,0.0,0.4029494374990463,0.0,0.4029494374990463,0.0
