,season,matchId,playerId,player,homeOrAway,position,time,goals,assists,shots,yellowCard,redCard,xG,xA,bonus,xB,lastBonus
5387,2017,7737,4908,Lorenco Simic,h,DC,0.0,0.0,0.0,0.0,0.0,0.0,0.0,0.0,0.0,0.0,0.0
5892,2017,7751,4908,Lorenco Simic,a,DC,90.0,0.0,0.0,1.0,1.0,0.0,0.0472920499742031,0.0,0.0,-0.3581238500773906,0.0
7706,2017,7836,4908,Lorenco Simic,h,Sub,180.0,1.0,0.0,2.0,1.0,0.0,0.1688517071306705,0.0,3.0,0.006555121392011698,3.0
8814,2017,7877,4908,Lorenco Simic,h,DC,221.0,1.0,0.0,2.0,1.0,0.0,0.1688517071306705,0.0,3.0,0.006555121392011698,0.0
