,season,matchId,playerId,player,homeOrAway,position,time,goals,assists,shots,yellowCard,redCard,xG,xA,bonus,xB,lastBonus
1541,2017,7566,1457,Luca Rizzo,h,Sub,0.0,0.0,0.0,0.0,0.0,0.0,0.0,0.0,0.0,0.0,0.0
1718,2017,7569,1457,Luca Rizzo,a,Sub,17.0,0.0,0.0,1.0,0.0,0.0,0.0200291015207767,0.0,0.0,0.0600873045623302,0.0
1987,2017,7586,1457,Luca Rizzo,h,Sub,48.0,0.0,0.0,2.0,0.0,0.0,0.0561300963163375,0.0,0.0,0.1683902889490127,0.0
2278,2017,7596,1457,Luca Rizzo,a,MC,68.0,0.0,0.0,2.0,0.0,0.0,0.0561300963163375,0.0,0.0,0.1683902889490127,0.0
2745,2017,7609,1457,Luca Rizzo,a,Sub,146.0,0.0,0.0,2.0,0.0,0.0,0.0561300963163375,0.0,0.0,0.1683902889490127,0.0
3042,2017,7632,1457,Luca Rizzo,a,MC,173.0,1.0,0.0,3.0,0.0,0.0,0.09159434214234341,0.0,3.0,0.2747830264270305,3.0
3246,2017,7646,1457,Luca Rizzo,a,MC,263.0,1.0,0.0,7.0,0.0,0.0,0.2795626558363436,0.0,3.0,0.8386879675090313,0.0
3555,2017,7657,1457,Luca Rizzo,h,MC,353.0,1.0,0.0,7.0,0.0,0.0,0.2795626558363436,0.0,3.0,0.8386879675090313,0.0
4512,2017,7695,1457,Luca Rizzo,h,Sub,419.0,1.0,0.0,8.0,0.0,0.0,0.3190641589462755,0.0439703948795795,3.0,1.0011628717184067,0.0
