,season,matchId,playerId,player,homeOrAway,position,time,goals,assists,shots,yellowCard,redCard,xG,xA,bonus,xB,lastBonus
968,2017,7539,1993,Luca Vido,h,Sub,0.0,0.0,0.0,0.0,0.0,0.0,0.0,0.0,0.0,0.0,0.0
1786,2017,7577,1993,Luca Vido,a,Sub,18.0,0.0,0.0,3.0,0.0,0.0,0.1755901128053665,0.0,0.0,0.5267703384160995,0.0
2516,2017,7608,1993,Luca Vido,a,Sub,36.0,0.0,0.0,3.0,0.0,0.0,0.1755901128053665,0.0503191910684108,0.0,0.5770895294845103,0.0
