,season,matchId,playerId,player,homeOrAway,position,time,goals,assists,shots,yellowCard,redCard,xG,xA,bonus,xB,lastBonus
211,2017,7507,4010,Luca Garritano,a,Sub,0.0,0.0,0.0,0.0,0.0,0.0,0.0,0.0,0.0,0.0,0.0
1810,2017,7578,4010,Luca Garritano,a,Sub,15.0,0.0,0.0,0.0,0.0,0.0,0.0,0.0,0.0,0.0,0.0
3383,2017,7644,4010,Luca Garritano,a,Sub,52.0,0.0,0.0,1.0,0.0,0.0,0.0314779616892337,0.0,0.0,0.0944338850677013,0.0
3936,2017,7670,4010,Luca Garritano,h,Sub,73.0,0.0,0.0,1.0,0.0,0.0,0.0314779616892337,0.0,0.0,0.0944338850677013,0.0
4249,2017,7680,4010,Luca Garritano,a,Sub,93.0,0.0,0.0,2.0,0.0,0.0,0.0546529702842234,0.0,0.0,0.16395891085267061,0.0
