,season,matchId,playerId,player,homeOrAway,position,time,goals,assists,shots,yellowCard,redCard,xG,xA,bonus,xB,lastBonus
628,2017,7520,1482,Luca Antei,h,DC,0.0,0.0,0.0,0.0,0.0,0.0,0.0,0.0,0.0,0.0,0.0
804,2017,7534,1482,Luca Antei,a,DC,90.0,0.0,0.0,0.0,0.0,0.0,0.0,0.0,0.0,0.0,0.0
1848,2017,7573,1482,Luca Antei,a,DC,121.0,0.0,0.0,0.0,0.0,0.0,0.0,0.0,0.0,0.0,0.0
2177,2017,7591,1482,Luca Antei,a,DC,157.0,0.0,0.0,0.0,0.0,1.0,0.0,0.0,0.0,-0.5,0.0
2377,2017,7599,1482,Luca Antei,h,DC,247.0,0.0,0.0,0.0,0.0,1.0,0.0,0.0,0.0,-0.5,0.0
2712,2017,7616,1482,Luca Antei,a,DC,337.0,0.0,0.0,0.0,0.0,1.0,0.0,0.0,0.0,-0.5,0.0
2839,2017,7619,1482,Luca Antei,h,DC,427.0,0.0,0.0,0.0,1.0,1.0,0.0,0.0,0.0,-1.0,0.0
3585,2017,7658,1482,Luca Antei,a,DC,517.0,0.0,0.0,1.0,1.0,1.0,0.0317189656198024,0.0,0.0,-0.9048431031405926,0.0
