,season,matchId,playerId,player,homeOrAway,position,time,goals,assists,shots,yellowCard,redCard,xG,xA,bonus,xB,lastBonus
431,2017,7513,1590,Luca Antonelli,h,Sub,0.0,0.0,0.0,0.0,0.0,0.0,0.0,0.0,0.0,0.0,0.0
2775,2017,7602,1590,Luca Antonelli,h,Sub,1.0,0.0,0.0,0.0,0.0,0.0,0.0,0.0,0.0,0.0,0.0
3292,2017,7618,1590,Luca Antonelli,a,Sub,29.0,0.0,0.0,0.0,0.0,0.0,0.0,0.0,0.0,0.0,0.0
6053,2017,7716,1590,Luca Antonelli,h,DL,34.0,0.0,0.0,0.0,0.0,0.0,0.0,0.0,0.0,0.0,0.0
6298,2017,7723,1590,Luca Antonelli,a,Sub,106.0,0.0,0.0,0.0,1.0,0.0,0.0,0.029830377548933,-0.5,-0.4701696224510669,-0.5
10461,2017,7873,1590,Luca Antonelli,h,Sub,125.0,0.0,0.0,0.0,1.0,0.0,0.0,0.029830377548933,-0.5,-0.4701696224510669,0.0
