,season,matchId,playerId,player,homeOrAway,position,time,goals,assists,shots,yellowCard,redCard,xG,xA,bonus,xB,lastBonus
318,2017,7511,1478,Marcello Gazzola,a,DL,0.0,0.0,0.0,0.0,0.0,0.0,0.0,0.0,0.0,0.0,0.0
1787,2017,7578,1478,Marcello Gazzola,h,DR,68.0,0.0,0.0,1.0,0.0,0.0,0.0119821624830365,0.0,0.0,0.0359464874491095,0.0
1989,2017,7586,1478,Marcello Gazzola,a,DR,140.0,0.0,0.0,1.0,1.0,0.0,0.0119821624830365,0.0890093147754669,0.0,-0.3750441977754236,0.0
2306,2017,7598,1478,Marcello Gazzola,h,DR,230.0,0.0,0.0,1.0,1.0,0.0,0.0119821624830365,0.0890093147754669,0.0,-0.3750441977754236,0.0
2436,2017,7603,1478,Marcello Gazzola,a,DR,320.0,0.0,0.0,1.0,1.0,0.0,0.0119821624830365,0.11050902120769021,0.0,-0.35354449134320026,0.0
2746,2017,7618,1478,Marcello Gazzola,h,DR,410.0,0.0,0.0,1.0,1.0,0.0,0.0119821624830365,0.11050902120769021,0.0,-0.35354449134320026,0.0
2850,2017,7619,1478,Marcello Gazzola,a,DR,500.0,0.0,0.0,1.0,1.0,0.0,0.0119821624830365,0.20867416821420182,0.0,-0.25537934433668863,0.0
3046,2017,7637,1478,Marcello Gazzola,h,DR,590.0,0.0,0.0,1.0,1.0,0.0,0.0119821624830365,0.2582345996052025,0.0,-0.20581891294568794,0.0
3353,2017,7642,1478,Marcello Gazzola,a,DMR,680.0,0.0,0.0,1.0,1.0,0.0,0.0119821624830365,0.3110854793339966,0.0,-0.15296803321689384,0.0
