,season,matchId,playerId,player,homeOrAway,position,time,goals,assists,shots,yellowCard,redCard,xG,xA,bonus,xB,lastBonus
109,2017,7503,1420,Maximiliano Olivera,a,DL,0.0,0.0,0.0,0.0,0.0,0.0,0.0,0.0,0.0,0.0,0.0
1370,2017,7551,1420,Maximiliano Olivera,h,Sub,90.0,0.0,0.0,1.0,0.0,0.0,0.009686080738902,0.0177217479795217,0.0,0.046779990196228,0.0
2424,2017,7600,1420,Maximiliano Olivera,a,Sub,111.0,0.0,0.0,1.0,0.0,0.0,0.009686080738902,0.034033378586173,0.0,0.0630916208028793,0.0
2900,2017,7626,1420,Maximiliano Olivera,a,DL,154.0,0.0,0.0,1.0,0.0,0.0,0.009686080738902,0.1142198648303746,0.0,0.1432781070470809,0.0
6643,2017,7790,1420,Maximiliano Olivera,h,DL,202.0,0.0,0.0,2.0,0.0,0.0,0.0237945374101399,0.1142198648303746,0.0,0.18560347706079472,0.0
7733,2017,7832,1420,Maximiliano Olivera,a,DL,292.0,0.0,0.0,3.0,1.0,0.0,0.09272390417754629,0.1821138467639683,0.0,-0.039714440703392084,0.0
8768,2017,7873,1420,Maximiliano Olivera,a,Sub,352.0,0.0,0.0,3.0,1.0,0.0,0.09272390417754629,0.1821138467639683,0.0,-0.039714440703392084,0.0
