,season,matchId,playerId,player,homeOrAway,position,time,goals,assists,shots,yellowCard,redCard,xG,xA,bonus,xB,lastBonus
1137,2017,7540,3274,Maxime Gonalons,a,MC,0.0,0.0,0.0,0.0,0.0,0.0,0.0,0.0,0.0,0.0,0.0
2714,2017,7597,3274,Maxime Gonalons,h,MC,90.0,0.0,0.0,1.0,0.0,0.0,0.0182492975145578,0.0352681577205657,0.0,0.0900160502642393,0.0
3201,2017,7613,3274,Maxime Gonalons,a,MC,180.0,0.0,0.0,3.0,0.0,0.0,0.0952107552438974,0.1178387701511382,0.0,0.4034710358828306,0.0
3709,2017,7633,3274,Maxime Gonalons,a,Sub,270.0,0.0,1.0,3.0,1.0,0.0,0.0952107552438974,0.1649046838283537,0.5,-0.049463050439953804,0.5
3855,2017,7646,3274,Maxime Gonalons,h,MC,282.0,0.0,1.0,3.0,1.0,0.0,0.0952107552438974,0.1649046838283537,0.5,-0.049463050439953804,0.0
4200,2017,7650,3274,Maxime Gonalons,a,MC,346.0,0.0,1.0,4.0,2.0,0.0,0.1812318954616784,0.2069429010152814,0.0,-0.2493614125996828,-0.5
5468,2017,7689,3274,Maxime Gonalons,h,MC,436.0,0.0,1.0,8.0,2.0,0.0,0.3724689576774834,0.2400254942476746,0.0,0.3574323672801256,0.0
7314,2017,7777,3274,Maxime Gonalons,h,Sub,526.0,0.0,1.0,8.0,2.0,0.0,0.3724689576774834,0.2869536764919754,0.0,0.4043605495244264,0.0
7825,2017,7787,3274,Maxime Gonalons,a,MC,527.0,0.0,1.0,8.0,2.0,0.0,0.3724689576774834,0.2869536764919754,0.0,0.4043605495244264,0.0
8422,2017,7803,3274,Maxime Gonalons,h,MC,617.0,0.0,1.0,8.0,2.0,0.0,0.3724689576774834,0.2869536764919754,0.0,0.4043605495244264,0.0
9033,2017,7823,3274,Maxime Gonalons,h,MC,707.0,0.0,1.0,10.0,2.0,0.0,0.39475325308740117,0.3532226793467994,0.0,0.5374824386090039,0.0
9216,2017,7836,3274,Maxime Gonalons,a,MC,797.0,0.0,1.0,10.0,2.0,0.0,0.39475325308740117,0.6884042136371131,0.0,0.8726639728993176,0.0
9487,2017,7840,3274,Maxime Gonalons,h,Sub,887.0,0.0,1.0,10.0,2.0,0.0,0.39475325308740117,0.6884042136371131,0.0,0.8726639728993176,0.0
10024,2017,7856,3274,Maxime Gonalons,a,DMC,896.0,0.0,1.0,10.0,2.0,0.0,0.39475325308740117,0.6884042136371131,0.0,0.8726639728993176,0.0
10268,2017,7862,3274,Maxime Gonalons,h,Sub,986.0,0.0,1.0,11.0,2.0,0.0,0.44348475523292985,0.7718809880316252,0.0,1.102335253730416,0.0
10527,2017,7876,3274,Maxime Gonalons,a,MC,1003.0,0.0,1.0,11.0,2.0,0.0,0.44348475523292985,0.7718809880316252,0.0,1.102335253730416,0.0
