,season,matchId,playerId,player,homeOrAway,position,time,goals,assists,shots,yellowCard,redCard,xG,xA,bonus,xB,lastBonus
991,2017,7542,1414,Niccolò Giannetti,h,Sub,0.0,0.0,0.0,0.0,0.0,0.0,0.0,0.0,0.0,0.0,0.0
1247,2017,7549,1414,Niccolò Giannetti,h,FW,36.0,0.0,0.0,3.0,1.0,0.0,0.9357985854148864,0.0,0.0,2.3073957562446594,0.0
4984,2017,7712,1414,Niccolò Giannetti,a,FW,126.0,0.0,0.0,3.0,1.0,0.0,0.9357985854148864,0.0733568668365478,0.0,2.3807526230812073,0.0
7477,2017,7821,1414,Niccolò Giannetti,a,MR,196.0,0.0,0.0,4.0,1.0,0.0,0.994539551436901,0.0733568668365478,0.0,2.556975521147251,0.0
