,season,matchId,playerId,player,homeOrAway,position,time,goals,assists,shots,yellowCard,redCard,xG,xA,bonus,xB,lastBonus
3248,2017,7609,6161,Nicolas Haas,h,Sub,0.0,0.0,0.0,0.0,0.0,0.0,0.0,0.0,0.0,0.0,0.0
3543,2017,7622,6161,Nicolas Haas,a,Sub,13.0,0.0,0.0,0.0,0.0,0.0,0.0,0.0,0.0,0.0,0.0
5530,2017,7705,6161,Nicolas Haas,h,Sub,25.0,0.0,0.0,0.0,0.0,0.0,0.0,0.0,0.0,0.0,0.0
6897,2017,7743,6161,Nicolas Haas,h,Sub,39.0,0.0,0.0,1.0,0.0,0.0,0.041245125234127,0.032568410038948,0.0,0.1563037857413292,0.0
7603,2017,7756,6161,Nicolas Haas,a,MC,46.0,0.0,0.0,1.0,0.0,0.0,0.041245125234127,0.032568410038948,0.0,0.1563037857413292,0.0
7719,2017,7779,6161,Nicolas Haas,a,Sub,103.0,0.0,0.0,2.0,0.0,0.0,0.0795274674892425,0.032568410038948,0.0,0.2711508125066757,0.0
8092,2017,7798,6161,Nicolas Haas,h,Sub,104.0,0.0,0.0,2.0,0.0,0.0,0.0795274674892425,0.032568410038948,0.0,0.2711508125066757,0.0
8232,2017,7767,6161,Nicolas Haas,h,Sub,105.0,0.0,0.0,2.0,0.0,0.0,0.0795274674892425,0.032568410038948,0.0,0.2711508125066757,0.0
10241,2017,7864,6161,Nicolas Haas,h,Sub,137.0,0.0,0.0,2.0,0.0,0.0,0.0795274674892425,0.032568410038948,0.0,0.2711508125066757,0.0
