,season,matchId,playerId,player,homeOrAway,position,time,goals,assists,shots,yellowCard,redCard,xG,xA,bonus,xB,lastBonus
513,2017,7517,1863,Oliver Kragl,h,Sub,0.0,0.0,0.0,0.0,0.0,0.0,0.0,0.0,0.0,0.0,0.0
669,2017,7522,1863,Oliver Kragl,a,Sub,22.0,0.0,0.0,0.0,0.0,0.0,0.0,0.0,0.0,0.0,0.0
1170,2017,7539,1863,Oliver Kragl,a,Sub,46.0,0.0,0.0,0.0,0.0,0.0,0.0,0.0187226291745901,0.0,0.0187226291745901,0.0
4318,2017,7656,1863,Oliver Kragl,a,Sub,77.0,0.0,0.0,0.0,0.0,0.0,0.0,0.0187226291745901,0.0,0.0187226291745901,0.0
5350,2017,7691,1863,Oliver Kragl,a,Sub,87.0,0.0,0.0,0.0,0.0,0.0,0.0,0.0187226291745901,0.0,0.0187226291745901,0.0
