,season,matchId,playerId,player,homeOrAway,position,time,goals,assists,shots,yellowCard,redCard,xG,xA,bonus,xB,lastBonus
2999,2017,7621,4929,Orji Okwonkwo,a,Sub,0.0,0.0,0.0,0.0,0.0,0.0,0.0,0.0,0.0,0.0,0.0
3010,2017,7630,4929,Orji Okwonkwo,h,Sub,31.0,1.0,0.0,1.0,0.0,0.0,0.3739605844020843,0.0,3.0,1.121881753206253,3.0
3643,2017,7654,4929,Orji Okwonkwo,a,Sub,49.0,2.0,0.0,2.0,0.0,0.0,0.8509742319583892,0.0,6.0,2.552922695875168,3.0
3793,2017,7661,4929,Orji Okwonkwo,h,AMC,66.0,2.0,0.0,2.0,0.0,0.0,0.8509742319583892,0.0,6.0,2.552922695875168,0.0
4459,2017,7690,4929,Orji Okwonkwo,a,Sub,136.0,2.0,0.0,3.0,0.0,0.0,0.9137792512774465,0.0,6.0,2.7413377538323402,0.0
