,season,matchId,playerId,player,homeOrAway,position,time,goals,assists,shots,yellowCard,redCard,xG,xA,bonus,xB,lastBonus
1074,2017,7532,4932,Pietro Pellegri,h,Sub,0.0,0.0,0.0,0.0,0.0,0.0,0.0,0.0,0.0,0.0,0.0
1210,2017,7543,4932,Pietro Pellegri,h,FW,58.0,2.0,0.0,2.0,0.0,0.0,0.4106749296188354,0.0293457899242639,6.0,1.2613705787807703,6.0
1588,2017,7553,4932,Pietro Pellegri,a,FW,148.0,2.0,0.0,5.0,1.0,0.0,0.5783377438783646,0.0293457899242639,5.5,1.2643590215593576,-0.5
1686,2017,7562,4932,Pietro Pellegri,h,FW,222.0,2.0,0.0,7.0,1.0,0.0,1.0242149382829666,0.0293457899242639,5.5,2.601990604773164,0.0
2957,2017,7606,4932,Pietro Pellegri,a,Sub,268.0,2.0,0.0,7.0,2.0,0.0,1.0242149382829666,0.040957307443022596,5.0,2.1136021222919226,-0.5
3082,2017,7614,4932,Pietro Pellegri,h,Sub,276.0,2.0,0.0,7.0,2.0,0.0,1.0242149382829666,0.040957307443022596,5.0,2.1136021222919226,0.0
