,season,matchId,playerId,player,homeOrAway,position,time,goals,assists,shots,yellowCard,redCard,xG,xA,bonus,xB,lastBonus
1046,2017,7544,1231,Ricardo Álvarez,a,AMC,0.0,0.0,0.0,0.0,0.0,0.0,0.0,0.0,0.0,0.0,0.0
3021,2017,7630,1231,Ricardo Álvarez,a,Sub,52.0,0.0,0.0,2.0,0.0,0.0,0.0430521741509437,0.1026414334774017,0.0,0.231797955930233,0.0
5103,2017,7717,1231,Ricardo Álvarez,a,Sub,73.0,0.0,0.0,3.0,0.0,0.0,0.056022411212325,0.1390912495553493,0.0,0.3071584831923246,0.0
5539,2017,7734,1231,Ricardo Álvarez,h,Sub,91.0,0.0,0.0,3.0,0.0,0.0,0.056022411212325,0.1390912495553493,0.0,0.3071584831923246,0.0
5910,2017,7749,1231,Ricardo Álvarez,h,Sub,109.0,0.0,0.0,4.0,0.0,0.0,0.1345720570534466,0.1390912495553493,0.0,0.5428074207156895,0.0
6732,2017,7795,1231,Ricardo Álvarez,a,Sub,156.0,0.0,1.0,4.0,0.0,0.0,0.1345720570534466,0.2394587881863116,1.0,0.6431749593466518,1.0
6891,2017,7767,1231,Ricardo Álvarez,a,AMC,172.0,0.0,1.0,5.0,0.0,0.0,0.1801708135753868,0.2394587881863116,1.0,0.7799712289124725,0.0
