,season,matchId,playerId,player,homeOrAway,position,time,goals,assists,shots,yellowCard,redCard,xG,xA,bonus,xB,lastBonus
948,2017,7533,6207,Rijad Bajic,a,Sub,0.0,0.0,0.0,0.0,0.0,0.0,0.0,0.0,0.0,0.0,0.0
1395,2017,7555,6207,Rijad Bajic,a,Sub,28.0,0.0,0.0,1.0,0.0,0.0,0.0736057311296463,0.0,0.0,0.2208171933889389,0.0
2412,2017,7588,6207,Rijad Bajic,h,Sub,47.0,0.0,0.0,2.0,0.0,0.0,0.2014565616846084,0.0,0.0,0.6043696850538254,0.0
3500,2017,7628,6207,Rijad Bajic,h,Sub,53.0,0.0,0.0,2.0,0.0,0.0,0.2014565616846084,0.0538444519042968,0.0,0.6582141369581221,0.0
3750,2017,7638,6207,Rijad Bajic,h,Sub,64.0,0.0,0.0,2.0,0.0,0.0,0.2014565616846084,0.12279499322175969,0.0,0.7271646782755851,0.0
