,season,matchId,playerId,player,homeOrAway,position,time,goals,assists,shots,yellowCard,redCard,xG,xA,bonus,xB,lastBonus
55,2017,7501,6155,Robin Gosens,h,ML,0.0,0.0,0.0,0.0,0.0,0.0,0.0,0.0,0.0,0.0,0.0
387,2017,7514,6155,Robin Gosens,a,DML,90.0,0.0,0.0,1.0,0.0,0.0,0.0286222118884325,0.0,0.0,0.0858666356652975,0.0
515,2017,7519,6155,Robin Gosens,h,ML,180.0,0.0,0.0,1.0,0.0,0.0,0.0286222118884325,0.0,0.0,0.0858666356652975,0.0
962,2017,7539,6155,Robin Gosens,h,DML,250.0,0.0,0.0,2.0,0.0,0.0,0.05168261192739,0.0,0.0,0.15504783578217018,0.0
2121,2017,7589,6155,Robin Gosens,h,DML,340.0,0.0,0.0,2.0,0.0,0.0,0.05168261192739,0.04556106030941,0.0,0.20060889609158017,0.0
4629,2017,7705,6155,Robin Gosens,h,Sub,430.0,0.0,1.0,3.0,0.0,0.0,0.1256786268204449,0.4742534309625624,1.0,0.8512893114238975,1.0
4912,2017,7709,6155,Robin Gosens,a,ML,457.0,0.0,1.0,3.0,0.0,0.0,0.1256786268204449,0.4742534309625624,1.0,0.8512893114238975,0.0
5766,2017,7743,6155,Robin Gosens,h,ML,532.0,0.0,1.0,3.0,0.0,0.0,0.1256786268204449,0.4742534309625624,1.0,0.8512893114238975,0.0
6357,2017,7756,6155,Robin Gosens,a,DML,622.0,0.0,1.0,3.0,0.0,0.0,0.1256786268204449,0.4943786952644584,1.0,0.8714145757257935,0.0
6762,2017,7798,6155,Robin Gosens,h,ML,687.0,0.0,1.0,3.0,0.0,0.0,0.1256786268204449,0.4943786952644584,1.0,0.8714145757257935,0.0
7031,2017,7799,6155,Robin Gosens,a,ML,777.0,0.0,1.0,5.0,0.0,0.0,0.1894681137055157,0.8303588721901176,1.0,1.398763213306665,0.0
7303,2017,7812,6155,Robin Gosens,h,DML,867.0,0.0,1.0,7.0,0.0,0.0,0.3047217559069393,0.9629295859485862,1.0,1.8770948536694045,0.0
7505,2017,7819,6155,Robin Gosens,a,ML,947.0,0.0,1.0,9.0,0.0,0.0,0.3286213818937538,1.2901530060917137,1.0,2.2760171517729755,0.0
7865,2017,7838,6155,Robin Gosens,h,DML,1037.0,0.0,1.0,9.0,0.0,0.0,0.3286213818937538,1.2901530060917137,1.0,2.2760171517729755,0.0
8024,2017,7841,6155,Robin Gosens,h,DML,1127.0,1.0,1.0,10.0,0.0,0.0,1.0052521768957374,1.320081166923046,4.0,4.335837697610259,3.0
8247,2017,7849,6155,Robin Gosens,a,DML,1217.0,1.0,1.0,10.0,0.0,0.0,1.0052521768957374,1.320081166923046,4.0,4.335837697610259,0.0
8563,2017,7864,6155,Robin Gosens,h,ML,1307.0,1.0,1.0,11.0,0.0,0.0,1.6480542961508033,1.8292152211070059,4.0,6.773378109559417,0.0
8667,2017,7869,6155,Robin Gosens,a,ML,1397.0,1.0,1.0,11.0,1.0,0.0,1.6480542961508033,1.9986067637801168,4.0,6.442769652232528,0.0
