,season,matchId,playerId,player,homeOrAway,position,time,goals,assists,shots,yellowCard,redCard,xG,xA,bonus,xB,lastBonus
1242,2017,7549,1549,Senna Miangue,h,DL,0.0,0.0,0.0,0.0,0.0,0.0,0.0,0.0,0.0,0.0,0.0
2168,2017,7591,1549,Senna Miangue,h,DML,90.0,0.0,0.0,2.0,0.0,0.0,0.0325179323554039,0.0,0.0,0.0975537970662117,0.0
4219,2017,7679,1549,Senna Miangue,a,DML,180.0,0.0,0.0,2.0,0.0,0.0,0.0325179323554039,0.0780388191342353,0.0,0.175592616200447,0.0
6205,2017,7772,1549,Senna Miangue,h,DML,270.0,0.0,0.0,2.0,0.0,1.0,0.0325179323554039,0.0780388191342353,0.0,-0.32440738379955303,0.0
6473,2017,7781,1549,Senna Miangue,a,DML,360.0,0.0,0.0,2.0,0.0,1.0,0.0325179323554039,0.2138997092843055,0.0,-0.18854649364948284,0.0
6781,2017,7797,1549,Senna Miangue,h,DML,450.0,0.0,1.0,3.0,0.0,1.0,0.0500364024192094,0.8513502255082129,1.0,0.5014594327658414,1.0
7153,2017,7801,1549,Senna Miangue,a,Sub,540.0,0.0,1.0,3.0,0.0,1.0,0.0500364024192094,0.8513502255082129,1.0,0.5014594327658414,0.0
7232,2017,7818,1549,Senna Miangue,h,DML,620.0,0.0,1.0,3.0,0.0,1.0,0.0500364024192094,0.9167442694306372,1.0,0.5668534766882657,0.0
7480,2017,7821,1549,Senna Miangue,a,ML,687.0,0.0,1.0,3.0,0.0,1.0,0.0500364024192094,0.9665931239724157,1.0,0.6167023312300441,0.0
