,season,matchId,playerId,player,homeOrAway,position,time,goals,assists,shots,yellowCard,redCard,xG,xA,bonus,xB,lastBonus
222,2017,7507,1158,Simone Scuffet,h,GK,0.0,0.0,0.0,0.0,0.0,0.0,0.0,0.0,0.0,0.0,0.0
404,2017,7512,1158,Simone Scuffet,a,GK,90.0,0.0,0.0,0.0,0.0,0.0,0.0,0.0,0.0,0.0,0.0
698,2017,7528,1158,Simone Scuffet,h,GK,180.0,0.0,0.0,0.0,0.0,0.0,0.0,0.0,0.0,0.0,0.0
936,2017,7533,1158,Simone Scuffet,a,GK,270.0,0.0,0.0,0.0,0.0,0.0,0.0,0.0,0.0,0.0,0.0
1341,2017,7548,1158,Simone Scuffet,h,GK,360.0,0.0,0.0,0.0,0.0,0.0,0.0,0.0,0.0,0.0,0.0
3738,2017,7638,1158,Simone Scuffet,h,GK,450.0,0.0,0.0,0.0,0.0,0.0,0.0,0.011935694143176,0.0,0.011935694143176,0.0
