,season,matchId,playerId,player,homeOrAway,position,time,goals,assists,shots,yellowCard,redCard,xG,xA,bonus,xB,lastBonus
314,2017,7511,2010,Simone Edera,h,Sub,0.0,0.0,0.0,0.0,0.0,0.0,0.0,0.0,0.0,0.0,0.0
3667,2017,7653,2010,Simone Edera,a,Sub,16.0,0.0,0.0,1.0,0.0,0.0,0.0800616443157196,0.0,0.0,0.2401849329471588,0.0
7094,2017,7805,2010,Simone Edera,h,Sub,31.0,1.0,0.0,2.0,0.0,0.0,0.135295744985342,0.0812129378318786,3.0,0.48710017278790474,3.0
7637,2017,7826,2010,Simone Edera,h,Sub,47.0,1.0,0.0,3.0,0.0,0.0,0.1560166608542203,0.0812129378318786,3.0,0.5492629203945397,0.0
7881,2017,7838,2010,Simone Edera,a,FW,73.0,1.0,0.0,5.0,0.0,0.0,0.2121134269982575,0.0812129378318786,3.0,0.7175532188266515,0.0
8142,2017,7843,2010,Simone Edera,h,AMC,157.0,1.0,1.0,6.0,0.0,0.0,0.2391391862183807,0.1481466963887214,4.0,0.865564255043864,1.0
8860,2017,7878,2010,Simone Edera,a,Sub,219.0,1.0,1.0,6.0,0.0,0.0,0.2391391862183807,0.20724647864699353,4.0,0.9246640373021361,0.0
