,season,matchId,playerId,player,homeOrAway,position,time,goals,assists,shots,yellowCard,redCard,xG,xA,bonus,xB,lastBonus
1841,2017,7566,1818,Stefan Simic,a,Sub,0.0,0.0,0.0,0.0,0.0,0.0,0.0,0.0,0.0,0.0,0.0
2229,2017,7585,1818,Stefan Simic,a,Sub,7.0,0.0,0.0,0.0,0.0,0.0,0.0,0.0,0.0,0.0,0.0
2723,2017,7597,1818,Stefan Simic,a,DC,50.0,0.0,0.0,0.0,0.0,0.0,0.0,0.0,0.0,0.0,0.0
2849,2017,7600,1818,Stefan Simic,h,DC,140.0,0.0,0.0,1.0,0.0,0.0,0.0419918596744537,0.0,0.0,0.1259755790233612,0.0
3058,2017,7610,1818,Stefan Simic,a,DC,230.0,0.0,0.0,1.0,1.0,0.0,0.0419918596744537,0.0,-0.5,-0.3740244209766388,-0.5
3351,2017,7620,1818,Stefan Simic,h,DC,320.0,0.0,0.0,1.0,2.0,0.0,0.0419918596744537,0.0,-1.0,-0.8740244209766388,-0.5
4074,2017,7641,1818,Stefan Simic,h,DC,410.0,0.0,0.0,2.0,2.0,0.0,0.12184999138116831,0.0,-1.0,-0.6344500258564949,0.0
4963,2017,7682,1818,Stefan Simic,h,DC,500.0,0.0,0.0,2.0,2.0,0.0,0.12184999138116831,0.0,-1.0,-0.6344500258564949,0.0
6187,2017,7720,1818,Stefan Simic,a,Sub,546.0,0.0,0.0,2.0,2.0,0.0,0.12184999138116831,0.0,-1.0,-0.6344500258564949,0.0
