,season,matchId,playerId,player,homeOrAway,position,time,goals,assists,shots,yellowCard,redCard,xG,xA,bonus,xB,lastBonus
1879,2017,7585,1818,Stefan Simic,a,Sub,0.0,0.0,0.0,0.0,0.0,0.0,0.0,0.0,0.0,0.0,0.0
2296,2017,7597,1818,Stefan Simic,a,DC,43.0,0.0,0.0,0.0,0.0,0.0,0.0,0.0,0.0,0.0,0.0
2402,2017,7600,1818,Stefan Simic,h,DC,133.0,0.0,0.0,1.0,0.0,0.0,0.0419918596744537,0.0,0.0,0.1259755790233612,0.0
2577,2017,7610,1818,Stefan Simic,a,DC,223.0,0.0,0.0,1.0,1.0,0.0,0.0419918596744537,0.0,0.0,-0.3740244209766388,0.0
2816,2017,7620,1818,Stefan Simic,h,DC,313.0,0.0,0.0,1.0,2.0,0.0,0.0419918596744537,0.0,0.0,-0.8740244209766388,0.0
3410,2017,7641,1818,Stefan Simic,h,DC,403.0,0.0,0.0,2.0,2.0,0.0,0.12184999138116831,0.0,0.0,-0.6344500258564949,0.0
4156,2017,7682,1818,Stefan Simic,h,DC,493.0,0.0,0.0,2.0,2.0,0.0,0.12184999138116831,0.0,0.0,-0.6344500258564949,0.0
