,season,matchId,playerId,player,homeOrAway,position,time,goals,assists,shots,yellowCard,redCard,xG,xA,bonus,xB,lastBonus
85,2017,7502,1438,Vasilis Torosidis,h,DR,0.0,0.0,0.0,0.0,0.0,0.0,0.0,0.0,0.0,0.0,0.0
321,2017,7515,1438,Vasilis Torosidis,a,DR,90.0,0.0,0.0,0.0,0.0,0.0,0.0,0.1273477226495742,0.0,0.1273477226495742,0.0
1701,2017,7562,1438,Vasilis Torosidis,a,Sub,136.0,0.0,0.0,0.0,0.0,0.0,0.0,0.1273477226495742,0.0,0.1273477226495742,0.0
2022,2017,7569,1438,Vasilis Torosidis,h,Sub,155.0,0.0,0.0,0.0,0.0,0.0,0.0,0.1273477226495742,0.0,0.1273477226495742,0.0
2275,2017,7579,1438,Vasilis Torosidis,a,DR,169.0,0.0,0.0,0.0,0.0,0.0,0.0,0.1273477226495742,0.0,0.1273477226495742,0.0
3575,2017,7630,1438,Vasilis Torosidis,h,DL,193.0,0.0,0.0,0.0,0.0,0.0,0.0,0.1273477226495742,0.0,0.1273477226495742,0.0
4336,2017,7654,1438,Vasilis Torosidis,a,DR,239.0,0.0,0.0,1.0,0.0,1.0,0.0240809489041566,0.1980622932314872,-0.5,-0.2296948600560427,-0.5
4709,2017,7670,1438,Vasilis Torosidis,a,Sub,329.0,0.0,0.0,1.0,0.0,1.0,0.0240809489041566,0.1980622932314872,-0.5,-0.2296948600560427,0.0
5560,2017,7699,1438,Vasilis Torosidis,h,Sub,346.0,0.0,0.0,1.0,0.0,1.0,0.0240809489041566,0.1980622932314872,-0.5,-0.2296948600560427,0.0
6575,2017,7731,1438,Vasilis Torosidis,a,Sub,348.0,0.0,0.0,1.0,0.0,1.0,0.0240809489041566,0.1980622932314872,-0.5,-0.2296948600560427,0.0
6806,2017,7740,1438,Vasilis Torosidis,h,DL,365.0,0.0,0.0,1.0,0.0,1.0,0.0240809489041566,0.1980622932314872,-0.5,-0.2296948600560427,0.0
7850,2017,7780,1438,Vasilis Torosidis,a,DMR,449.0,0.0,0.0,2.0,0.0,1.0,0.0382554354146122,0.1980622932314872,-0.5,-0.1871714005246759,0.0
7889,2017,7794,1438,Vasilis Torosidis,h,DR,526.0,0.0,0.0,2.0,0.0,1.0,0.0382554354146122,0.21255681570619328,-0.5,-0.1726768780499698,0.0
8513,2017,7800,1438,Vasilis Torosidis,a,DR,607.0,0.0,0.0,2.0,0.0,1.0,0.0382554354146122,0.21255681570619328,-0.5,-0.1726768780499698,0.0
9806,2017,7851,1438,Vasilis Torosidis,a,Sub,697.0,0.0,0.0,2.0,1.0,1.0,0.0382554354146122,0.21255681570619328,-1.0,-0.6726768780499698,-0.5
10409,2017,7871,1438,Vasilis Torosidis,a,DR,726.0,0.0,0.0,2.0,1.0,1.0,0.0382554354146122,0.21255681570619328,-1.0,-0.6726768780499698,0.0
