,season,matchId,playerId,player,homeOrAway,position,time,goals,assists,shots,yellowCard,redCard,xG,xA,bonus,xB,lastBonus
1575,2017,7553,5700,Yann Karamoh,h,Sub,0.0,0.0,0.0,0.0,0.0,0.0,0.0,0.0,0.0,0.0,0.0
4029,2017,7644,5700,Yann Karamoh,h,Sub,18.0,0.0,0.0,1.0,0.0,0.0,0.016713848337531,0.0,0.0,0.0501415450125932,0.0
4417,2017,7665,5700,Yann Karamoh,h,Sub,23.0,0.0,0.0,2.0,0.0,0.0,0.1526278760284184,0.0,0.0,0.4578836280852555,0.0
6174,2017,7720,5700,Yann Karamoh,h,Sub,44.0,0.0,0.0,3.0,0.0,0.0,0.1625755736604331,0.0,0.0,0.4877267209812997,0.0
6560,2017,7731,5700,Yann Karamoh,h,FW,56.0,0.0,0.0,3.0,0.0,0.0,0.1625755736604331,0.0,0.0,0.4877267209812997,0.0
6767,2017,7745,5700,Yann Karamoh,a,AMR,130.0,1.0,0.0,7.0,0.0,0.0,0.5811770567670462,0.0,3.0,1.7435311703011394,3.0
7008,2017,7757,5700,Yann Karamoh,h,Sub,220.0,1.0,0.0,9.0,0.0,0.0,1.007307351566851,0.0947355851531028,3.0,3.1166576398536563,0.0
7566,2017,7774,5700,Yann Karamoh,h,Sub,245.0,1.0,0.0,9.0,0.0,0.0,1.007307351566851,0.0947355851531028,3.0,3.1166576398536563,0.0
8497,2017,7805,5700,Yann Karamoh,a,Sub,247.0,1.0,0.0,9.0,0.0,0.0,1.007307351566851,0.0947355851531028,3.0,3.1166576398536563,0.0
8746,2017,7812,5700,Yann Karamoh,a,Sub,268.0,1.0,0.0,10.0,0.0,0.0,1.0296987341716883,0.0947355851531028,3.0,3.1838317876681685,0.0
8924,2017,7821,5700,Yann Karamoh,h,AMC,269.0,1.0,0.0,10.0,0.0,0.0,1.0296987341716883,0.0947355851531028,3.0,3.1838317876681685,0.0
9356,2017,7834,5700,Yann Karamoh,a,AMR,347.0,1.0,0.0,14.0,0.0,0.0,1.9181612776592372,0.0947355851531028,3.0,5.849219418130815,0.0
9514,2017,7842,5700,Yann Karamoh,h,Sub,415.0,1.0,0.0,15.0,0.0,0.0,1.9577732691541312,0.0947355851531028,3.0,5.968055392615497,0.0
9836,2017,7855,5700,Yann Karamoh,a,Sub,416.0,1.0,0.0,15.0,0.0,0.0,1.9577732691541312,0.0947355851531028,3.0,5.968055392615497,0.0
10071,2017,7866,5700,Yann Karamoh,h,Sub,426.0,1.0,0.0,16.0,0.0,0.0,2.1062470236793156,0.0947355851531028,3.0,6.413476656191051,0.0
10505,2017,7875,5700,Yann Karamoh,a,Sub,457.0,1.0,0.0,17.0,0.0,0.0,2.1414364138618107,0.0947355851531028,3.0,6.519044826738536,0.0
