,season,matchId,playerId,player,homeOrAway,position,time,goals,assists,shots,yellowCard,redCard,xG,xA,bonus,xB,lastBonus
268,2015,560,1269,Alessandro Gazzi,a,MC,0.0,0.0,0.0,0.0,0.0,0.0,0.0,0.0,0.0,0.0,0.0
372,2015,564,1269,Alessandro Gazzi,h,Sub,90.0,0.0,0.0,1.0,0.0,0.0,0.0339718535542488,0.0,0.0,0.1019155606627464,0.0
1694,2015,611,1269,Alessandro Gazzi,a,MC,94.0,0.0,0.0,1.0,0.0,0.0,0.0339718535542488,0.0312575660645961,0.0,0.1331731267273425,0.0
1989,2015,622,1269,Alessandro Gazzi,h,MC,155.0,0.0,0.0,1.0,0.0,0.0,0.0339718535542488,0.050070816650986505,0.0,0.1519863773137329,0.0
3598,2015,679,1269,Alessandro Gazzi,a,Sub,202.0,0.0,0.0,1.0,1.0,0.0,0.0339718535542488,0.050070816650986505,-0.5,-0.3480136226862671,-0.5
5165,2015,736,1269,Alessandro Gazzi,h,MC,203.0,0.0,0.0,1.0,1.0,0.0,0.0339718535542488,0.0776438694447277,-0.5,-0.3204405698925259,0.0
5569,2015,750,1269,Alessandro Gazzi,a,MC,293.0,0.0,0.0,1.0,1.0,0.0,0.0339718535542488,0.1037203297019002,-0.5,-0.2943641096353534,0.0
6000,2015,766,1269,Alessandro Gazzi,h,MC,383.0,0.0,0.0,1.0,1.0,0.0,0.0339718535542488,0.1037203297019002,-0.5,-0.2943641096353534,0.0
6349,2015,778,1269,Alessandro Gazzi,a,MC,473.0,0.0,0.0,1.0,1.0,0.0,0.0339718535542488,0.1037203297019002,-0.5,-0.2943641096353534,0.0
6587,2015,787,1269,Alessandro Gazzi,h,MC,563.0,0.0,0.0,1.0,2.0,0.0,0.0339718535542488,0.11742202937602961,-1.0,-0.7806624099612239,-0.5
8608,2015,859,1269,Alessandro Gazzi,a,Sub,653.0,0.0,0.0,1.0,3.0,0.0,0.0339718535542488,0.175757877528667,-1.5,-1.2223265618085866,-0.5
8943,2015,871,1269,Alessandro Gazzi,a,Sub,673.0,0.0,0.0,1.0,3.0,0.0,0.0339718535542488,0.175757877528667,-1.5,-1.2223265618085866,0.0
9274,2015,883,1269,Alessandro Gazzi,a,MC,693.0,0.0,0.0,1.0,3.0,0.0,0.0339718535542488,0.175757877528667,-1.5,-1.2223265618085866,0.0
9539,2015,893,1269,Alessandro Gazzi,h,MC,783.0,0.0,0.0,1.0,3.0,0.0,0.0339718535542488,0.175757877528667,-1.5,-1.2223265618085866,0.0
10446,2015,925,1269,Alessandro Gazzi,a,MC,873.0,0.0,0.0,1.0,4.0,0.0,0.0339718535542488,0.1955282595008607,-2.0,-1.7025561798363928,-0.5
