,season,matchId,playerId,player,homeOrAway,position,time,goals,assists,shots,yellowCard,redCard,xG,xA,bonus,xB,lastBonus
1166,2015,600,1793,Alessandro Piu,h,FW,0.0,0.0,0.0,0.0,0.0,0.0,0.0,0.0,0.0,0.0,0.0
5975,2015,805,1793,Alessandro Piu,a,Sub,46.0,0.0,0.0,1.0,0.0,0.0,0.1394941359758377,0.0,0.0,0.4184824079275131,0.0
7069,2015,852,1793,Alessandro Piu,a,Sub,79.0,0.0,0.0,1.0,0.0,0.0,0.1394941359758377,0.0157412774860858,0.0,0.4342236854135989,0.0
7699,2015,879,1793,Alessandro Piu,a,FW,108.0,0.0,0.0,1.0,0.0,0.0,0.1394941359758377,0.0157412774860858,0.0,0.4342236854135989,0.0
