,season,matchId,playerId,player,homeOrAway,position,time,goals,assists,shots,yellowCard,redCard,xG,xA,bonus,xB,lastBonus
5544,2015,787,1802,Alexander Farnerud,h,Sub,0.0,0.0,0.0,0.0,0.0,0.0,0.0,0.0,0.0,0.0,0.0
8016,2015,893,1802,Alexander Farnerud,h,Sub,30.0,0.0,0.0,0.0,0.0,0.0,0.0,0.0397416912019252,0.0,0.0397416912019252,0.0
8777,2015,925,1802,Alexander Farnerud,a,Sub,47.0,0.0,0.0,1.0,0.0,0.0,0.0200908631086349,0.057035936042666296,0.0,0.1173085253685712,0.0
