,season,matchId,playerId,player,homeOrAway,position,time,goals,assists,shots,yellowCard,redCard,xG,xA,bonus,xB,lastBonus
680,2015,579,1117,Andrea Poli,a,Sub,0.0,0.0,0.0,0.0,0.0,0.0,0.0,0.0,0.0,0.0,0.0
970,2015,591,1117,Andrea Poli,a,Sub,17.0,0.0,0.0,0.0,0.0,0.0,0.0,0.0,0.0,0.0,0.0
2002,2015,636,1117,Andrea Poli,h,MC,41.0,0.0,0.0,0.0,0.0,0.0,0.0,0.0,0.0,0.0,0.0
2537,2015,658,1117,Andrea Poli,a,Sub,103.0,0.0,0.0,1.0,0.0,0.0,0.0129166822880506,0.031683050096035,0.0,0.0704330969601869,0.0
2613,2015,662,1117,Andrea Poli,h,MC,159.0,0.0,0.0,1.0,0.0,0.0,0.0129166822880506,0.031683050096035,0.0,0.0704330969601869,0.0
3087,2015,682,1117,Andrea Poli,h,Sub,249.0,0.0,0.0,1.0,0.0,0.0,0.0129166822880506,0.0933194011449813,0.0,0.1320694480091332,0.0
6644,2015,834,1117,Andrea Poli,a,MC,285.0,0.0,0.0,1.0,0.0,0.0,0.0129166822880506,0.0933194011449813,0.0,0.1320694480091332,0.0
7725,2015,880,1117,Andrea Poli,a,Sub,373.0,0.0,0.0,3.0,0.0,0.0,0.0469621736556291,0.1267340816557406,0.0,0.267620602622628,0.0
7944,2015,890,1117,Andrea Poli,h,MC,407.0,0.0,0.0,3.0,1.0,0.0,0.0469621736556291,0.1267340816557406,0.0,-0.232379397377372,0.0
8468,2015,912,1117,Andrea Poli,a,Sub,497.0,0.0,0.0,4.0,1.0,0.0,0.09763977862894521,0.1699096187949179,0.0,-0.03717104531824611,0.0
