,season,matchId,playerId,player,homeOrAway,position,time,goals,assists,shots,yellowCard,redCard,xG,xA,bonus,xB,lastBonus
111,2015,555,2027,Andrea Lazzari,a,AMC,0.0,0.0,0.0,0.0,0.0,0.0,0.0,0.0,0.0,0.0,0.0
1203,2015,601,2027,Andrea Lazzari,a,Sub,90.0,1.0,0.0,7.0,0.0,0.0,1.367156147956848,0.4252590537071228,3.0,4.526727497577667,3.0
1828,2015,628,2027,Andrea Lazzari,a,MC,125.0,1.0,0.0,8.0,0.0,0.0,1.3810283271595833,0.5059679299592971,3.0,4.649052911438048,0.0
2471,2015,656,2027,Andrea Lazzari,h,MC,215.0,1.0,0.0,10.0,0.0,0.0,1.463931913487613,0.7675663083791732,3.0,5.159362048842013,0.0
