,season,matchId,playerId,player,homeOrAway,position,time,goals,assists,shots,yellowCard,redCard,xG,xA,bonus,xB,lastBonus
102,2015,555,1939,Antonio Cassano,h,Sub,0.0,0.0,0.0,0.0,0.0,0.0,0.0,0.0,0.0,0.0,0.0
1418,2015,610,1939,Antonio Cassano,a,Sub,15.0,0.0,0.0,0.0,0.0,0.0,0.0,0.0,0.0,0.0,0.0
1737,2015,624,1939,Antonio Cassano,a,AMC,33.0,0.0,0.0,0.0,0.0,0.0,0.0,0.0,0.0,0.0,0.0
2330,2015,650,1939,Antonio Cassano,h,FW,123.0,0.0,0.0,0.0,0.0,0.0,0.0,0.4545981287956238,0.0,0.4545981287956238,0.0
2937,2015,675,1939,Antonio Cassano,a,Sub,185.0,0.0,0.0,0.0,0.0,0.0,0.0,0.4861060082912445,0.0,0.4861060082912445,0.0
3490,2015,699,1939,Antonio Cassano,h,FW,210.0,0.0,0.0,0.0,0.0,0.0,0.0,0.4861060082912445,0.0,0.4861060082912445,0.0
3730,2015,709,1939,Antonio Cassano,a,FW,300.0,0.0,0.0,3.0,0.0,0.0,0.1361202597618103,0.7778100371360779,0.0,1.1861708164215088,0.0
3885,2015,716,1939,Antonio Cassano,h,FW,371.0,0.0,0.0,4.0,1.0,0.0,0.2015417143702507,0.7778100371360779,0.0,0.88243518024683,0.0
3988,2015,720,1939,Antonio Cassano,a,FW,444.0,0.0,1.0,7.0,1.0,0.0,0.3680675253272056,1.3782944083213806,1.0,1.9824969843029976,1.0
4418,2015,739,1939,Antonio Cassano,h,FW,526.0,0.0,3.0,7.0,1.0,0.0,0.3680675253272056,1.608872577548027,3.0,2.213075153529644,2.0
4643,2015,748,1939,Antonio Cassano,a,FW,616.0,1.0,3.0,9.0,1.0,0.0,0.4749928712844848,1.9331859201192856,6.0,2.85816453397274,3.0
4768,2015,754,1939,Antonio Cassano,h,FW,706.0,1.0,3.0,11.0,1.0,0.0,1.2206498980522156,1.9630751516669989,6.0,5.125024845823646,0.0
5797,2015,798,1939,Antonio Cassano,h,FW,773.0,1.0,3.0,12.0,1.0,0.0,1.2567727603018284,1.9821513798087835,6.0,5.252469660714269,0.0
6369,2015,822,1939,Antonio Cassano,a,AMC,835.0,1.0,3.0,13.0,1.0,0.0,1.2746184058487415,2.059184415265918,6.0,5.383039632812142,0.0
6602,2015,832,1939,Antonio Cassano,a,FW,913.0,2.0,3.0,15.0,1.0,0.0,2.35675360634923,3.0109954308718443,9.0,9.581256249919534,3.0
6894,2015,845,1939,Antonio Cassano,h,AMC,978.0,2.0,4.0,16.0,1.0,0.0,2.3785859756171703,3.1383741479367018,10.0,9.774132074788213,1.0
7429,2015,868,1939,Antonio Cassano,h,Sub,1038.0,2.0,4.0,17.0,1.0,0.0,2.429640304297209,3.163692334666848,10.0,9.952613247558475,0.0
8282,2015,904,1939,Antonio Cassano,a,Sub,1061.0,2.0,5.0,17.0,1.0,0.0,2.429640304297209,3.5974477622658014,11.0,10.386368675157428,1.0
8502,2015,914,1939,Antonio Cassano,h,FW,1078.0,2.0,5.0,17.0,1.0,0.0,2.429640304297209,3.686598615720868,11.0,10.475519528612494,0.0
