,season,matchId,playerId,player,homeOrAway,position,time,goals,assists,shots,yellowCard,redCard,xG,xA,bonus,xB,lastBonus
4839,2015,724,1191,Arlind Ajeti,a,DC,0.0,0.0,0.0,0.0,0.0,0.0,0.0,0.0,0.0,0.0,0.0
5314,2015,741,1191,Arlind Ajeti,a,DC,90.0,1.0,0.0,1.0,0.0,0.0,0.0797366946935653,0.0,3.0,0.2392100840806961,3.0
5578,2015,751,1191,Arlind Ajeti,h,DC,180.0,1.0,0.0,3.0,0.0,0.0,0.1663096100091933,0.0,3.0,0.4989288300275802,0.0
5925,2015,763,1191,Arlind Ajeti,a,DC,270.0,1.0,0.0,5.0,1.0,0.0,0.2618451640009878,0.3118344247341156,2.5,0.5973699167370795,-0.5
6164,2015,772,1191,Arlind Ajeti,h,DC,360.0,1.0,0.0,6.0,2.0,0.0,0.2747876634821293,0.3118344247341156,2.0,0.1361974151805042,-0.5
6770,2015,793,1191,Arlind Ajeti,a,Sub,370.0,1.0,0.0,6.0,2.0,0.0,0.2747876634821293,0.3118344247341156,2.0,0.1361974151805042,0.0
7165,2015,808,1191,Arlind Ajeti,h,DC,390.0,1.0,0.0,6.0,2.0,0.0,0.2747876634821293,0.3118344247341156,2.0,0.1361974151805042,0.0
7344,2015,814,1191,Arlind Ajeti,a,DC,480.0,1.0,0.0,6.0,2.0,0.0,0.2747876634821293,0.3118344247341156,2.0,0.1361974151805042,0.0
7750,2015,829,1191,Arlind Ajeti,h,DC,570.0,1.0,0.0,6.0,2.0,0.0,0.2747876634821293,0.3118344247341156,2.0,0.1361974151805042,0.0
7958,2015,836,1191,Arlind Ajeti,a,DC,660.0,1.0,0.0,6.0,2.0,0.0,0.2747876634821293,0.3118344247341156,2.0,0.1361974151805042,0.0
8224,2015,846,1191,Arlind Ajeti,h,DC,750.0,1.0,0.0,6.0,2.0,0.0,0.2747876634821293,0.3118344247341156,2.0,0.1361974151805042,0.0
8543,2015,857,1191,Arlind Ajeti,a,DC,840.0,1.0,0.0,6.0,3.0,0.0,0.2747876634821293,0.3118344247341156,1.5,-0.3638025848194958,-0.5
8641,2015,861,1191,Arlind Ajeti,h,DC,930.0,1.0,0.0,6.0,4.0,0.0,0.2747876634821293,0.3118344247341156,1.0,-0.8638025848194958,-0.5
9352,2015,886,1191,Arlind Ajeti,a,DC,1020.0,1.0,0.0,7.0,5.0,0.0,0.3403400396928188,0.3308193404227495,0.5,-1.1481605404987931,-0.5
9909,2015,906,1191,Arlind Ajeti,a,DC,1036.0,1.0,0.0,7.0,5.0,1.0,0.3403400396928188,0.3308193404227495,0.0,-1.6481605404987931,-0.5
10176,2015,916,1191,Arlind Ajeti,h,DC,1126.0,1.0,0.0,7.0,5.0,1.0,0.3403400396928188,0.34780535846948624,0.0,-1.6311745224520564,0.0
