,season,matchId,playerId,player,homeOrAway,position,time,goals,assists,shots,yellowCard,redCard,xG,xA,bonus,xB,lastBonus
185,2015,557,1557,Carlos Carmona,a,MC,0.0,0.0,0.0,0.0,0.0,0.0,0.0,0.0,0.0,0.0,0.0
714,2015,576,1557,Carlos Carmona,a,MC,73.0,0.0,0.0,0.0,0.0,1.0,0.0,0.1481514126062393,-0.5,-0.3518485873937607,-0.5
1952,2015,620,1557,Carlos Carmona,a,Sub,163.0,0.0,0.0,0.0,0.0,1.0,0.0,0.19678825512528408,-0.5,-0.30321174487471586,0.0
2161,2015,628,1557,Carlos Carmona,h,Sub,172.0,0.0,0.0,0.0,0.0,1.0,0.0,0.19678825512528408,-0.5,-0.30321174487471586,0.0
2684,2015,647,1557,Carlos Carmona,h,MC,179.0,0.0,0.0,0.0,0.0,1.0,0.0,0.19678825512528408,-0.5,-0.30321174487471586,0.0
2920,2015,655,1557,Carlos Carmona,a,MC,269.0,0.0,0.0,0.0,0.0,1.0,0.0,0.19678825512528408,-0.5,-0.30321174487471586,0.0
3123,2015,662,1557,Carlos Carmona,a,Sub,359.0,0.0,0.0,1.0,1.0,1.0,0.0598000511527061,0.19678825512528408,-1.0,-0.6238115914165974,-0.5
3578,2015,679,1557,Carlos Carmona,h,MC,376.0,0.0,0.0,1.0,2.0,1.0,0.0598000511527061,0.19678825512528408,-1.5,-1.1238115914165974,-0.5
