,season,matchId,playerId,player,homeOrAway,position,time,goals,assists,shots,yellowCard,redCard,xG,xA,bonus,xB,lastBonus
156,2015,557,1557,Carlos Carmona,a,MC,0.0,0.0,0.0,0.0,0.0,0.0,0.0,0.0,0.0,0.0,0.0
602,2015,576,1557,Carlos Carmona,a,MC,73.0,0.0,0.0,0.0,0.0,1.0,0.0,0.1481514126062393,0.0,-0.3518485873937607,0.0
2259,2015,647,1557,Carlos Carmona,h,MC,163.0,0.0,0.0,0.0,0.0,1.0,0.0,0.19678825512528408,0.0,-0.30321174487471586,0.0
2457,2015,655,1557,Carlos Carmona,a,MC,253.0,0.0,0.0,0.0,0.0,1.0,0.0,0.19678825512528408,0.0,-0.30321174487471586,0.0
2630,2015,662,1557,Carlos Carmona,a,Sub,343.0,0.0,0.0,1.0,1.0,1.0,0.0598000511527061,0.19678825512528408,0.0,-0.6238115914165974,0.0
3015,2015,679,1557,Carlos Carmona,h,MC,360.0,0.0,0.0,1.0,2.0,1.0,0.0598000511527061,0.19678825512528408,0.0,-1.1238115914165974,0.0
