,season,matchId,playerId,player,homeOrAway,position,time,goals,assists,shots,yellowCard,redCard,xG,xA,bonus,xB,lastBonus
127,2015,556,1391,Christian Maggio,a,DR,0.0,0.0,0.0,0.0,0.0,0.0,0.0,0.0,0.0,0.0,0.0
349,2015,566,1391,Christian Maggio,h,DR,90.0,0.0,0.0,0.0,0.0,0.0,0.0,0.0274110101163387,0.0,0.0274110101163387,0.0
621,2015,577,1391,Christian Maggio,a,DR,180.0,0.0,0.0,0.0,0.0,0.0,0.0,0.0274110101163387,0.0,0.0274110101163387,0.0
3387,2015,694,1391,Christian Maggio,a,Sub,270.0,0.0,0.0,1.0,0.0,0.0,0.0230006631463766,0.0274110101163387,0.0,0.0964129995554685,0.0
5314,2015,777,1391,Christian Maggio,a,DR,296.0,0.0,0.0,1.0,0.0,0.0,0.0230006631463766,0.0274110101163387,0.0,0.0964129995554685,0.0
