,season,matchId,playerId,player,homeOrAway,position,time,goals,assists,shots,yellowCard,redCard,xG,xA,bonus,xB,lastBonus
260,2015,560,2044,Daniele Verde,h,Sub,0.0,0.0,0.0,0.0,0.0,0.0,0.0,0.0,0.0,0.0,0.0
596,2015,572,2044,Daniele Verde,h,Sub,5.0,0.0,0.0,1.0,0.0,0.0,0.0116610014811158,0.0,0.0,0.0349830044433474,0.0
1057,2015,588,2044,Daniele Verde,a,Sub,16.0,0.0,0.0,3.0,0.0,0.0,0.0471289018169045,0.0,0.0,0.1413867054507135,0.0
1896,2015,618,2044,Daniele Verde,a,Sub,26.0,0.0,0.0,5.0,0.0,0.0,0.1633833954110741,0.0390880182385444,0.0,0.5292382044717668,0.0
2550,2015,642,2044,Daniele Verde,h,Sub,28.0,0.0,0.0,6.0,0.0,0.0,0.1930209668353199,0.0390880182385444,0.0,0.6181509187445043,0.0
2868,2015,653,2044,Daniele Verde,a,AMC,29.0,0.0,0.0,6.0,0.0,0.0,0.1930209668353199,0.0390880182385444,0.0,0.6181509187445043,0.0
