,season,matchId,playerId,player,homeOrAway,position,time,goals,assists,shots,yellowCard,redCard,xG,xA,bonus,xB,lastBonus
267,2015,560,1933,Danilo Avelar,a,DML,0.0,0.0,0.0,0.0,0.0,0.0,0.0,0.0,0.0,0.0,0.0
365,2015,564,1933,Danilo Avelar,h,DML,90.0,0.0,2.0,2.0,0.0,0.0,0.1992398500442505,0.3032561838626861,2.0,0.9009757339954376,2.0
659,2015,574,1933,Danilo Avelar,a,DML,180.0,0.0,2.0,2.0,0.0,0.0,0.1992398500442505,0.32439686357975,2.0,0.9221164137125015,0.0
4641,2015,717,1933,Danilo Avelar,h,Sub,195.0,0.0,2.0,2.0,1.0,0.0,0.1992398500442505,0.32439686357975,1.5,0.4221164137125015,-0.5
5310,2015,741,1933,Danilo Avelar,h,Sub,227.0,0.0,2.0,3.0,1.0,0.0,0.29046831279993046,0.32439686357975,1.5,0.6958018019795418,0.0
6585,2015,787,1933,Danilo Avelar,h,DML,251.0,0.0,2.0,4.0,1.0,0.0,0.33724787831306446,0.32439686357975,1.5,0.8361404985189438,0.0
