,season,matchId,playerId,player,homeOrAway,position,time,goals,assists,shots,yellowCard,redCard,xG,xA,bonus,xB,lastBonus
106,2015,554,1106,Darko Lazovic,a,FW,0.0,0.0,0.0,0.0,0.0,0.0,0.0,0.0,0.0,0.0,0.0
512,2015,569,1106,Darko Lazovic,h,Sub,52.0,0.0,0.0,1.0,0.0,0.0,0.1272653937339782,0.0,0.0,0.3817961812019348,0.0
581,2015,571,1106,Darko Lazovic,a,Sub,69.0,0.0,0.0,1.0,0.0,0.0,0.1272653937339782,0.0,0.0,0.3817961812019348,0.0
1840,2015,616,1106,Darko Lazovic,a,Sub,81.0,0.0,0.0,3.0,0.0,0.0,0.2342041134834288,0.0,0.0,0.7026123404502869,0.0
2255,2015,631,1106,Darko Lazovic,a,Sub,82.0,0.0,0.0,3.0,0.0,0.0,0.2342041134834288,0.0,0.0,0.7026123404502869,0.0
3287,2015,668,1106,Darko Lazovic,a,FWR,114.0,0.0,0.0,4.0,0.0,0.0,0.24941047094762298,0.1110608354210853,0.0,0.8592922482639551,0.0
3552,2015,678,1106,Darko Lazovic,h,FWR,195.0,0.0,2.0,7.0,0.0,0.0,0.4505007620900866,1.6595511212944984,2.0,3.0110534075647593,2.0
3746,2015,685,1106,Darko Lazovic,h,FWR,264.0,0.0,2.0,8.0,0.0,0.0,0.4830754417926069,1.9776741936802864,2.0,3.4269005190581083,0.0
3984,2015,693,1106,Darko Lazovic,a,FWR,354.0,0.0,2.0,9.0,0.0,0.0,0.513535743579268,2.137390322983265,2.0,3.6779975537210703,0.0
4599,2015,715,1106,Darko Lazovic,a,Sub,417.0,0.0,2.0,9.0,0.0,0.0,0.513535743579268,2.137390322983265,2.0,3.6779975537210703,0.0
4719,2015,720,1106,Darko Lazovic,h,FWR,460.0,0.0,2.0,11.0,0.0,0.0,0.5862796362489457,2.1487339586019516,2.0,3.90757286734879,0.0
6452,2015,782,1106,Darko Lazovic,h,Sub,547.0,0.0,2.0,14.0,0.0,0.0,1.0306045468896623,2.2206922695040703,2.0,5.3125059101730585,0.0
6853,2015,796,1106,Darko Lazovic,a,Sub,556.0,0.0,2.0,14.0,0.0,0.0,1.0306045468896623,2.2206922695040703,2.0,5.3125059101730585,0.0
7383,2015,815,1106,Darko Lazovic,a,Sub,580.0,0.0,2.0,14.0,0.0,0.0,1.0306045468896623,2.2206922695040703,2.0,5.3125059101730585,0.0
8971,2015,872,1106,Darko Lazovic,a,Sub,606.0,0.0,2.0,14.0,0.0,0.0,1.0306045468896623,2.2206922695040703,2.0,5.3125059101730585,0.0
