,season,matchId,playerId,player,homeOrAway,position,time,goals,assists,shots,yellowCard,redCard,xG,xA,bonus,xB,lastBonus
874,2015,582,1574,Davide Calabria,h,Sub,0.0,0.0,0.0,0.0,0.0,0.0,0.0,0.0,0.0,0.0,0.0
1129,2015,591,1574,Davide Calabria,a,DR,73.0,0.0,0.0,0.0,0.0,0.0,0.0,0.1517995595932006,0.0,0.1517995595932006,0.0
1465,2015,603,1574,Davide Calabria,a,DR,124.0,0.0,0.0,1.0,1.0,0.0,0.0168670769780874,0.1517995595932006,-0.5,-0.29759920947253715,-0.5
3110,2015,662,1574,Davide Calabria,h,Sub,214.0,0.0,0.0,1.0,2.0,0.0,0.0168670769780874,0.2060862518846987,-1.0,-0.743312517181039,-0.5
10076,2015,912,1574,Davide Calabria,a,DR,257.0,0.0,0.0,1.0,3.0,0.0,0.0168670769780874,0.2060862518846987,-1.5,-1.2433125171810389,-0.5
10379,2015,923,1574,Davide Calabria,h,Sub,347.0,0.0,0.0,1.0,4.0,0.0,0.0168670769780874,0.256583087146282,-2.0,-1.6928156819194555,-0.5
