,season,matchId,playerId,player,homeOrAway,position,time,goals,assists,shots,yellowCard,redCard,xG,xA,bonus,xB,lastBonus
234,2015,559,1618,Diego López,a,GK,0.0,0.0,0.0,0.0,0.0,0.0,0.0,0.0,0.0,0.0,0.0
304,2015,562,1618,Diego López,h,GK,90.0,0.0,0.0,0.0,0.0,0.0,0.0,0.0,0.0,0.0,0.0
793,2015,579,1618,Diego López,a,GK,180.0,0.0,0.0,0.0,0.0,0.0,0.0,0.0,0.0,0.0,0.0
862,2015,582,1618,Diego López,h,GK,270.0,0.0,0.0,0.0,0.0,0.0,0.0,0.0,0.0,0.0,0.0
1128,2015,591,1618,Diego López,a,GK,360.0,0.0,0.0,0.0,0.0,0.0,0.0,0.0189915038645267,0.0,0.0189915038645267,0.0
1464,2015,603,1618,Diego López,a,GK,450.0,0.0,0.0,0.0,0.0,0.0,0.0,0.0189915038645267,0.0,0.0189915038645267,0.0
1898,2015,619,1618,Diego López,h,GK,540.0,0.0,0.0,0.0,0.0,0.0,0.0,0.0189915038645267,0.0,0.0189915038645267,0.0
1995,2015,622,1618,Diego López,a,GK,630.0,0.0,0.0,0.0,0.0,0.0,0.0,0.0189915038645267,0.0,0.0189915038645267,0.0
