,season,matchId,playerId,player,homeOrAway,position,time,goals,assists,shots,yellowCard,redCard,xG,xA,bonus,xB,lastBonus
5004,2015,730,1897,Emanuele Suagher,h,Sub,0.0,0.0,0.0,0.0,0.0,0.0,0.0,0.0,0.0,0.0,0.0
5705,2015,755,1897,Emanuele Suagher,a,DC,1.0,0.0,0.0,0.0,1.0,0.0,0.0,0.0,-0.5,-0.5,-0.5
6205,2015,773,1897,Emanuele Suagher,a,DC,91.0,0.0,0.0,0.0,2.0,0.0,0.0,0.0,-1.0,-1.0,-0.5
6720,2015,792,1897,Emanuele Suagher,h,DC,181.0,0.0,0.0,0.0,3.0,0.0,0.0,0.0,-1.5,-1.5,-0.5
8182,2015,844,1897,Emanuele Suagher,a,DC,271.0,0.0,0.0,1.0,4.0,0.0,0.0406154915690422,0.0,-2.0,-1.8781535252928734,-0.5
8711,2015,863,1897,Emanuele Suagher,a,DC,361.0,0.0,0.0,1.0,5.0,0.0,0.0406154915690422,0.0,-2.5,-2.3781535252928734,-0.5
9465,2015,890,1897,Emanuele Suagher,a,DC,451.0,0.0,0.0,2.0,6.0,0.0,0.11384038627147669,0.0,-3.0,-2.6584788411855698,-0.5
9827,2015,903,1897,Emanuele Suagher,a,DC,541.0,0.0,0.0,2.0,7.0,0.0,0.11384038627147669,0.0,-3.5,-3.1584788411855698,-0.5
10525,2015,928,1897,Emanuele Suagher,a,DC,631.0,0.0,0.0,3.0,7.0,0.0,0.2107168063521384,0.0109092937782406,-3.5,-2.8569402871653438,0.0
