,season,matchId,playerId,player,homeOrAway,position,time,goals,assists,shots,yellowCard,redCard,xG,xA,bonus,xB,lastBonus
238,2015,561,1448,Erick Pulgar,h,MC,0.0,0.0,0.0,0.0,0.0,0.0,0.0,0.0,0.0,0.0,0.0
879,2015,588,1448,Erick Pulgar,h,MC,90.0,0.0,0.0,3.0,0.0,0.0,0.0887797772884368,0.0,0.0,0.2663393318653106,0.0
1104,2015,597,1448,Erick Pulgar,a,MC,180.0,0.0,0.0,3.0,0.0,0.0,0.0887797772884368,0.0,0.0,0.2663393318653106,0.0
1330,2015,607,1448,Erick Pulgar,h,MC,270.0,0.0,0.0,4.0,0.0,0.0,0.1037581460550426,0.0,0.0,0.3112744381651281,0.0
1574,2015,617,1448,Erick Pulgar,a,DMC,360.0,0.0,0.0,4.0,0.0,0.0,0.1037581460550426,0.0,0.0,0.3112744381651281,0.0
3744,2015,710,1448,Erick Pulgar,h,Sub,431.0,0.0,0.0,4.0,1.0,0.0,0.1037581460550426,0.0,0.0,-0.18872556183487188,0.0
4323,2015,735,1448,Erick Pulgar,h,MC,449.0,0.0,0.0,4.0,2.0,0.0,0.1037581460550426,0.0280752871185541,0.0,-0.6606502747163178,0.0
7487,2015,870,1448,Erick Pulgar,a,Sub,539.0,0.0,0.0,5.0,2.0,0.0,0.1197890853509305,0.0280752871185541,0.0,-0.6125574568286539,0.0
8826,2015,927,1448,Erick Pulgar,a,Sub,587.0,0.0,0.0,6.0,2.0,0.0,0.1464253636077044,0.0280752871185541,0.0,-0.5326486220583321,0.0
