,season,matchId,playerId,player,homeOrAway,position,time,goals,assists,shots,yellowCard,redCard,xG,xA,bonus,xB,lastBonus
4927,2015,761,1994,Fabrizio Poli,h,DL,0.0,0.0,0.0,0.0,0.0,0.0,0.0,0.0,0.0,0.0,0.0
5219,2015,773,1994,Fabrizio Poli,a,DC,72.0,0.0,0.0,0.0,0.0,0.0,0.0,0.0,0.0,0.0,0.0
5524,2015,786,1994,Fabrizio Poli,a,DC,162.0,0.0,0.0,0.0,0.0,0.0,0.0,0.0,0.0,0.0,0.0
6236,2015,817,1994,Fabrizio Poli,h,DL,223.0,0.0,0.0,0.0,1.0,0.0,0.0,0.0,0.0,-0.5,0.0
6507,2015,828,1994,Fabrizio Poli,a,DML,313.0,0.0,0.0,0.0,2.0,0.0,0.0,0.0,0.0,-1.0,0.0
6874,2015,844,1994,Fabrizio Poli,a,DR,403.0,0.0,0.0,0.0,2.0,0.0,0.0,0.1250184029340744,0.0,-0.8749815970659256,0.0
7026,2015,851,1994,Fabrizio Poli,h,DL,493.0,0.0,0.0,0.0,3.0,0.0,0.0,0.1250184029340744,0.0,-1.3749815970659256,0.0
7514,2015,872,1994,Fabrizio Poli,h,DC,583.0,0.0,0.0,0.0,3.0,0.0,0.0,0.1250184029340744,0.0,-1.3749815970659256,0.0
8170,2015,900,1994,Fabrizio Poli,h,DC,673.0,0.0,0.0,0.0,4.0,0.0,0.0,0.1250184029340744,0.0,-1.8749815970659256,0.0
8590,2015,918,1994,Fabrizio Poli,h,DC,763.0,0.0,0.0,0.0,4.0,0.0,0.0,0.1250184029340744,0.0,-1.8749815970659256,0.0
