,season,matchId,playerId,player,homeOrAway,position,time,goals,assists,shots,yellowCard,redCard,xG,xA,bonus,xB,lastBonus
284,2015,561,1979,Filippo Falco,h,FWR,0.0,0.0,0.0,0.0,0.0,0.0,0.0,0.0,0.0,0.0,0.0
1041,2015,588,1979,Filippo Falco,h,Sub,90.0,0.0,0.0,1.0,1.0,0.0,0.0160556714981794,0.0,-0.5,-0.4518329855054617,-0.5
1309,2015,597,1979,Filippo Falco,a,Sub,101.0,0.0,0.0,1.0,1.0,0.0,0.0160556714981794,0.0808851718902587,-0.5,-0.370947813615203,0.0
1869,2015,617,1979,Filippo Falco,a,Sub,113.0,0.0,0.0,1.0,1.0,0.0,0.0160556714981794,0.0808851718902587,-0.5,-0.370947813615203,0.0
2021,2015,623,1979,Filippo Falco,h,Sub,126.0,0.0,0.0,2.0,1.0,0.0,0.0688411351293325,0.0808851718902587,-0.5,-0.21259142272174372,0.0
2283,2015,632,1979,Filippo Falco,a,Sub,130.0,0.0,0.0,2.0,1.0,0.0,0.0688411351293325,0.0808851718902587,-0.5,-0.21259142272174372,0.0
2522,2015,641,1979,Filippo Falco,h,Sub,134.0,0.0,0.0,2.0,1.0,0.0,0.0688411351293325,0.0808851718902587,-0.5,-0.21259142272174372,0.0
4445,2015,710,1979,Filippo Falco,h,Sub,142.0,0.0,0.0,2.0,1.0,0.0,0.0688411351293325,0.0808851718902587,-0.5,-0.21259142272174372,0.0
5143,2015,735,1979,Filippo Falco,h,Sub,176.0,0.0,0.0,2.0,1.0,0.0,0.0688411351293325,0.0808851718902587,-0.5,-0.21259142272174372,0.0
