,season,matchId,playerId,player,homeOrAway,position,time,goals,assists,shots,yellowCard,redCard,xG,xA,bonus,xB,lastBonus
509,2015,572,1255,Francesco Totti,a,AMC,0.0,0.0,0.0,0.0,0.0,0.0,0.0,0.0,0.0,0.0,0.0
810,2015,585,1255,Francesco Totti,h,FW,83.0,0.0,0.0,3.0,1.0,0.0,0.1228006556630134,0.1450002640485763,0.0,0.0134022310376167,0.0
4261,2015,732,1255,Francesco Totti,h,Sub,155.0,1.0,0.0,8.0,1.0,0.0,0.8932598307728767,0.2497399747371673,3.0,2.4295194670557976,3.0
4983,2015,763,1255,Francesco Totti,h,Sub,175.0,1.0,0.0,8.0,1.0,0.0,0.8932598307728767,0.2497399747371673,3.0,2.4295194670557976,0.0
7476,2015,870,1255,Francesco Totti,h,Sub,205.0,1.0,1.0,8.0,1.0,0.0,0.8932598307728767,0.3170564174652099,4.0,2.49683590978384,1.0
8400,2015,909,1255,Francesco Totti,a,Sub,247.0,1.0,2.0,9.0,2.0,0.0,0.906343794427812,0.5120877027511597,5.0,2.231119086034596,1.0
8479,2015,913,1255,Francesco Totti,h,Sub,278.0,2.0,2.0,12.0,3.0,0.0,1.1037156051024792,0.5896637886762619,8.0,2.4008106039837003,3.0
8731,2015,923,1255,Francesco Totti,a,Sub,308.0,2.0,3.0,13.0,3.0,0.0,1.128812159411609,1.1419924348592758,9.0,3.0284289130941033,1.0
