,season,matchId,playerId,player,homeOrAway,position,time,goals,assists,shots,yellowCard,redCard,xG,xA,bonus,xB,lastBonus
2649,2015,645,1165,Gastón Brugman,a,Sub,0.0,0.0,0.0,0.0,0.0,0.0,0.0,0.0,0.0,0.0,0.0
3048,2015,660,1165,Gastón Brugman,h,MC,37.0,0.0,0.0,0.0,0.0,0.0,0.0,0.0,0.0,0.0,0.0
3455,2015,674,1165,Gastón Brugman,a,AMC,127.0,0.0,0.0,1.0,1.0,0.0,0.0531520806252956,0.0,-0.5,-0.3405437581241131,-0.5
3830,2015,688,1165,Gastón Brugman,h,AMC,217.0,0.0,0.0,1.0,1.0,0.0,0.0531520806252956,0.2141052037477493,-0.5,-0.12643855437636378,0.0
4039,2015,695,1165,Gastón Brugman,a,AMC,307.0,0.0,0.0,4.0,1.0,0.0,0.1799623928964137,0.2453501485288142,-0.5,0.2852373272180557,0.0
4222,2015,702,1165,Gastón Brugman,h,Sub,397.0,0.0,0.0,7.0,1.0,0.0,0.28996558114886267,0.42765505239367474,-0.5,0.7975517958402634,0.0
4803,2015,723,1165,Gastón Brugman,h,AMC,405.0,0.0,0.0,7.0,1.0,0.0,0.28996558114886267,0.42765505239367474,-0.5,0.7975517958402634,0.0
6543,2015,785,1165,Gastón Brugman,a,MC,495.0,0.0,0.0,7.0,2.0,0.0,0.28996558114886267,0.4721418544650076,-1.0,0.34203859791159635,-0.5
6862,2015,797,1165,Gastón Brugman,h,MC,585.0,0.0,0.0,8.0,2.0,0.0,0.3016709173098205,0.4924460928887127,-1.0,0.39745884481817484,0.0
7211,2015,809,1165,Gastón Brugman,a,MC,675.0,0.0,0.0,11.0,2.0,0.0,0.3436857247725127,0.5215895622968671,-1.0,0.552646736614406,0.0
8104,2015,841,1165,Gastón Brugman,a,MC,732.0,0.0,0.0,11.0,2.0,0.0,0.3436857247725127,0.5215895622968671,-1.0,0.552646736614406,0.0
8462,2015,854,1165,Gastón Brugman,a,MC,819.0,0.0,0.0,12.0,2.0,0.0,0.4005177998915312,0.5490584783256052,-1.0,0.7506118780001996,0.0
8873,2015,869,1165,Gastón Brugman,h,Sub,885.0,0.0,1.0,14.0,2.0,0.0,0.4756765076890585,1.3224922232329843,0.0,1.7495217463001609,1.0
9083,2015,876,1165,Gastón Brugman,a,Sub,939.0,0.0,1.0,15.0,2.0,0.0,0.5420757466927169,1.3224922232329843,0.0,1.9487194633111358,0.0
