,season,matchId,playerId,player,homeOrAway,position,time,goals,assists,shots,yellowCard,redCard,xG,xA,bonus,xB,lastBonus
5799,2015,758,1346,Gennaro Sardo,a,Sub,0.0,0.0,0.0,0.0,0.0,0.0,0.0,0.0,0.0,0.0,0.0
5939,2015,764,1346,Gennaro Sardo,h,DC,40.0,0.0,0.0,0.0,0.0,0.0,0.0,0.0,0.0,0.0,0.0
6785,2015,794,1346,Gennaro Sardo,h,Sub,130.0,0.0,0.0,0.0,1.0,0.0,0.0,0.0,-0.5,-0.5,-0.5
9337,2015,886,1346,Gennaro Sardo,h,DR,163.0,0.0,0.0,0.0,1.0,0.0,0.0,0.0,-0.5,-0.5,0.0
10114,2015,913,1346,Gennaro Sardo,a,Sub,249.0,1.0,0.0,1.0,2.0,0.0,0.0164455249905586,0.1545786559581756,2.0,-0.7960847690701485,2.5
10481,2015,927,1346,Gennaro Sardo,h,DR,292.0,1.0,0.0,2.0,2.0,0.0,0.1182881593704223,0.1545786559581756,2.0,-0.49055686593055725,0.0
