,season,matchId,playerId,player,homeOrAway,position,time,goals,assists,shots,yellowCard,redCard,xG,xA,bonus,xB,lastBonus
710,2015,576,1983,Gianpaolo Bellini,a,DR,0.0,0.0,0.0,0.0,0.0,0.0,0.0,0.0,0.0,0.0,0.0
1006,2015,587,1983,Gianpaolo Bellini,h,DL,80.0,0.0,0.0,0.0,1.0,0.0,0.0,0.0102706607431173,-0.5,-0.4897293392568826,-0.5
1393,2015,600,1983,Gianpaolo Bellini,a,Sub,170.0,0.0,0.0,1.0,1.0,0.0,0.0120635200291872,0.0102706607431173,-0.5,-0.453538779169321,0.0
1647,2015,610,1983,Gianpaolo Bellini,h,DR,195.0,0.0,0.0,1.0,2.0,0.0,0.0120635200291872,0.0102706607431173,-1.0,-0.9535387791693211,-0.5
2413,2015,637,1983,Gianpaolo Bellini,a,DR,285.0,0.0,0.0,1.0,2.0,0.0,0.0120635200291872,0.0102706607431173,-1.0,-0.9535387791693211,0.0
2919,2015,655,1983,Gianpaolo Bellini,a,DL,334.0,0.0,0.0,1.0,2.0,0.0,0.0120635200291872,0.0102706607431173,-1.0,-0.9535387791693211,0.0
3124,2015,662,1983,Gianpaolo Bellini,a,Sub,424.0,0.0,0.0,1.0,2.0,0.0,0.0120635200291872,0.0102706607431173,-1.0,-0.9535387791693211,0.0
3576,2015,679,1983,Gianpaolo Bellini,h,DL,495.0,0.0,0.0,3.0,2.0,0.0,0.0406245626509189,0.0102706607431173,-1.0,-0.8678556513041259,0.0
4322,2015,705,1983,Gianpaolo Bellini,a,Sub,552.0,0.0,0.0,3.0,2.0,0.0,0.0406245626509189,0.0102706607431173,-1.0,-0.8678556513041259,0.0
4518,2015,713,1983,Gianpaolo Bellini,h,DR,576.0,0.0,0.0,3.0,2.0,0.0,0.0406245626509189,0.0102706607431173,-1.0,-0.8678556513041259,0.0
5104,2015,734,1983,Gianpaolo Bellini,h,DR,640.0,0.0,0.0,3.0,2.0,0.0,0.0406245626509189,0.0102706607431173,-1.0,-0.8678556513041259,0.0
5283,2015,740,1983,Gianpaolo Bellini,h,Sub,724.0,0.0,0.0,5.0,2.0,0.0,0.0697976406663655,0.0102706607431173,-1.0,-0.780336417257786,0.0
7427,2015,817,1983,Gianpaolo Bellini,a,DR,739.0,0.0,0.0,5.0,2.0,0.0,0.0697976406663655,0.0102706607431173,-1.0,-0.780336417257786,0.0
9295,2015,884,1983,Gianpaolo Bellini,a,DR,829.0,0.0,0.0,5.0,3.0,0.0,0.0697976406663655,0.0102706607431173,-1.5,-1.280336417257786,-0.5
10202,2015,917,1983,Gianpaolo Bellini,h,DR,903.0,0.0,0.0,5.0,4.0,0.0,0.0697976406663655,0.0102706607431173,-2.0,-1.780336417257786,-0.5
