,season,matchId,playerId,player,homeOrAway,position,time,goals,assists,shots,yellowCard,redCard,xG,xA,bonus,xB,lastBonus
192,2015,559,1967,Gilberto,h,AMR,0.0,0.0,0.0,0.0,0.0,0.0,0.0,0.0,0.0,0.0,0.0
317,2015,564,1967,Gilberto,a,MR,90.0,0.0,0.0,3.0,0.0,0.0,0.138931319117546,0.0357928052544593,0.0,0.4525867626070976,0.0
912,2015,589,1967,Gilberto,a,MR,168.0,0.0,0.0,3.0,0.0,0.0,0.138931319117546,0.1710891053080558,0.0,0.5878830626606941,0.0
5384,2015,780,1967,Gilberto,h,Sub,258.0,0.0,0.0,3.0,0.0,0.0,0.138931319117546,0.1941045448184012,0.0,0.6108985021710395,0.0
5453,2015,783,1967,Gilberto,h,Sub,278.0,0.0,0.0,3.0,0.0,0.0,0.138931319117546,0.2155968695878981,0.0,0.6323908269405364,0.0
5652,2015,791,1967,Gilberto,a,Sub,308.0,0.0,0.0,5.0,0.0,0.0,0.232361041009426,0.2155968695878981,0.0,0.9126799926161765,0.0
6360,2015,822,1967,Gilberto,h,Sub,347.0,0.0,0.0,5.0,0.0,0.0,0.232361041009426,0.2155968695878981,0.0,0.9126799926161765,0.0
7258,2015,860,1967,Gilberto,a,Sub,410.0,0.0,0.0,6.0,1.0,0.0,0.2490214668214319,0.2155968695878981,0.0,0.4626612700521945,0.0
