,season,matchId,playerId,player,homeOrAway,position,time,goals,assists,shots,yellowCard,redCard,xG,xA,bonus,xB,lastBonus
182,2015,557,1556,Guglielmo Stendardo,a,DC,0.0,0.0,0.0,0.0,0.0,0.0,0.0,0.0,0.0,0.0,0.0
530,2015,570,1556,Guglielmo Stendardo,h,DC,90.0,0.0,0.0,0.0,0.0,0.0,0.0,0.0,0.0,0.0,0.0
1004,2015,587,1556,Guglielmo Stendardo,h,DC,180.0,1.0,0.0,1.0,0.0,0.0,0.5822150111198425,0.0,3.0,1.7466450333595276,3.0
1392,2015,600,1556,Guglielmo Stendardo,a,Sub,270.0,1.0,0.0,2.0,0.0,0.0,0.6106079984456301,0.0260752346366643,3.0,1.8578992299735546,0.0
2150,2015,628,1556,Guglielmo Stendardo,h,DC,273.0,1.0,0.0,2.0,0.0,0.0,0.6106079984456301,0.0260752346366643,3.0,1.8578992299735546,0.0
2680,2015,647,1556,Guglielmo Stendardo,h,DC,363.0,1.0,0.0,2.0,0.0,0.0,0.6106079984456301,0.0260752346366643,3.0,1.8578992299735546,0.0
2917,2015,655,1556,Guglielmo Stendardo,a,DC,453.0,1.0,0.0,2.0,0.0,0.0,0.6106079984456301,0.0260752346366643,3.0,1.8578992299735546,0.0
3575,2015,679,1556,Guglielmo Stendardo,h,DC,543.0,1.0,0.0,3.0,0.0,0.0,0.6319473441690205,0.0260752346366643,3.0,1.9219172671437263,0.0
3699,2015,683,1556,Guglielmo Stendardo,a,DC,633.0,1.0,0.0,3.0,1.0,0.0,0.6319473441690205,0.0260752346366643,2.5,1.4219172671437263,-0.5
4321,2015,705,1556,Guglielmo Stendardo,a,Sub,721.0,1.0,0.0,3.0,1.0,1.0,0.6319473441690205,0.0260752346366643,2.0,0.9219172671437263,-0.5
4520,2015,713,1556,Guglielmo Stendardo,h,DC,740.0,1.0,0.0,3.0,1.0,1.0,0.6319473441690205,0.0260752346366643,2.0,0.9219172671437263,0.0
8139,2015,843,1556,Guglielmo Stendardo,h,DC,830.0,1.0,0.0,3.0,1.0,1.0,0.6319473441690205,0.0260752346366643,2.0,0.9219172671437263,0.0
8557,2015,858,1556,Guglielmo Stendardo,h,DC,920.0,1.0,0.0,4.0,1.0,1.0,0.6793691534548997,0.0260752346366643,2.0,1.0641826950013638,0.0
8823,2015,867,1556,Guglielmo Stendardo,a,DC,1010.0,1.0,0.0,5.0,1.0,1.0,0.7704915944486854,0.0260752346366643,2.0,1.3375500179827213,0.0
9629,2015,896,1556,Guglielmo Stendardo,h,Sub,1100.0,1.0,0.0,5.0,2.0,1.0,0.7704915944486854,0.058058002963662,1.5,0.8695327863097191,-0.5
