,season,matchId,playerId,player,homeOrAway,position,time,goals,assists,shots,yellowCard,redCard,xG,xA,bonus,xB,lastBonus
176,2015,557,1291,Hernanes,h,Sub,0.0,0.0,0.0,0.0,0.0,0.0,0.0,0.0,0.0,0.0,0.0
471,2015,567,1291,Hernanes,a,Sub,42.0,0.0,0.0,2.0,0.0,0.0,0.065128669142723,0.0,0.0,0.1953860074281692,0.0
620,2015,573,1291,Hernanes,h,AMC,45.0,0.0,0.0,2.0,0.0,0.0,0.065128669142723,0.9332969784736632,0.0,1.1286829859018324,0.0
943,2015,584,1291,Hernanes,a,Sub,135.0,0.0,0.0,6.0,1.0,0.0,0.226601868867874,1.0054775774478912,-0.5,1.1852831840515134,-0.5
1349,2015,599,1291,Hernanes,h,Sub,147.0,0.0,0.0,6.0,1.0,0.0,0.226601868867874,1.0054775774478912,-0.5,1.1852831840515134,0.0
1442,2015,602,1291,Hernanes,a,MC,158.0,0.0,0.0,8.0,1.0,0.0,0.2954625859856604,1.0054775774478912,-0.5,1.3918653354048727,0.0
1849,2015,617,1291,Hernanes,h,MC,225.0,0.0,0.0,8.0,1.0,0.0,0.2954625859856604,1.0054775774478912,-0.5,1.3918653354048727,0.0
2730,2015,648,1291,Hernanes,a,Sub,293.0,0.0,0.0,10.0,1.0,0.0,0.33351971954107257,1.0054775774478912,-0.5,1.5060367360711095,0.0
2797,2015,651,1291,Hernanes,h,AMC,299.0,0.0,0.0,12.0,1.0,0.0,0.3992420509457585,1.0054775774478912,-0.5,1.7032037302851675,0.0
3385,2015,672,1291,Hernanes,h,AMC,389.0,0.0,0.0,14.0,1.0,0.0,0.44086271151900247,1.0414376556873322,-0.5,1.8640257902443407,0.0
5263,2015,739,1291,Hernanes,a,MC,436.0,0.0,0.0,17.0,1.0,0.0,0.515128124505281,1.0620474498718977,-0.5,2.1074318233877416,0.0
5962,2015,764,1291,Hernanes,a,Sub,526.0,0.0,0.0,19.0,2.0,0.0,0.556691631674766,1.331209359690547,-1.0,2.001284254714846,-0.5
7446,2015,818,1291,Hernanes,h,MC,547.0,0.0,0.0,20.0,3.0,0.0,0.5996130704879755,1.3524008058011532,-1.5,1.651240017265081,-0.5
9428,2015,889,1291,Hernanes,h,MC,637.0,0.0,0.0,23.0,4.0,0.0,0.6514917835593217,1.3524008058011532,-2.0,1.3068761564791198,-0.5
9818,2015,903,1291,Hernanes,h,MC,727.0,0.0,0.0,25.0,4.0,0.0,0.7302867472171776,1.4016594737768173,-2.0,1.592519715428352,0.0
10319,2015,921,1291,Hernanes,h,MC,817.0,1.0,0.0,28.0,5.0,0.0,0.7996004074811928,1.4309330936521292,0.5,1.3297343160957094,2.5
