,season,matchId,playerId,player,homeOrAway,position,time,goals,assists,shots,yellowCard,redCard,xG,xA,bonus,xB,lastBonus
101,2015,554,1633,Issa Cissokho,a,MR,0.0,0.0,0.0,0.0,0.0,0.0,0.0,0.0,0.0,0.0,0.0
504,2015,569,1633,Issa Cissokho,h,MR,90.0,0.0,0.0,0.0,0.0,0.0,0.0,0.0156052242964506,0.0,0.0156052242964506,0.0
574,2015,571,1633,Issa Cissokho,a,MR,180.0,0.0,0.0,0.0,0.0,0.0,0.0,0.12525396607816208,0.0,0.12525396607816208,0.0
922,2015,584,1633,Issa Cissokho,h,MR,270.0,0.0,0.0,0.0,0.0,0.0,0.0,0.12525396607816208,0.0,0.12525396607816208,0.0
1160,2015,592,1633,Issa Cissokho,a,MR,360.0,0.0,0.0,0.0,0.0,0.0,0.0,0.12525396607816208,0.0,0.12525396607816208,0.0
1832,2015,616,1633,Issa Cissokho,a,MR,417.0,0.0,0.0,0.0,0.0,1.0,0.0,0.12525396607816208,-0.5,-0.3747460339218379,-0.5
2076,2015,625,1633,Issa Cissokho,h,Sub,507.0,0.0,0.0,1.0,0.0,1.0,0.0281016714870929,0.19470111094415168,-0.5,-0.22099387459456932,0.0
2257,2015,631,1633,Issa Cissokho,a,Sub,539.0,0.0,0.0,1.0,0.0,1.0,0.0281016714870929,0.19470111094415168,-0.5,-0.22099387459456932,0.0
2759,2015,649,1633,Issa Cissokho,a,Sub,564.0,0.0,0.0,1.0,0.0,1.0,0.0281016714870929,0.19470111094415168,-0.5,-0.22099387459456932,0.0
2884,2015,654,1633,Issa Cissokho,h,Sub,571.0,0.0,0.0,1.0,0.0,1.0,0.0281016714870929,0.19470111094415168,-0.5,-0.22099387459456932,0.0
3556,2015,678,1633,Issa Cissokho,h,Sub,587.0,0.0,0.0,1.0,0.0,1.0,0.0281016714870929,0.19470111094415168,-0.5,-0.22099387459456932,0.0
3988,2015,693,1633,Issa Cissokho,a,Sub,597.0,0.0,1.0,1.0,0.0,1.0,0.0281016714870929,0.3618467357009647,0.5,-0.05384824983775632,1.0
4598,2015,715,1633,Issa Cissokho,a,Sub,603.0,0.0,1.0,1.0,0.0,1.0,0.0281016714870929,0.3618467357009647,0.5,-0.05384824983775632,0.0
