,season,matchId,playerId,player,homeOrAway,position,time,goals,assists,shots,yellowCard,redCard,xG,xA,bonus,xB,lastBonus
7953,2015,836,1350,Jonathan de Guzmán,h,Sub,0.0,0.0,0.0,0.0,0.0,0.0,0.0,0.0,0.0,0.0,0.0
8371,2015,851,1350,Jonathan de Guzmán,h,Sub,10.0,1.0,0.0,1.0,0.0,0.0,0.7612589001655579,0.0,3.0,2.2837767004966736,3.0
9471,2015,890,1350,Jonathan de Guzmán,a,AMC,21.0,1.0,0.0,1.0,0.0,0.0,0.7612589001655579,0.0,3.0,2.2837767004966736,0.0
9738,2015,900,1350,Jonathan de Guzmán,h,Sub,78.0,1.0,0.0,1.0,0.0,0.0,0.7612589001655579,0.0522567741572856,3.0,2.3360334746539593,0.0
9835,2015,903,1350,Jonathan de Guzmán,a,Sub,103.0,1.0,0.0,2.0,0.0,0.0,0.7860870976001023,0.0522567741572856,3.0,2.410518066957593,0.0
