,season,matchId,playerId,player,homeOrAway,position,time,goals,assists,shots,yellowCard,redCard,xG,xA,bonus,xB,lastBonus
7950,2015,890,1310,José Mauri,h,Sub,0.0,0.0,0.0,0.0,0.0,0.0,0.0,0.0,0.0,0.0,0.0
8162,2015,899,1310,José Mauri,a,MC,25.0,0.0,0.0,4.0,0.0,0.0,0.1853544116020202,0.0431837551295757,0.0,0.5992469899356365,0.0
8312,2015,906,1310,José Mauri,h,MC,105.0,0.0,0.0,5.0,1.0,0.0,0.2265425883233546,0.059970073401927906,0.0,0.2395978383719921,0.0
8462,2015,912,1310,José Mauri,a,MC,185.0,0.0,0.0,5.0,1.0,0.0,0.2265425883233546,0.15206861495971669,0.0,0.3316963799297809,0.0
