,season,matchId,playerId,player,homeOrAway,position,time,goals,assists,shots,yellowCard,redCard,xG,xA,bonus,xB,lastBonus
811,2015,585,827,Juan Iturbe,h,FWL,0.0,0.0,0.0,0.0,0.0,0.0,0.0,0.0,0.0,0.0,0.0
1191,2015,601,827,Juan Iturbe,h,Sub,50.0,0.0,0.0,3.0,0.0,0.0,0.1379516124725341,0.1083261668682098,0.0,0.5221810042858124,0.0
2240,2015,646,827,Juan Iturbe,h,Sub,85.0,0.0,0.0,3.0,0.0,0.0,0.1379516124725341,0.1083261668682098,0.0,0.5221810042858124,0.0
2840,2015,671,827,Juan Iturbe,a,FWL,110.0,0.0,0.0,4.0,0.0,0.0,0.1741956062614916,0.210285872220993,0.0,0.7328726910054684,0.0
3108,2015,683,827,Juan Iturbe,h,FWR,200.0,0.0,0.0,4.0,1.0,0.0,0.1741956062614916,0.2643593959510326,0.0,0.28694621473550797,0.0
3340,2015,692,827,Juan Iturbe,a,Sub,284.0,0.0,0.0,6.0,1.0,0.0,0.21003367379307722,0.3836124502122401,0.0,0.5137134715914726,0.0
