,season,matchId,playerId,player,homeOrAway,position,time,goals,assists,shots,yellowCard,redCard,xG,xA,bonus,xB,lastBonus
5868,2015,801,1915,Kevin Constant,h,Sub,0.0,0.0,0.0,0.0,0.0,0.0,0.0,0.0,0.0,0.0,0.0
6161,2015,813,1915,Kevin Constant,a,Sub,17.0,0.0,0.0,0.0,0.0,0.0,0.0,0.0,0.0,0.0,0.0
6494,2015,828,1915,Kevin Constant,h,DL,39.0,0.0,0.0,0.0,0.0,0.0,0.0,0.0,0.0,0.0,0.0
7492,2015,871,1915,Kevin Constant,h,DL,107.0,0.0,0.0,0.0,0.0,0.0,0.0,0.0533414371311664,0.0,0.0533414371311664,0.0
7740,2015,881,1915,Kevin Constant,a,DL,167.0,0.0,0.0,0.0,0.0,0.0,0.0,0.1362285576760768,0.0,0.1362285576760768,0.0
