,season,matchId,playerId,player,homeOrAway,position,time,goals,assists,shots,yellowCard,redCard,xG,xA,bonus,xB,lastBonus
8393,2015,909,1256,Kevin Strootman,a,MC,0.0,0.0,0.0,0.0,0.0,0.0,0.0,0.0,0.0,0.0,0.0
8480,2015,913,1256,Kevin Strootman,h,Sub,90.0,0.0,0.0,2.0,1.0,0.0,0.1322948038578033,0.2272756993770599,0.0,0.1241601109504699,0.0
8725,2015,923,1256,Kevin Strootman,a,MC,113.0,0.0,0.0,2.0,1.0,0.0,0.1322948038578033,0.2272756993770599,0.0,0.1241601109504699,0.0
