,season,matchId,playerId,player,homeOrAway,position,time,goals,assists,shots,yellowCard,redCard,xG,xA,bonus,xB,lastBonus
4272,2015,732,1819,Kevin-Prince Boateng,a,Sub,0.0,0.0,0.0,0.0,0.0,0.0,0.0,0.0,0.0,0.0,0.0
5569,2015,788,1819,Kevin-Prince Boateng,h,Sub,33.0,0.0,0.0,0.0,0.0,0.0,0.0,0.4538545608520508,0.0,0.4538545608520508,0.0
6128,2015,812,1819,Kevin-Prince Boateng,h,Sub,61.0,0.0,0.0,1.0,0.0,0.0,0.0173652525991201,0.4538545608520508,0.0,0.5059503186494112,0.0
7947,2015,890,1819,Kevin-Prince Boateng,h,AMC,82.0,0.0,0.0,2.0,1.0,0.0,0.0334960985928773,0.4538545608520508,0.0,0.054342856630683,0.0
