,season,matchId,playerId,player,homeOrAway,position,time,goals,assists,shots,yellowCard,redCard,xG,xA,bonus,xB,lastBonus
2032,2015,637,1587,Kwadwo Asamoah,h,Sub,0.0,0.0,0.0,0.0,0.0,0.0,0.0,0.0,0.0,0.0,0.0
3313,2015,691,1587,Kwadwo Asamoah,a,MC,54.0,0.0,0.0,0.0,0.0,0.0,0.0,0.1165751963853836,0.0,0.1165751963853836,0.0
4569,2015,745,1587,Kwadwo Asamoah,a,MC,126.0,0.0,0.0,1.0,0.0,0.0,0.0833135619759559,0.1537710204720497,0.0,0.4037117063999176,0.0
6565,2015,831,1587,Kwadwo Asamoah,h,MC,216.0,0.0,0.0,2.0,0.0,0.0,0.1463802754878997,0.24273044615983963,0.0,0.681871272623539,0.0
7342,2015,864,1587,Kwadwo Asamoah,a,MC,306.0,0.0,0.0,3.0,0.0,0.0,0.172599771991372,0.31481766700744623,0.0,0.8326169829815626,0.0
8245,2015,903,1587,Kwadwo Asamoah,h,MC,393.0,0.0,0.0,5.0,1.0,0.0,0.2089937198907135,0.31481766700744623,0.0,0.4417988266795874,0.0
8653,2015,920,1587,Kwadwo Asamoah,a,MC,481.0,0.0,1.0,6.0,1.0,0.0,0.2403122093528507,0.3353462032973765,1.0,0.5562828313559294,1.0
