,season,matchId,playerId,player,homeOrAway,position,time,goals,assists,shots,yellowCard,redCard,xG,xA,bonus,xB,lastBonus
5897,2015,762,1482,Luca Antei,a,DC,0.0,0.0,0.0,0.0,0.0,0.0,0.0,0.0,0.0,0.0,0.0
6526,2015,785,1482,Luca Antei,h,DC,90.0,0.0,0.0,0.0,0.0,0.0,0.0,0.0,0.0,0.0,0.0
7648,2015,825,1482,Luca Antei,h,Sub,180.0,0.0,1.0,0.0,1.0,0.0,0.0,0.5270053744316101,0.5,0.0270053744316101,0.5
7819,2015,831,1482,Luca Antei,a,DC,216.0,0.0,1.0,0.0,1.0,0.0,0.0,0.5270053744316101,0.5,0.0270053744316101,0.0
8279,2015,848,1482,Luca Antei,h,DC,306.0,0.0,1.0,0.0,1.0,0.0,0.0,0.5270053744316101,0.5,0.0270053744316101,0.0
