,season,matchId,playerId,player,homeOrAway,position,time,goals,assists,shots,yellowCard,redCard,xG,xA,bonus,xB,lastBonus
4971,2015,762,1369,Marcello Trotta,a,Sub,0.0,0.0,0.0,0.0,0.0,0.0,0.0,0.0,0.0,0.0,0.0
5166,2015,771,1369,Marcello Trotta,h,FW,16.0,0.0,0.0,0.0,0.0,0.0,0.0,0.0,0.0,0.0,0.0
5721,2015,794,1369,Marcello Trotta,a,Sub,83.0,0.0,0.0,1.0,0.0,0.0,0.0185506120324134,0.0194691214710474,0.0,0.0751209575682878,0.0
7760,2015,882,1369,Marcello Trotta,h,Sub,100.0,0.0,0.0,2.0,0.0,0.0,0.0479396693408488,0.0562804099172353,0.0,0.2000994179397821,0.0
