,season,matchId,playerId,player,homeOrAway,position,time,goals,assists,shots,yellowCard,redCard,xG,xA,bonus,xB,lastBonus
961,2015,585,1478,Marcello Gazzola,a,DR,0.0,0.0,0.0,0.0,0.0,0.0,0.0,0.0,0.0,0.0,0.0
1188,2015,593,1478,Marcello Gazzola,a,DL,90.0,0.0,0.0,0.0,0.0,0.0,0.0,0.0,0.0,0.0,0.0
2983,2015,657,1478,Marcello Gazzola,a,Sub,180.0,0.0,0.0,0.0,0.0,0.0,0.0,0.0,0.0,0.0,0.0
3164,2015,664,1478,Marcello Gazzola,h,Sub,207.0,0.0,0.0,0.0,0.0,0.0,0.0,0.0,0.0,0.0,0.0
5717,2015,756,1478,Marcello Gazzola,h,DR,228.0,0.0,0.0,0.0,0.0,0.0,0.0,0.0,0.0,0.0,0.0
6536,2015,785,1478,Marcello Gazzola,h,Sub,318.0,0.0,0.0,0.0,0.0,0.0,0.0,0.0,0.0,0.0,0.0
9934,2015,907,1478,Marcello Gazzola,h,Sub,362.0,0.0,0.0,2.0,1.0,0.0,0.1597507447004318,0.0,-0.5,-0.0207477658987045,-0.5
10199,2015,916,1478,Marcello Gazzola,a,Sub,381.0,0.0,0.0,2.0,1.0,0.0,0.1597507447004318,0.0,-0.5,-0.0207477658987045,0.0
10341,2015,922,1478,Marcello Gazzola,h,DR,382.0,0.0,0.0,2.0,1.0,0.0,0.1597507447004318,0.0,-0.5,-0.0207477658987045,0.0
