,season,matchId,playerId,player,homeOrAway,position,time,goals,assists,shots,yellowCard,redCard,xG,xA,bonus,xB,lastBonus
5729,2015,756,1369,Marcello Trotta,h,Sub,0.0,0.0,0.0,0.0,0.0,0.0,0.0,0.0,0.0,0.0,0.0
5907,2015,762,1369,Marcello Trotta,a,Sub,7.0,0.0,0.0,2.0,0.0,0.0,0.1151415780186653,0.0,0.0,0.3454247340559959,0.0
6142,2015,771,1369,Marcello Trotta,h,FW,23.0,0.0,0.0,2.0,0.0,0.0,0.1151415780186653,0.0,0.0,0.3454247340559959,0.0
6798,2015,794,1369,Marcello Trotta,a,Sub,90.0,0.0,0.0,3.0,0.0,0.0,0.13369219005107869,0.0194691214710474,0.0,0.4205456916242837,0.0
7495,2015,819,1369,Marcello Trotta,a,Sub,107.0,0.0,0.0,4.0,0.0,0.0,0.16308124735951407,0.0562804099172353,0.0,0.545524151995778,0.0
7828,2015,831,1369,Marcello Trotta,a,Sub,114.0,0.0,0.0,5.0,0.0,0.0,0.20043512433767297,0.0562804099172353,0.0,0.6575857829302547,0.0
9237,2015,882,1369,Marcello Trotta,h,Sub,126.0,0.0,0.0,6.0,0.0,0.0,0.2648168578743932,0.0562804099172353,0.0,0.8507309835404155,0.0
9558,2015,893,1369,Marcello Trotta,a,Sub,186.0,0.0,0.0,11.0,0.0,0.0,1.0760276690125463,0.0562804099172353,0.0,3.284363416954875,0.0
