,season,matchId,playerId,player,homeOrAway,position,time,goals,assists,shots,yellowCard,redCard,xG,xA,bonus,xB,lastBonus
232,2015,559,576,Mario Suárez,h,Sub,0.0,0.0,0.0,0.0,0.0,0.0,0.0,0.0,0.0,0.0,0.0
380,2015,564,576,Mario Suárez,a,MC,21.0,0.0,0.0,0.0,0.0,0.0,0.0,0.0,0.0,0.0,0.0
568,2015,571,576,Mario Suárez,h,Sub,111.0,0.0,0.0,0.0,0.0,0.0,0.0,0.0,0.0,0.0,0.0
1078,2015,589,576,Mario Suárez,a,MC,134.0,0.0,0.0,0.0,0.0,0.0,0.0,0.0,0.0,0.0,0.0
2851,2015,653,576,Mario Suárez,h,MC,224.0,0.0,0.0,0.0,1.0,0.0,0.0,0.0129989618435502,-0.5,-0.4870010381564498,-0.5
3347,2015,670,576,Mario Suárez,a,Sub,314.0,1.0,0.0,4.0,1.0,0.0,0.197419136762619,0.0129989618435502,2.5,0.10525637213140726,3.0
3523,2015,677,576,Mario Suárez,h,MC,329.0,1.0,0.0,5.0,1.0,0.0,0.3692409098148345,0.0129989618435502,2.5,0.620721691288054,0.0
4502,2015,712,576,Mario Suárez,h,Sub,376.0,1.0,0.0,5.0,2.0,0.0,0.3692409098148345,0.0129989618435502,2.0,0.12072169128805399,-0.5
5540,2015,749,576,Mario Suárez,a,MC,385.0,1.0,0.0,6.0,2.0,0.0,0.3893762137740849,0.0129989618435502,2.0,0.18112760316580528,0.0
