,season,matchId,playerId,player,homeOrAway,position,time,goals,assists,shots,yellowCard,redCard,xG,xA,bonus,xB,lastBonus
290,2015,563,1942,Martín Cáceres,a,DC,0.0,0.0,0.0,0.0,0.0,0.0,0.0,0.0,0.0,0.0,0.0
514,2015,573,1942,Martín Cáceres,h,DR,90.0,0.0,0.0,1.0,0.0,0.0,0.0294926594942808,0.0,0.0,0.0884779784828424,0.0
4086,2015,725,1942,Martín Cáceres,h,DC,180.0,0.0,0.0,1.0,0.0,0.0,0.0294926594942808,0.0917591378092765,0.0,0.18023711629211892,0.0
4574,2015,745,1942,Martín Cáceres,a,Sub,266.0,0.0,0.0,1.0,0.0,0.0,0.0294926594942808,0.0917591378092765,0.0,0.18023711629211892,0.0
5010,2015,764,1942,Martín Cáceres,a,DC,296.0,0.0,0.0,1.0,0.0,0.0,0.0294926594942808,0.0917591378092765,0.0,0.18023711629211892,0.0
5252,2015,775,1942,Martín Cáceres,h,DC,386.0,0.0,0.0,1.0,0.0,0.0,0.0294926594942808,0.0917591378092765,0.0,0.18023711629211892,0.0
