,season,matchId,playerId,player,homeOrAway,position,time,goals,assists,shots,yellowCard,redCard,xG,xA,bonus,xB,lastBonus
132,2015,556,1184,Mirko Valdifiori,a,MC,0.0,0.0,0.0,0.0,0.0,0.0,0.0,0.0,0.0,0.0,0.0
353,2015,566,1184,Mirko Valdifiori,h,MC,90.0,0.0,0.0,1.0,1.0,0.0,0.0282271094620227,0.0662484988570213,0.0,-0.3490701727569103,0.0
625,2015,577,1184,Mirko Valdifiori,a,MC,159.0,0.0,0.0,1.0,1.0,0.0,0.0282271094620227,0.1732431277632713,0.0,-0.24207554385066032,0.0
1058,2015,595,1184,Mirko Valdifiori,a,MC,218.0,0.0,0.0,1.0,2.0,0.0,0.0282271094620227,0.197291575372219,0.0,-0.7180270962417126,0.0
4183,2015,729,1184,Mirko Valdifiori,h,MC,281.0,0.0,0.0,1.0,3.0,0.0,0.0282271094620227,0.2384245432913302,0.0,-1.1768941283226013,0.0
5515,2015,786,1184,Mirko Valdifiori,h,MC,371.0,0.0,0.0,1.0,3.0,0.0,0.0282271094620227,0.4112819917500017,0.0,-1.0040366798639297,0.0
