,season,matchId,playerId,player,homeOrAway,position,time,goals,assists,shots,yellowCard,redCard,xG,xA,bonus,xB,lastBonus
4598,2015,746,1956,Mohamed Fares,a,Sub,0.0,0.0,0.0,0.0,0.0,0.0,0.0,0.0,0.0,0.0,0.0
5450,2015,783,1956,Mohamed Fares,h,ML,43.0,0.0,0.0,0.0,0.0,0.0,0.0,0.0336471833288669,0.0,0.0336471833288669,0.0
5645,2015,791,1956,Mohamed Fares,a,DL,103.0,0.0,0.0,0.0,1.0,0.0,0.0,0.0336471833288669,0.0,-0.4663528166711331,0.0
5885,2015,802,1956,Mohamed Fares,h,DL,154.0,0.0,0.0,0.0,1.0,0.0,0.0,0.0548177771270274,0.0,-0.4451822228729726,0.0
6223,2015,816,1956,Mohamed Fares,a,DL,223.0,0.0,1.0,0.0,1.0,0.0,0.0,0.3898807279765605,1.0,-0.11011927202343952,1.0
6351,2015,822,1956,Mohamed Fares,h,DL,313.0,0.0,1.0,0.0,2.0,0.0,0.0,0.3898807279765605,1.0,-0.6101192720234395,0.0
6712,2015,837,1956,Mohamed Fares,a,DL,340.0,0.0,1.0,0.0,2.0,0.0,0.0,0.3898807279765605,1.0,-0.6101192720234395,0.0
6864,2015,844,1956,Mohamed Fares,h,DL,430.0,0.0,1.0,1.0,2.0,0.0,0.0360109582543373,0.3898807279765605,1.0,-0.5020863972604276,0.0
