,season,matchId,playerId,player,homeOrAway,position,time,goals,assists,shots,yellowCard,redCard,xG,xA,bonus,xB,lastBonus
7159,2015,856,1808,Nenad Krsticic,a,MC,0.0,0.0,0.0,0.0,0.0,0.0,0.0,0.0,0.0,0.0,0.0
7425,2015,868,1808,Nenad Krsticic,h,MC,67.0,0.0,0.0,1.0,1.0,0.0,0.0243394672870636,0.0,0.0,-0.4269815981388092,0.0
7708,2015,880,1808,Nenad Krsticic,h,MC,157.0,0.0,0.0,1.0,1.0,0.0,0.0243394672870636,0.1420088857412338,0.0,-0.2849727123975754,0.0
7773,2015,882,1808,Nenad Krsticic,a,Sub,225.0,0.0,0.0,1.0,2.0,0.0,0.0243394672870636,0.2027553692460059,0.0,-0.7242262288928032,0.0
8035,2015,894,1808,Nenad Krsticic,h,MC,255.0,0.0,0.0,2.0,3.0,0.0,0.0452265832573175,0.2027553692460059,0.0,-1.1615648809820414,0.0
8276,2015,904,1808,Nenad Krsticic,a,MC,329.0,0.0,1.0,3.0,3.0,0.0,0.0929095577448606,0.44311066716909386,1.0,-0.778160659596324,1.0
8679,2015,921,1808,Nenad Krsticic,a,MC,419.0,0.0,1.0,3.0,4.0,0.0,0.0929095577448606,0.44311066716909386,1.0,-1.278160659596324,0.0
