,season,matchId,playerId,player,homeOrAway,position,time,goals,assists,shots,yellowCard,redCard,xG,xA,bonus,xB,lastBonus
66,2015,553,1561,Panagiotis Kone,a,Sub,0.0,0.0,0.0,0.0,0.0,0.0,0.0,0.0,0.0,0.0,0.0
336,2015,565,1561,Panagiotis Kone,h,Sub,37.0,0.0,1.0,1.0,0.0,0.0,0.0546167604625225,0.6212052702903748,1.0,0.7850555516779423,1.0
652,2015,578,1561,Panagiotis Kone,a,MC,68.0,0.0,1.0,4.0,0.0,0.0,0.11040128022432319,0.6633819229900837,1.0,0.9945857636630535,0.0
713,2015,581,1561,Panagiotis Kone,h,MC,148.0,0.0,1.0,6.0,0.0,0.0,0.1853550076484679,0.6777917351573705,1.0,1.2338567581027746,0.0
