,season,matchId,playerId,player,homeOrAway,position,time,goals,assists,shots,yellowCard,redCard,xG,xA,bonus,xB,lastBonus
80,2015,553,1561,Panagiotis Kone,a,Sub,0.0,0.0,0.0,0.0,0.0,0.0,0.0,0.0,0.0,0.0,0.0
399,2015,565,1561,Panagiotis Kone,h,Sub,37.0,0.0,1.0,1.0,0.0,0.0,0.0546167604625225,0.6212052702903748,1.0,0.7850555516779423,1.0
771,2015,578,1561,Panagiotis Kone,a,MC,68.0,0.0,1.0,4.0,0.0,0.0,0.11040128022432319,0.6633819229900837,1.0,0.9945857636630535,0.0
842,2015,581,1561,Panagiotis Kone,h,MC,148.0,0.0,1.0,6.0,0.0,0.0,0.1853550076484679,0.6777917351573705,1.0,1.2338567581027746,0.0
5824,2015,759,1561,Panagiotis Kone,a,Sub,222.0,0.0,1.0,8.0,0.0,1.0,0.28424234688282,0.6777917351573705,0.5,1.030518775805831,-0.5
8776,2015,865,1561,Panagiotis Kone,a,Sub,232.0,0.0,1.0,10.0,0.0,1.0,0.3320291452109812,0.9192696567624805,0.5,1.4153570923954248,0.0
