,season,matchId,playerId,player,homeOrAway,position,time,goals,assists,shots,yellowCard,redCard,xG,xA,bonus,xB,lastBonus
693,2015,580,1241,Pedro Pereira,h,Sub,0.0,0.0,0.0,0.0,0.0,0.0,0.0,0.0,0.0,0.0,0.0
838,2015,586,1241,Pedro Pereira,a,DR,70.0,0.0,0.0,0.0,0.0,0.0,0.0,0.0,0.0,0.0,0.0
1018,2015,594,1241,Pedro Pereira,h,DR,160.0,0.0,0.0,1.0,0.0,0.0,0.0169929675757884,0.0,0.0,0.0509789027273654,0.0
1408,2015,610,1241,Pedro Pereira,a,DR,250.0,0.0,0.0,1.0,0.0,0.0,0.0169929675757884,0.0,0.0,0.0509789027273654,0.0
1513,2015,615,1241,Pedro Pereira,h,DR,330.0,0.0,0.0,1.0,0.0,0.0,0.0169929675757884,0.0,0.0,0.0509789027273654,0.0
1730,2015,624,1241,Pedro Pereira,a,DR,420.0,0.0,1.0,1.0,0.0,0.0,0.0169929675757884,0.6098679304122925,1.0,0.6608468331396579,1.0
2799,2015,670,1241,Pedro Pereira,h,DL,510.0,0.0,1.0,2.0,0.0,0.0,0.0329366456717251,0.6704247780144214,1.0,0.7692347150295972,0.0
3100,2015,682,1241,Pedro Pereira,a,Sub,557.0,0.0,1.0,3.0,0.0,0.0,0.0404124786145983,0.6704247780144214,1.0,0.7916622138582169,0.0
4635,2015,748,1241,Pedro Pereira,a,DR,582.0,0.0,1.0,3.0,0.0,0.0,0.0404124786145983,0.6704247780144214,1.0,0.7916622138582169,0.0
