,season,matchId,playerId,player,homeOrAway,position,time,goals,assists,shots,yellowCard,redCard,xG,xA,bonus,xB,lastBonus
1738,2015,613,1311,Rade Krunic,h,AMC,0.0,0.0,0.0,0.0,0.0,0.0,0.0,0.0,0.0,0.0,0.0
1975,2015,621,1311,Rade Krunic,a,AMC,90.0,0.0,0.0,1.0,1.0,0.0,0.2478875368833542,0.0731818005442619,-0.5,0.3168444111943245,-0.5
2238,2015,631,1311,Rade Krunic,h,AMC,151.0,0.0,0.0,3.0,1.0,0.0,0.3193690255284309,0.1342045217752456,-0.5,0.5923115983605385,0.0
2787,2015,650,1311,Rade Krunic,a,Sub,241.0,1.0,0.0,6.0,1.0,0.0,0.8050103858113288,0.6663427501916885,2.5,2.581373907625675,3.0
3066,2015,660,1311,Rade Krunic,a,Sub,260.0,1.0,0.0,6.0,1.0,0.0,0.8050103858113288,0.6663427501916885,2.5,2.581373907625675,0.0
3249,2015,667,1311,Rade Krunic,h,Sub,268.0,1.0,0.0,6.0,1.0,0.0,0.8050103858113288,0.6663427501916885,2.5,2.581373907625675,0.0
3541,2015,677,1311,Rade Krunic,a,Sub,289.0,1.0,0.0,6.0,2.0,0.0,0.8050103858113288,0.6810967167839408,2.0,2.0961278742179275,-0.5
3806,2015,687,1311,Rade Krunic,h,Sub,304.0,1.0,0.0,6.0,2.0,0.0,0.8050103858113288,0.6810967167839408,2.0,2.0961278742179275,0.0
5487,2015,747,1311,Rade Krunic,a,AMC,319.0,1.0,0.0,6.0,2.0,0.0,0.8050103858113288,0.6810967167839408,2.0,2.0961278742179275,0.0
5616,2015,752,1311,Rade Krunic,h,Sub,380.0,1.0,0.0,6.0,3.0,0.0,0.8050103858113288,0.6810967167839408,1.5,1.5961278742179275,-0.5
6047,2015,767,1311,Rade Krunic,a,Sub,383.0,1.0,0.0,6.0,3.0,0.0,0.8050103858113288,0.6810967167839408,1.5,1.5961278742179275,0.0
7254,2015,811,1311,Rade Krunic,h,AMC,390.0,1.0,0.0,6.0,3.0,0.0,0.8050103858113288,0.6810967167839408,1.5,1.5961278742179275,0.0
8413,2015,852,1311,Rade Krunic,a,Sub,443.0,1.0,0.0,7.0,3.0,0.0,0.8750267475843427,0.7221215581521391,1.5,1.847201800905168,0.0
8762,2015,865,1311,Rade Krunic,h,Sub,457.0,1.0,0.0,7.0,3.0,0.0,0.8750267475843427,0.7532625468447802,1.5,1.8783427895978093,0.0
10437,2015,925,1311,Rade Krunic,h,Sub,471.0,1.0,0.0,7.0,3.0,0.0,0.8750267475843427,0.7948906579986212,1.5,1.9199709007516503,0.0
