,season,matchId,playerId,player,homeOrAway,position,time,goals,assists,shots,yellowCard,redCard,xG,xA,bonus,xB,lastBonus
330,2015,562,1322,Raffaele Maiello,a,Sub,0.0,0.0,0.0,0.0,0.0,0.0,0.0,0.0,0.0,0.0,0.0
1741,2015,613,1322,Raffaele Maiello,h,Sub,13.0,0.0,0.0,0.0,0.0,0.0,0.0,0.0142568247392773,0.0,0.0142568247392773,0.0
1978,2015,621,1322,Raffaele Maiello,a,Sub,62.0,0.0,0.0,0.0,0.0,0.0,0.0,0.06484732124954451,0.0,0.06484732124954451,0.0
2241,2015,631,1322,Raffaele Maiello,h,Sub,84.0,0.0,0.0,0.0,0.0,0.0,0.0,0.1031634109094737,0.0,0.1031634109094737,0.0
2780,2015,650,1322,Raffaele Maiello,a,MC,121.0,0.0,0.0,1.0,0.0,0.0,0.0160580724477767,0.1031634109094737,0.0,0.151337628252804,0.0
3061,2015,660,1322,Raffaele Maiello,a,MC,167.0,0.0,0.0,2.0,0.0,0.0,0.0331340897828339,0.1031634109094737,0.0,0.2025656802579757,0.0
3244,2015,667,1322,Raffaele Maiello,h,MC,257.0,0.0,0.0,2.0,1.0,0.0,0.0331340897828339,0.1902108835056422,-0.5,-0.2103868471458558,-0.5
4127,2015,698,1322,Raffaele Maiello,a,Sub,316.0,0.0,0.0,2.0,1.0,0.0,0.0331340897828339,0.2562823491171,-0.5,-0.144315381534398,0.0
5610,2015,752,1322,Raffaele Maiello,h,MC,353.0,0.0,0.0,2.0,1.0,0.0,0.0331340897828339,0.2562823491171,-0.5,-0.144315381534398,0.0
9877,2015,905,1322,Raffaele Maiello,h,Sub,407.0,0.0,0.0,3.0,1.0,0.0,0.0469892239198087,0.2562823491171,-0.5,-0.10274997912347358,0.0
10058,2015,911,1322,Raffaele Maiello,a,Sub,432.0,0.0,0.0,3.0,1.0,0.0,0.0469892239198087,0.2562823491171,-0.5,-0.10274997912347358,0.0
10436,2015,925,1322,Raffaele Maiello,h,Sub,440.0,0.0,0.0,4.0,1.0,0.0,0.08123910706490259,0.2562823491171,-0.5,-3.296881918857242e-07,0.0
