,season,matchId,playerId,player,homeOrAway,position,time,goals,assists,shots,yellowCard,redCard,xG,xA,bonus,xB,lastBonus
178,2015,557,1570,Rey Manaj,h,Sub,0.0,0.0,0.0,0.0,0.0,0.0,0.0,0.0,0.0,0.0,0.0
1813,2015,615,1570,Rey Manaj,a,Sub,3.0,0.0,0.0,0.0,1.0,0.0,0.0,0.0,-0.5,-0.5,-0.5
4264,2015,703,1570,Rey Manaj,a,Sub,20.0,0.0,0.0,1.0,1.0,0.0,0.0533037818968296,0.0852686017751693,-0.5,-0.2548200525343418,0.0
8135,2015,842,1570,Rey Manaj,a,Sub,21.0,0.0,0.0,2.0,1.0,0.0,0.1807485409080982,0.0852686017751693,-0.5,0.12751422449946398,0.0
