,season,matchId,playerId,player,homeOrAway,position,time,goals,assists,shots,yellowCard,redCard,xG,xA,bonus,xB,lastBonus
5757,2015,796,1105,Riccardo Fiamozzi,a,MR,0.0,0.0,0.0,0.0,0.0,0.0,0.0,0.0,0.0,0.0,0.0
7001,2015,849,1105,Riccardo Fiamozzi,a,Sub,90.0,0.0,0.0,0.0,0.0,0.0,0.0,0.0,0.0,0.0,0.0
7169,2015,857,1105,Riccardo Fiamozzi,h,DMR,164.0,0.0,0.0,0.0,1.0,0.0,0.0,0.0,0.0,-0.5,0.0
7294,2015,862,1105,Riccardo Fiamozzi,a,DMR,254.0,0.0,0.0,0.0,1.0,0.0,0.0,0.0198254641145467,0.0,-0.4801745358854533,0.0
7534,2015,872,1105,Riccardo Fiamozzi,a,Sub,344.0,0.0,0.0,0.0,1.0,0.0,0.0,0.0198254641145467,0.0,-0.4801745358854533,0.0
8074,2015,895,1105,Riccardo Fiamozzi,a,Sub,383.0,0.0,0.0,0.0,1.0,0.0,0.0,0.3467479702085256,0.0,-0.1532520297914744,0.0
8380,2015,909,1105,Riccardo Fiamozzi,h,DMR,401.0,0.0,0.0,0.0,1.0,0.0,0.0,0.3989947866648435,0.0,-0.1010052133351565,0.0
