,season,matchId,playerId,player,homeOrAway,position,time,goals,assists,shots,yellowCard,redCard,xG,xA,bonus,xB,lastBonus
70,2015,554,1279,Roberto Vitiello,h,DC,0.0,0.0,0.0,0.0,0.0,0.0,0.0,0.0,0.0,0.0,0.0
566,2015,575,1279,Roberto Vitiello,h,DC,90.0,0.0,0.0,1.0,1.0,0.0,0.0526294820010662,0.0,0.0,-0.3421115539968014,0.0
2679,2015,665,1279,Roberto Vitiello,h,DR,180.0,0.0,0.0,1.0,2.0,0.0,0.0526294820010662,0.0,0.0,-0.8421115539968014,0.0
6141,2015,813,1279,Roberto Vitiello,h,DC,240.0,0.0,0.0,1.0,2.0,0.0,0.0526294820010662,0.0,0.0,-0.8421115539968014,0.0
6548,2015,830,1279,Roberto Vitiello,a,DC,330.0,0.0,0.0,2.0,3.0,0.0,0.11895259097218511,0.0,0.0,-1.1431422270834446,0.0
7442,2015,869,1279,Roberto Vitiello,h,DR,420.0,0.0,0.0,2.0,3.0,0.0,0.11895259097218511,0.0,0.0,-1.1431422270834446,0.0
7799,2015,884,1279,Roberto Vitiello,h,DC,510.0,0.0,0.0,2.0,3.0,0.0,0.11895259097218511,0.0,0.0,-1.1431422270834446,0.0
8261,2015,904,1279,Roberto Vitiello,h,DC,599.0,0.0,0.0,2.0,3.0,1.0,0.11895259097218511,0.0762935504317283,0.0,-1.5668486766517162,0.0
