,season,matchId,playerId,player,homeOrAway,position,time,goals,assists,shots,yellowCard,redCard,xG,xA,bonus,xB,lastBonus
44,2015,552,1917,Robert Acquafresca,a,FW,0.0,0.0,0.0,0.0,0.0,0.0,0.0,0.0,0.0,0.0,0.0
3074,2015,681,1917,Robert Acquafresca,a,Sub,77.0,0.0,0.0,2.0,0.0,0.0,0.1048343032598495,0.0,0.0,0.3145029097795486,0.0
6859,2015,843,1917,Robert Acquafresca,a,Sub,103.0,0.0,0.0,2.0,0.0,0.0,0.1048343032598495,0.0,0.0,0.3145029097795486,0.0
7746,2015,881,1917,Robert Acquafresca,a,FW,128.0,0.0,0.0,2.0,0.0,0.0,0.1048343032598495,0.0323818959295749,0.0,0.3468848057091235,0.0
