,season,matchId,playerId,player,homeOrAway,position,time,goals,assists,shots,yellowCard,redCard,xG,xA,bonus,xB,lastBonus
717,2015,581,1978,Rodrigo Aguirre,h,Sub,0.0,0.0,0.0,0.0,0.0,0.0,0.0,0.0,0.0,0.0,0.0
2253,2015,646,1978,Rodrigo Aguirre,a,Sub,20.0,0.0,0.0,1.0,0.0,0.0,0.065646082162857,0.0,0.0,0.1969382464885711,0.0
2498,2015,657,1978,Rodrigo Aguirre,h,Sub,45.0,0.0,1.0,2.0,1.0,0.0,0.1485023945569991,0.3533365130424499,1.0,0.2988436967134475,1.0
2795,2015,669,1978,Rodrigo Aguirre,a,Sub,61.0,0.0,1.0,2.0,1.0,0.0,0.1485023945569991,0.6678228676319122,1.0,0.6133300513029099,0.0
2923,2015,675,1978,Rodrigo Aguirre,h,FW,94.0,0.0,1.0,3.0,1.0,0.0,0.1660310421139,0.6678228676319122,1.0,0.6659159939736128,0.0
3194,2015,686,1978,Rodrigo Aguirre,a,FW,167.0,0.0,1.0,3.0,1.0,0.0,0.1660310421139,0.6957782730460166,1.0,0.6938713993877171,0.0
3431,2015,696,1978,Rodrigo Aguirre,a,FW,242.0,0.0,1.0,4.0,1.0,0.0,0.1972205247730014,0.9246187880635259,1.0,1.0162803623825312,0.0
