,season,matchId,playerId,player,homeOrAway,position,time,goals,assists,shots,yellowCard,redCard,xG,xA,bonus,xB,lastBonus
8627,2015,860,1142,Samir,a,DC,0.0,0.0,0.0,0.0,0.0,0.0,0.0,0.0,0.0,0.0,0.0
8794,2015,866,1142,Samir,a,DC,90.0,1.0,0.0,2.0,0.0,0.0,0.1075738295912742,0.0,3.0,0.3227214887738228,3.0
9380,2015,887,1142,Samir,a,DC,180.0,1.0,0.0,2.0,1.0,0.0,0.1075738295912742,0.0,2.5,-0.17727851122617722,-0.5
