,season,matchId,playerId,player,homeOrAway,position,time,goals,assists,shots,yellowCard,redCard,xG,xA,bonus,xB,lastBonus
6244,2015,817,1445,Simone Verdi,h,Sub,0.0,0.0,0.0,0.0,0.0,0.0,0.0,0.0,0.0,0.0,0.0
6511,2015,828,1445,Simone Verdi,a,FW,26.0,1.0,0.0,1.0,0.0,0.0,0.7612988352775574,0.0,3.0,2.283896505832672,3.0
7033,2015,851,1445,Simone Verdi,h,Sub,47.0,1.0,0.0,1.0,0.0,0.0,0.7612988352775574,0.0,3.0,2.283896505832672,0.0
8257,2015,903,1445,Simone Verdi,a,AMC,73.0,1.0,0.0,3.0,1.0,0.0,0.8630815222859382,0.0096553368493914,3.0,2.0988999037072062,0.0
8846,2015,928,1445,Simone Verdi,a,AMC,161.0,1.0,0.0,6.0,1.0,0.0,1.0450293645262716,0.0564289269968866,3.0,2.691517020575702,0.0
