,season,matchId,playerId,player,homeOrAway,position,time,goals,assists,shots,yellowCard,redCard,xG,xA,bonus,xB,lastBonus
641,2015,578,1879,Stefano Mauri,h,AMC,0.0,0.0,0.0,0.0,0.0,0.0,0.0,0.0,0.0,0.0,0.0
941,2015,590,1879,Stefano Mauri,a,AMC,85.0,0.0,0.0,0.0,0.0,0.0,0.0,0.0125430524349212,0.0,0.0125430524349212,0.0
1274,2015,604,1879,Stefano Mauri,a,Sub,131.0,0.0,0.0,0.0,0.0,0.0,0.0,0.0125430524349212,0.0,0.0125430524349212,0.0
5313,2015,777,1879,Stefano Mauri,h,Sub,159.0,0.0,0.0,2.0,0.0,0.0,0.0670972093939781,0.0125430524349212,0.0,0.2138346806168555,0.0
5440,2015,782,1879,Stefano Mauri,a,FWL,178.0,0.0,0.0,2.0,0.0,0.0,0.0670972093939781,0.0125430524349212,0.0,0.2138346806168555,0.0
5640,2015,791,1879,Stefano Mauri,h,FWL,245.0,0.0,0.0,4.0,0.0,0.0,0.1693629100918769,0.0125430524349212,0.0,0.5206317827105521,0.0
6043,2015,808,1879,Stefano Mauri,a,FWL,318.0,1.0,0.0,5.0,0.0,0.0,0.5543915703892707,0.9805790483951567,3.0,2.643753759562969,3.0
6751,2015,839,1879,Stefano Mauri,h,AMC,371.0,1.0,0.0,5.0,0.0,0.0,0.5543915703892707,0.9805790483951567,3.0,2.643753759562969,0.0
8364,2015,908,1879,Stefano Mauri,h,Sub,461.0,1.0,1.0,5.0,0.0,0.0,0.5543915703892707,1.3370335102081299,4.0,3.0002082213759422,1.0
