,season,matchId,playerId,player,homeOrAway,position,time,goals,assists,shots,yellowCard,redCard,xG,xA,bonus,xB,lastBonus
5525,2015,786,1898,Stefano Sabelli,a,DML,0.0,0.0,0.0,0.0,0.0,0.0,0.0,0.0,0.0,0.0,0.0
5658,2015,792,1898,Stefano Sabelli,h,DMR,90.0,0.0,0.0,0.0,0.0,0.0,0.0,0.0,0.0,0.0,0.0
6015,2015,807,1898,Stefano Sabelli,a,MR,180.0,0.0,0.0,1.0,0.0,0.0,0.0226754527539014,0.0406154915690422,0.0,0.1086418498307466,0.0
7522,2015,872,1898,Stefano Sabelli,h,Sub,270.0,0.0,0.0,1.0,1.0,0.0,0.0226754527539014,0.1129962876439094,0.0,-0.3189773540943861,0.0
7955,2015,890,1898,Stefano Sabelli,a,DMR,294.0,1.0,0.0,2.0,1.0,0.0,0.517272351309657,0.1129962876439094,3.0,1.1648133415728807,3.0
8252,2015,903,1898,Stefano Sabelli,a,DMR,376.0,1.0,0.0,2.0,1.0,0.0,0.517272351309657,0.1129962876439094,3.0,1.1648133415728807,0.0
8841,2015,928,1898,Stefano Sabelli,a,DMR,466.0,1.0,0.0,4.0,1.0,0.0,0.5728256981819867,0.1129962876439094,3.0,1.3314733821898699,0.0
