,season,matchId,playerId,player,homeOrAway,position,time,goals,assists,shots,yellowCard,redCard,xG,xA,bonus,xB,lastBonus
7106,2015,854,1265,Thiago Cionek,a,DC,0.0,0.0,0.0,0.0,0.0,0.0,0.0,0.0,0.0,0.0,0.0
7995,2015,892,1265,Thiago Cionek,a,DC,90.0,0.0,0.0,1.0,0.0,0.0,0.0464216656982898,0.0,0.0,0.1392649970948696,0.0
8262,2015,904,1265,Thiago Cionek,h,DC,180.0,0.0,1.0,1.0,1.0,0.0,0.0464216656982898,0.2108142226934433,1.0,-0.1499207802116871,1.0
8531,2015,915,1265,Thiago Cionek,a,DC,270.0,0.0,1.0,1.0,1.0,0.0,0.0464216656982898,0.2108142226934433,1.0,-0.1499207802116871,0.0
8874,2015,930,1265,Thiago Cionek,h,DC,360.0,0.0,1.0,1.0,2.0,0.0,0.0464216656982898,0.2108142226934433,1.0,-0.6499207802116871,0.0
