,season,matchId,playerId,player,homeOrAway,position,time,goals,assists,shots,yellowCard,redCard,xG,xA,bonus,xB,lastBonus
5965,2015,805,1554,Uros Cosic,a,DC,0.0,0.0,0.0,0.0,0.0,0.0,0.0,0.0,0.0,0.0,0.0
6094,2015,811,1554,Uros Cosic,h,DC,90.0,0.0,0.0,1.0,0.0,0.0,0.020170135423541,0.0,0.0,0.0605104062706232,0.0
6481,2015,827,1554,Uros Cosic,a,DC,180.0,0.0,0.0,1.0,0.0,0.0,0.020170135423541,0.0342592447996139,0.0,0.0947696510702371,0.0
7349,2015,865,1554,Uros Cosic,h,DC,270.0,0.0,0.0,1.0,1.0,0.0,0.020170135423541,0.0342592447996139,0.0,-0.4052303489297629,0.0
7692,2015,879,1554,Uros Cosic,a,DC,360.0,0.0,0.0,1.0,2.0,0.0,0.020170135423541,0.0342592447996139,0.0,-0.9052303489297628,0.0
7870,2015,887,1554,Uros Cosic,h,DC,450.0,0.0,0.0,1.0,3.0,0.0,0.020170135423541,0.0342592447996139,0.0,-1.4052303489297628,0.0
8183,2015,900,1554,Uros Cosic,a,DC,540.0,0.0,0.0,1.0,3.0,0.0,0.020170135423541,0.0342592447996139,0.0,-1.4052303489297628,0.0
8284,2015,905,1554,Uros Cosic,h,DC,630.0,0.0,0.0,1.0,4.0,0.0,0.020170135423541,0.0342592447996139,0.0,-1.9052303489297628,0.0
8755,2015,925,1554,Uros Cosic,h,DC,720.0,0.0,0.0,1.0,4.0,0.0,0.020170135423541,0.0342592447996139,0.0,-1.9052303489297628,0.0
