,season,matchId,playerId,player,homeOrAway,position,time,goals,assists,shots,yellowCard,redCard,xG,xA,bonus,xB,lastBonus
14,2015,551,1438,Vasilis Torosidis,a,DL,0.0,0.0,0.0,0.0,0.0,0.0,0.0,0.0,0.0,0.0,0.0
805,2015,585,1438,Vasilis Torosidis,h,DL,90.0,0.0,0.0,1.0,0.0,0.0,0.0205434840172529,0.0,0.0,0.0616304520517587,0.0
1502,2015,614,1438,Vasilis Torosidis,a,DR,180.0,0.0,0.0,1.0,0.0,0.0,0.0205434840172529,0.0641138181090354,0.0,0.1257442701607941,0.0
1649,2015,621,1438,Vasilis Torosidis,h,DR,270.0,0.0,0.0,2.0,0.0,0.0,0.1309958081692457,0.0641138181090354,0.0,0.4571012426167725,0.0
2703,2015,666,1438,Vasilis Torosidis,h,DR,360.0,0.0,0.0,2.0,0.0,0.0,0.1309958081692457,0.09066441468894469,0.0,0.4836518391966818,0.0
2842,2015,671,1438,Vasilis Torosidis,a,Sub,450.0,0.0,0.0,2.0,0.0,0.0,0.1309958081692457,0.16660817526280858,0.0,0.5595955997705457,0.0
4575,2015,746,1438,Vasilis Torosidis,h,DR,476.0,0.0,0.0,2.0,1.0,0.0,0.1309958081692457,0.16660817526280858,0.0,0.05959559977054574,0.0
