,season,matchId,playerId,player,homeOrAway,position,time,goals,assists,shots,yellowCard,redCard,xG,xA,bonus,xB,lastBonus
91,2018,9582,1504,Alberto Grassi,h,MC,0.0,0.0,0.0,0.0,0.0,0.0,0.0,0.0,0.0,0.0,0.0
300,2018,9589,1504,Alberto Grassi,a,MC,66.0,0.0,0.0,2.0,0.0,0.0,0.0982047021389007,0.0,0.0,0.2946141064167022,0.0
2977,2018,9684,1504,Alberto Grassi,h,Sub,156.0,0.0,0.0,2.0,0.0,0.0,0.0982047021389007,0.0,0.0,0.2946141064167022,0.0
3123,2018,9695,1504,Alberto Grassi,a,MC,161.0,0.0,0.0,2.0,0.0,0.0,0.0982047021389007,0.0,0.0,0.2946141064167022,0.0
3441,2018,9705,1504,Alberto Grassi,h,MC,251.0,0.0,0.0,2.0,0.0,0.0,0.0982047021389007,0.1518155187368393,0.0,0.4464296251535415,0.0
3727,2018,9711,1504,Alberto Grassi,a,MC,341.0,0.0,0.0,2.0,0.0,0.0,0.0982047021389007,0.1518155187368393,0.0,0.4464296251535415,0.0
10166,2018,9943,1504,Alberto Grassi,h,Sub,425.0,0.0,0.0,5.0,0.0,0.0,0.8799521028995514,0.1518155187368393,0.0,2.7916718274354935,0.0
