,season,matchId,playerId,player,homeOrAway,position,time,goals,assists,shots,yellowCard,redCard,xG,xA,bonus,xB,lastBonus
627,2018,9601,1212,Alessandro Murgia,h,Sub,0.0,0.0,0.0,0.0,0.0,0.0,0.0,0.0,0.0,0.0,0.0
5931,2018,9787,1212,Alessandro Murgia,h,Sub,6.0,0.0,0.0,0.0,0.0,0.0,0.0,0.0,0.0,0.0,0.0
6278,2018,9797,1212,Alessandro Murgia,a,Sub,16.0,0.0,0.0,0.0,0.0,0.0,0.0,0.0,0.0,0.0,0.0
6486,2018,9815,1212,Alessandro Murgia,h,Sub,34.0,0.0,0.0,0.0,0.0,0.0,0.0,0.0,0.0,0.0,0.0
6858,2018,9825,1212,Alessandro Murgia,a,MC,112.0,0.0,0.0,0.0,0.0,0.0,0.0,0.0,0.0,0.0,0.0
7074,2018,9827,1212,Alessandro Murgia,h,Sub,202.0,0.0,0.0,1.0,0.0,0.0,0.032475296407938,0.0,0.0,0.097425889223814,0.0
7539,2018,9854,1212,Alessandro Murgia,h,MC,235.0,0.0,0.0,2.0,0.0,0.0,0.060446081683039596,0.0,0.0,0.18133824504911888,0.0
7946,2018,9860,1212,Alessandro Murgia,a,MC,320.0,0.0,0.0,2.0,0.0,0.0,0.060446081683039596,0.1705136001110077,0.0,0.3518518451601266,0.0
8208,2018,9875,1212,Alessandro Murgia,h,MC,378.0,0.0,0.0,2.0,0.0,0.0,0.060446081683039596,0.1705136001110077,0.0,0.3518518451601266,0.0
8599,2018,9895,1212,Alessandro Murgia,h,MC,452.0,0.0,0.0,4.0,0.0,0.0,0.1247678007930516,0.1705136001110077,0.0,0.5448170024901626,0.0
9003,2018,9899,1212,Alessandro Murgia,a,MC,542.0,0.0,0.0,8.0,0.0,0.0,0.6190336849540471,0.1705136001110077,0.0,2.0276146549731493,0.0
9295,2018,9910,1212,Alessandro Murgia,h,MC,632.0,0.0,0.0,9.0,1.0,0.0,0.6356450896710156,0.1705136001110077,-0.5,1.577448869124055,-0.5
9506,2018,9917,1212,Alessandro Murgia,a,MC,722.0,0.0,0.0,11.0,1.0,0.0,0.7187471371144054,0.1705136001110077,-0.5,1.8267550114542246,0.0
9908,2018,9928,1212,Alessandro Murgia,h,MC,812.0,0.0,2.0,12.0,1.0,0.0,0.813606737181544,1.1938970983028412,1.5,3.134717309847474,2.0
10035,2018,9945,1212,Alessandro Murgia,a,MC,902.0,0.0,2.0,12.0,1.0,0.0,0.813606737181544,1.2836359217762947,1.5,3.2244561333209276,0.0
10548,2018,9955,1212,Alessandro Murgia,h,MC,992.0,0.0,2.0,13.0,1.0,0.0,0.8251722957938906,1.4555351212620735,1.5,3.4310520086437464,0.0
