,season,matchId,playerId,player,homeOrAway,position,time,goals,assists,shots,yellowCard,redCard,xG,xA,bonus,xB,lastBonus
1562,2018,9633,6193,Amato Ciciretti,a,FWR,0.0,0.0,0.0,0.0,0.0,0.0,0.0,0.0,0.0,0.0,0.0
2390,2018,9662,6193,Amato Ciciretti,h,Sub,61.0,0.0,0.0,0.0,0.0,0.0,0.0,0.0,0.0,0.0,0.0
2515,2018,9667,6193,Amato Ciciretti,a,Sub,72.0,0.0,0.0,0.0,0.0,0.0,0.0,0.0,0.0,0.0,0.0
3732,2018,9711,6193,Amato Ciciretti,a,Sub,87.0,0.0,0.0,0.0,0.0,0.0,0.0,0.0772249400615692,0.0,0.0772249400615692,0.0
4339,2018,9735,6193,Amato Ciciretti,a,Sub,115.0,0.0,0.0,0.0,0.0,0.0,0.0,0.0880946973338723,0.0,0.0880946973338723,0.0
4546,2018,9740,6193,Amato Ciciretti,h,Sub,129.0,0.0,0.0,1.0,0.0,0.0,0.0699223205447197,0.0880946973338723,0.0,0.2978616589680314,0.0
