,season,matchId,playerId,player,homeOrAway,position,time,goals,assists,shots,yellowCard,redCard,xG,xA,bonus,xB,lastBonus
629,2018,9605,1997,Andrea Favilli,a,Sub,0.0,0.0,0.0,0.0,0.0,0.0,0.0,0.0,0.0,0.0,0.0
1730,2018,9650,1997,Andrea Favilli,h,Sub,41.0,0.0,2.0,1.0,0.0,0.0,0.027302136644721,0.7459896802902222,2.0,0.8278960902243853,2.0
4045,2018,9749,1997,Andrea Favilli,a,Sub,82.0,0.0,2.0,4.0,0.0,0.0,0.14344831369817249,0.7459896802902222,2.0,1.1763346213847399,0.0
4613,2018,9770,1997,Andrea Favilli,h,Sub,103.0,0.0,2.0,4.0,0.0,0.0,0.14344831369817249,0.7459896802902222,2.0,1.1763346213847399,0.0
