,season,matchId,playerId,player,homeOrAway,position,time,goals,assists,shots,yellowCard,redCard,xG,xA,bonus,xB,lastBonus
660,2018,9611,1517,Antonio Candreva,h,AMR,0.0,0.0,0.0,0.0,0.0,0.0,0.0,0.0,0.0,0.0,0.0
1006,2018,9624,1517,Antonio Candreva,a,AML,60.0,0.0,0.0,2.0,0.0,0.0,0.0803514719009399,0.0189011804759502,0.0,0.25995559617877,0.0
1160,2018,9631,1517,Antonio Candreva,h,AMR,132.0,0.0,0.0,7.0,0.0,0.0,0.2336535602807998,0.2772854976356029,0.0,0.9782461784780025,0.0
1446,2018,9644,1517,Antonio Candreva,h,AML,192.0,0.0,0.0,9.0,0.0,0.0,0.32223694771528233,0.314293760806322,0.0,1.2810046039521694,0.0
5017,2018,9793,1517,Antonio Candreva,h,AMR,262.0,0.0,0.0,10.0,0.0,0.0,0.6426564082503317,0.356262408196926,0.0,2.2842316329479218,0.0
5503,2018,9811,1517,Antonio Candreva,h,Sub,309.0,0.0,0.0,11.0,0.0,0.0,0.6625150609761473,0.38706268742680533,0.0,2.3746078703552485,0.0
6126,2018,9841,1517,Antonio Candreva,h,Sub,329.0,0.0,0.0,11.0,0.0,0.0,0.6625150609761473,0.42950520291924454,0.0,2.4170503858476877,0.0
8333,2018,9935,1517,Antonio Candreva,h,Sub,378.0,0.0,0.0,13.0,0.0,0.0,0.7289842385798689,0.42950520291924454,0.0,2.6164579186588526,0.0
