,season,matchId,playerId,player,homeOrAway,position,time,goals,assists,shots,yellowCard,redCard,xG,xA,bonus,xB,lastBonus
89,2018,9582,6208,Antonin Barak,a,AMC,0.0,0.0,0.0,0.0,0.0,0.0,0.0,0.0,0.0,0.0,0.0
1186,2018,9636,6208,Antonin Barak,h,AMC,62.0,0.0,0.0,1.0,0.0,0.0,0.1134712547063827,0.1786400377750396,0.0,0.5190538018941879,0.0
1678,2018,9656,6208,Antonin Barak,h,MR,135.0,0.0,0.0,1.0,0.0,0.0,0.1134712547063827,0.1786400377750396,0.0,0.5190538018941879,0.0
1919,2018,9665,6208,Antonin Barak,h,Sub,211.0,0.0,0.0,3.0,0.0,0.0,0.1518032178282737,0.1786400377750396,0.0,0.6340496912598609,0.0
2224,2018,9670,6208,Antonin Barak,a,MC,228.0,0.0,0.0,3.0,0.0,0.0,0.1518032178282737,0.1786400377750396,0.0,0.6340496912598609,0.0
