,season,matchId,playerId,player,homeOrAway,position,time,goals,assists,shots,yellowCard,redCard,xG,xA,bonus,xB,lastBonus
107,2018,9582,6208,Antonin Barak,a,AMC,0.0,0.0,0.0,0.0,0.0,0.0,0.0,0.0,0.0,0.0,0.0
964,2018,9616,6208,Antonin Barak,h,Sub,62.0,0.0,0.0,1.0,0.0,0.0,0.1134712547063827,0.1786400377750396,0.0,0.5190538018941879,0.0
1286,2018,9618,6208,Antonin Barak,a,Sub,65.0,0.0,0.0,1.0,0.0,0.0,0.1134712547063827,0.1786400377750396,0.0,0.5190538018941879,0.0
1409,2018,9636,6208,Antonin Barak,h,AMC,66.0,0.0,0.0,1.0,0.0,0.0,0.1134712547063827,0.1786400377750396,0.0,0.5190538018941879,0.0
1994,2018,9656,6208,Antonin Barak,h,MR,139.0,0.0,0.0,1.0,0.0,0.0,0.1134712547063827,0.1786400377750396,0.0,0.5190538018941879,0.0
2279,2018,9665,6208,Antonin Barak,h,Sub,215.0,0.0,0.0,3.0,0.0,0.0,0.1518032178282737,0.1786400377750396,0.0,0.6340496912598609,0.0
2651,2018,9670,6208,Antonin Barak,a,MC,232.0,0.0,0.0,3.0,0.0,0.0,0.1518032178282737,0.1786400377750396,0.0,0.6340496912598609,0.0
4918,2018,9755,6208,Antonin Barak,a,Sub,312.0,0.0,0.0,4.0,0.0,0.0,0.17583420686423767,0.1941419979557394,0.0,0.7216446185484526,0.0
