,season,matchId,playerId,player,homeOrAway,position,time,goals,assists,shots,yellowCard,redCard,xG,xA,bonus,xB,lastBonus
2925,2018,9697,1147,Cyril Théréau,a,Sub,0.0,0.0,0.0,0.0,0.0,0.0,0.0,0.0,0.0,0.0,0.0
5089,2018,9789,1147,Cyril Théréau,h,Sub,17.0,0.0,0.0,1.0,0.0,0.0,0.0509921200573444,0.0,0.0,0.1529763601720333,0.0
6091,2018,9837,1147,Cyril Théréau,a,Sub,40.0,0.0,0.0,2.0,0.0,0.0,0.0967160463333129,0.0,0.0,0.2901481389999389,0.0
6482,2018,9858,1147,Cyril Théréau,a,FW,58.0,0.0,0.0,2.0,0.0,0.0,0.0967160463333129,0.0,0.0,0.2901481389999389,0.0
