,season,matchId,playerId,player,homeOrAway,position,time,goals,assists,shots,yellowCard,redCard,xG,xA,bonus,xB,lastBonus
3490,2018,9697,1147,Cyril Théréau,a,Sub,0.0,0.0,0.0,0.0,0.0,0.0,0.0,0.0,0.0,0.0,0.0
3665,2018,9709,1147,Cyril Théréau,h,Sub,17.0,0.0,0.0,1.0,0.0,0.0,0.0509921200573444,0.0,0.0,0.1529763601720333,0.0
6099,2018,9789,1147,Cyril Théréau,h,Sub,26.0,0.0,0.0,1.0,1.0,0.0,0.0509921200573444,0.0,-0.5,-0.3470236398279667,-0.5
7311,2018,9837,1147,Cyril Théréau,a,Sub,49.0,0.0,0.0,2.0,1.0,0.0,0.0967160463333129,0.0,-0.5,-0.2098518610000611,0.0
7491,2018,9848,1147,Cyril Théréau,h,Sub,67.0,0.0,0.0,2.0,1.0,0.0,0.0967160463333129,0.0,-0.5,-0.2098518610000611,0.0
7781,2018,9858,1147,Cyril Théréau,a,FW,72.0,0.0,0.0,2.0,1.0,0.0,0.0967160463333129,0.0,-0.5,-0.2098518610000611,0.0
9232,2018,9908,1147,Cyril Théréau,a,Sub,144.0,0.0,0.0,3.0,1.0,0.0,0.1209969017654656,0.0,-0.5,-0.1370092947036029,0.0
