,season,matchId,playerId,player,homeOrAway,position,time,goals,assists,shots,yellowCard,redCard,xG,xA,bonus,xB,lastBonus
1361,2018,9620,1301,Daniele Rugani,a,DC,0.0,0.0,0.0,0.0,0.0,0.0,0.0,0.0,0.0,0.0,0.0
2535,2018,9669,1301,Daniele Rugani,a,DC,90.0,0.0,0.0,1.0,0.0,0.0,0.1155947148799896,0.0,0.0,0.3467841446399688,0.0
3383,2018,9702,1301,Daniele Rugani,h,DC,180.0,0.0,0.0,1.0,0.0,0.0,0.1155947148799896,0.0,0.0,0.3467841446399688,0.0
5006,2018,9760,1301,Daniele Rugani,h,DC,270.0,0.0,0.0,1.0,0.0,0.0,0.1155947148799896,0.0,0.0,0.3467841446399688,0.0
5532,2018,9772,1301,Daniele Rugani,h,DC,360.0,0.0,0.0,1.0,1.0,0.0,0.1155947148799896,0.0,-0.5,-0.15321585536003118,-0.5
5797,2018,9786,1301,Daniele Rugani,a,DC,450.0,1.0,0.0,3.0,1.0,0.0,0.7122901380062103,0.0,2.5,1.636870414018631,3.0
5895,2018,9794,1301,Daniele Rugani,h,DC,540.0,1.0,0.0,3.0,2.0,0.0,0.7122901380062103,0.0,2.0,1.136870414018631,-0.5
6351,2018,9805,1301,Daniele Rugani,a,DC,630.0,2.0,0.0,4.0,2.0,0.0,0.8124698102474213,0.0,5.0,1.4374094307422638,3.0
6798,2018,9817,1301,Daniele Rugani,a,DC,720.0,2.0,0.0,5.0,2.0,0.0,1.146404504776001,0.0,5.0,2.439213514328003,0.0
7201,2018,9842,1301,Daniele Rugani,h,DC,810.0,2.0,0.0,6.0,2.0,0.0,1.158665961585939,0.0,5.0,2.475997884757817,0.0
7606,2018,9850,1301,Daniele Rugani,a,DC,900.0,2.0,0.0,8.0,2.0,0.0,1.6179439192637801,0.0,5.0,3.8538317577913404,0.0
7815,2018,9862,1301,Daniele Rugani,h,DC,990.0,2.0,0.0,8.0,2.0,0.0,1.6179439192637801,0.0,5.0,3.8538317577913404,0.0
8341,2018,9886,1301,Daniele Rugani,h,DC,1080.0,2.0,0.0,8.0,2.0,0.0,1.6179439192637801,0.0,5.0,3.8538317577913404,0.0
9096,2018,9901,1301,Daniele Rugani,h,DC,1170.0,2.0,0.0,9.0,2.0,0.0,1.7306412300094962,0.0,5.0,4.191923690028489,0.0
10529,2018,9954,1301,Daniele Rugani,a,DC,1260.0,2.0,0.0,9.0,2.0,0.0,1.7306412300094962,0.0,5.0,4.191923690028489,0.0
