,season,matchId,playerId,player,homeOrAway,position,time,goals,assists,shots,yellowCard,redCard,xG,xA,bonus,xB,lastBonus
184,2018,9586,1871,Danilo Soddimo,a,Sub,0.0,0.0,0.0,0.0,0.0,0.0,0.0,0.0,0.0,0.0,0.0
710,2018,9609,1871,Danilo Soddimo,h,MC,26.0,0.0,0.0,0.0,0.0,0.0,0.0,0.0,0.0,0.0,0.0
1342,2018,9634,1871,Danilo Soddimo,a,Sub,116.0,0.0,0.0,1.0,1.0,0.0,0.0181738696992397,0.1929171532392501,0.0,-0.2525612376630306,0.0
1543,2018,9643,1871,Danilo Soddimo,h,Sub,134.0,0.0,0.0,2.0,1.0,0.0,0.097204852849245,0.2989886850118636,0.0,0.09060324355959887,0.0
3598,2018,9732,1871,Danilo Soddimo,h,Sub,162.0,0.0,0.0,2.0,1.0,0.0,0.097204852849245,0.3214530441910027,0.0,0.11306760273873796,0.0
