,season,matchId,playerId,player,homeOrAway,position,time,goals,assists,shots,yellowCard,redCard,xG,xA,bonus,xB,lastBonus
4510,2018,9769,6691,Dejan Kulusevski,a,Sub,0.0,0.0,0.0,0.0,0.0,0.0,0.0,0.0,0.0,0.0,0.0
5386,2018,9807,6691,Dejan Kulusevski,h,Sub,19.0,0.0,0.0,1.0,0.0,0.0,0.0161960683763027,0.0,0.0,0.0485882051289081,0.0
5609,2018,9826,6691,Dejan Kulusevski,a,Sub,49.0,0.0,0.0,2.0,0.0,0.0,0.08964287862181661,0.0,0.0,0.2689286358654498,0.0
