,season,matchId,playerId,player,homeOrAway,position,time,goals,assists,shots,yellowCard,redCard,xG,xA,bonus,xB,lastBonus
3380,2018,9722,7084,Dusan Vlahovic,a,FW,0.0,0.0,0.0,0.0,0.0,0.0,0.0,0.0,0.0,0.0,0.0
6591,2018,9859,7084,Dusan Vlahovic,h,Sub,56.0,0.0,0.0,1.0,0.0,0.0,0.0496308170258998,0.0698122754693031,0.0,0.2187047265470028,0.0
7970,2018,9918,7084,Dusan Vlahovic,a,Sub,77.0,0.0,0.0,4.0,0.0,0.0,0.541386093944311,0.10161181166768071,0.0,1.7257700935006142,0.0
8172,2018,9933,7084,Dusan Vlahovic,h,Sub,99.0,0.0,0.0,5.0,0.0,0.0,1.0071485005319118,0.10161181166768071,0.0,3.1230573132634163,0.0
