,season,matchId,playerId,player,homeOrAway,position,time,goals,assists,shots,yellowCard,redCard,xG,xA,bonus,xB,lastBonus
181,2018,9586,1151,Emil Hallfredsson,a,MC,0.0,0.0,0.0,0.0,0.0,0.0,0.0,0.0,0.0,0.0,0.0
714,2018,9609,1151,Emil Hallfredsson,h,Sub,90.0,0.0,0.0,1.0,0.0,0.0,0.0198951642960309,0.016994060948491,0.0,0.076679553836584,0.0
1137,2018,9620,1151,Emil Hallfredsson,h,MC,117.0,0.0,0.0,1.0,0.0,0.0,0.0198951642960309,0.030137448571622198,0.0,0.0898229414597152,0.0
1539,2018,9643,1151,Emil Hallfredsson,h,MC,202.0,0.0,0.0,1.0,0.0,0.0,0.0198951642960309,0.042402221821248295,0.0,0.1020877147093413,0.0
1645,2018,9655,1151,Emil Hallfredsson,a,MC,292.0,0.0,0.0,1.0,1.0,0.0,0.0198951642960309,0.0546517400071022,0.0,-0.3856627671048047,0.0
7935,2018,9921,1151,Emil Hallfredsson,h,Sub,382.0,0.0,0.0,1.0,2.0,0.0,0.0198951642960309,0.0546517400071022,0.0,-0.8856627671048047,0.0
8252,2018,9934,1151,Emil Hallfredsson,a,Sub,399.0,0.0,0.0,1.0,2.0,0.0,0.0198951642960309,0.0546517400071022,0.0,-0.8856627671048047,0.0
8683,2018,9949,1151,Emil Hallfredsson,a,MC,426.0,0.0,0.0,1.0,2.0,0.0,0.0198951642960309,0.0772694228217002,0.0,-0.8630450842902068,0.0
