,season,matchId,playerId,player,homeOrAway,position,time,goals,assists,shots,yellowCard,redCard,xG,xA,bonus,xB,lastBonus
162,2018,9585,6516,Everton Luiz,a,Sub,0.0,0.0,0.0,0.0,0.0,0.0,0.0,0.0,0.0,0.0,0.0
243,2018,9589,6516,Everton Luiz,h,Sub,20.0,0.0,0.0,0.0,0.0,0.0,0.0,0.0,0.0,0.0,0.0
880,2018,9615,6516,Everton Luiz,h,Sub,45.0,0.0,0.0,0.0,0.0,0.0,0.0,0.0,0.0,0.0,0.0
1354,2018,9635,6516,Everton Luiz,h,Sub,61.0,0.0,0.0,0.0,1.0,0.0,0.0,0.0,0.0,-0.5,0.0
1623,2018,9638,6516,Everton Luiz,a,MC,77.0,0.0,0.0,1.0,1.0,0.0,0.0171709302812814,0.0,0.0,-0.4484872091561556,0.0
1886,2018,9663,6516,Everton Luiz,a,Sub,144.0,0.0,0.0,1.0,2.0,0.0,0.0171709302812814,0.0,0.0,-0.9484872091561556,0.0
2241,2018,9674,6516,Everton Luiz,h,Sub,168.0,0.0,0.0,1.0,3.0,0.0,0.0171709302812814,0.0,0.0,-1.4484872091561556,0.0
2460,2018,9682,6516,Everton Luiz,a,MC,198.0,0.0,0.0,2.0,3.0,0.0,0.0284681553021072,0.0,0.0,-1.414595534093678,0.0
