,season,matchId,playerId,player,homeOrAway,position,time,goals,assists,shots,yellowCard,redCard,xG,xA,bonus,xB,lastBonus
5063,2018,9791,1456,Federico Viviani,h,MC,0.0,0.0,0.0,0.0,0.0,0.0,0.0,0.0,0.0,0.0,0.0
5348,2018,9812,1456,Federico Viviani,a,MC,77.0,0.0,0.0,1.0,0.0,0.0,0.0460593663156032,0.0,0.0,0.1381780989468097,0.0
5617,2018,9820,1456,Federico Viviani,h,MC,167.0,0.0,0.0,2.0,0.0,0.0,0.0758102983236312,0.1138642653822898,0.0,0.34129516035318364,0.0
5948,2018,9833,1456,Federico Viviani,a,MC,257.0,0.0,0.0,3.0,0.0,0.0,0.0945301428437232,0.135933645069599,0.0,0.41952407360076893,0.0
6609,2018,9860,1456,Federico Viviani,h,MC,314.0,0.0,0.0,3.0,1.0,0.0,0.0945301428437232,0.135933645069599,0.0,-0.08047592639923107,0.0
