,season,matchId,playerId,player,homeOrAway,position,time,goals,assists,shots,yellowCard,redCard,xG,xA,bonus,xB,lastBonus
7672,2018,9849,1867,Federico Dionisi,a,Sub,0.0,0.0,0.0,0.0,0.0,0.0,0.0,0.0,0.0,0.0,0.0
7936,2018,9860,1867,Federico Dionisi,h,Sub,2.0,0.0,0.0,2.0,0.0,0.0,0.0526028871536254,0.0,0.0,0.1578086614608764,0.0
8826,2018,9890,1867,Federico Dionisi,h,Sub,12.0,0.0,0.0,2.0,1.0,0.0,0.0526028871536254,0.0,-0.5,-0.3421913385391236,-0.5
8981,2018,9898,1867,Federico Dionisi,a,Sub,14.0,0.0,0.0,3.0,1.0,0.0,0.0737019758671521,0.0,-0.5,-0.27889407239854347,0.0
9273,2018,9916,1867,Federico Dionisi,h,Sub,28.0,0.0,0.0,3.0,1.0,0.0,0.0737019758671521,0.0238217376172542,-0.5,-0.25507233478128927,0.0
9593,2018,9920,1867,Federico Dionisi,a,Sub,52.0,0.0,0.0,4.0,2.0,0.0,0.1123397145420311,0.12545817717909802,-1.0,-0.5375226791948082,-0.5
9886,2018,9934,1867,Federico Dionisi,h,Sub,59.0,0.0,0.0,4.0,2.0,0.0,0.1123397145420311,0.12545817717909802,-1.0,-0.5375226791948082,0.0
10207,2018,9942,1867,Federico Dionisi,a,Sub,83.0,1.0,0.0,6.0,2.0,0.0,0.1522571016103027,0.2848103456199168,2.0,-0.25841834954917453,3.0
10330,2018,9951,1867,Federico Dionisi,h,FW,108.0,1.0,0.0,8.0,2.0,0.0,0.447275089100003,0.4271005801856516,2.0,0.7689258474856613,0.0
