,season,matchId,playerId,player,homeOrAway,position,time,goals,assists,shots,yellowCard,redCard,xG,xA,bonus,xB,lastBonus
7725,2018,9916,1867,Federico Dionisi,h,Sub,0.0,0.0,0.0,0.0,0.0,0.0,0.0,0.0,0.0,0.0,0.0
8240,2018,9934,1867,Federico Dionisi,h,Sub,24.0,0.0,0.0,1.0,1.0,0.0,0.038637738674879,0.1016364395618438,0.0,-0.2824503444135189,0.0
8506,2018,9942,1867,Federico Dionisi,a,Sub,48.0,1.0,0.0,3.0,1.0,0.0,0.0785551257431506,0.2609886080026626,3.0,-0.003346014767885208,3.0
8607,2018,9951,1867,Federico Dionisi,h,FW,73.0,1.0,0.0,5.0,1.0,0.0,0.3735731132328509,0.4032788425683974,3.0,1.0239981822669506,0.0
