,season,matchId,playerId,player,homeOrAway,position,time,goals,assists,shots,yellowCard,redCard,xG,xA,bonus,xB,lastBonus
306,2018,9589,1324,Federico Dimarco,a,Sub,0.0,0.0,0.0,0.0,0.0,0.0,0.0,0.0,0.0,0.0,0.0
810,2018,9611,1324,Federico Dimarco,a,Sub,9.0,0.0,0.0,0.0,0.0,0.0,0.0,0.0,0.0,0.0,0.0
1124,2018,9623,1324,Federico Dimarco,h,DL,52.0,1.0,0.0,1.0,1.0,0.0,0.0097373584285378,0.0,2.5,-0.4707879247143864,2.5
1852,2018,9645,1324,Federico Dimarco,h,DL,142.0,1.0,0.0,3.0,1.0,0.0,0.1190650919452309,0.5945728421211243,2.5,0.4517681179568172,0.0
7232,2018,9843,1324,Federico Dimarco,h,DL,188.0,1.0,0.0,4.0,1.0,0.0,0.1288963323459028,0.5945728421211243,2.5,0.481261839158833,0.0
7691,2018,9851,1324,Federico Dimarco,a,DL,272.0,1.0,0.0,6.0,1.0,0.0,0.1767692444846032,0.6654772534966469,2.5,0.6957849869504571,0.0
8318,2018,9883,1324,Federico Dimarco,h,DML,362.0,1.0,0.0,6.0,1.0,0.0,0.1767692444846032,0.7155504263937473,2.5,0.7458581598475575,0.0
8777,2018,9894,1324,Federico Dimarco,a,DL,452.0,1.0,0.0,8.0,1.0,0.0,0.2898276103660462,0.7155504263937473,2.5,1.0850332574918866,0.0
8903,2018,9904,1324,Federico Dimarco,h,DL,542.0,1.0,0.0,10.0,2.0,0.0,0.3570849848911163,0.7155504263937473,2.0,0.7868053810670972,-0.5
9336,2018,9914,1324,Federico Dimarco,a,DML,615.0,1.0,0.0,10.0,2.0,0.0,0.3570849848911163,0.7615722604095936,2.0,0.8328272150829434,0.0
9628,2018,9926,1324,Federico Dimarco,h,DML,705.0,1.0,0.0,12.0,2.0,0.0,0.4337993515655395,0.8835010640323162,2.0,1.1848991187289357,0.0
9976,2018,9931,1324,Federico Dimarco,a,DML,795.0,1.0,0.0,13.0,3.0,0.0,0.4562696488574143,0.8835010640323162,1.5,0.7523100106045604,-0.5
10165,2018,9943,1324,Federico Dimarco,h,Sub,885.0,1.0,0.0,14.0,4.0,0.0,0.4751762123778458,0.9814576543867588,1.0,0.4069862915202976,-0.5
