,season,matchId,playerId,player,homeOrAway,position,time,goals,assists,shots,yellowCard,redCard,xG,xA,bonus,xB,lastBonus
273,2018,9588,1121,Giacomo Bonaventura,a,MC,0.0,0.0,0.0,0.0,0.0,0.0,0.0,0.0,0.0,0.0,0.0
509,2018,9597,1121,Giacomo Bonaventura,h,MC,84.0,1.0,0.0,1.0,0.0,0.0,0.0619969815015792,0.1788689196109771,3.0,0.364859864115715,3.0
1029,2018,9607,1121,Giacomo Bonaventura,a,MC,168.0,1.0,0.0,4.0,0.0,0.0,0.13171775639057148,0.25271248817443837,3.0,0.6478657573461533,0.0
1323,2018,9622,1121,Giacomo Bonaventura,h,MC,234.0,1.0,0.0,8.0,0.0,0.0,0.9868166595697402,0.29806111380457867,3.0,3.2585110925137997,0.0
1645,2018,9629,1121,Giacomo Bonaventura,a,MC,310.0,2.0,0.0,13.0,0.0,0.0,1.339659258723259,0.29806111380457867,6.0,4.317038889974356,3.0
1897,2018,9639,1121,Giacomo Bonaventura,a,MC,400.0,2.0,0.0,17.0,0.0,0.0,1.5175620913505554,0.3574652075767516,6.0,4.910151481628418,0.0
2134,2018,9652,1121,Giacomo Bonaventura,h,MC,490.0,2.0,1.0,19.0,0.0,0.0,2.104264736175537,0.4014640748500822,7.0,6.714258283376694,1.0
2455,2018,9666,1121,Giacomo Bonaventura,a,MC,567.0,3.0,1.0,25.0,0.0,0.0,2.7820608019828796,0.4014640748500822,10.0,8.747646480798721,3.0
