,season,matchId,playerId,player,homeOrAway,position,time,goals,assists,shots,yellowCard,redCard,xG,xA,bonus,xB,lastBonus
2822,2018,9706,1281,Giuseppe Pezzella,h,Sub,0.0,0.0,0.0,0.0,0.0,0.0,0.0,0.0,0.0,0.0,0.0
3171,2018,9713,1281,Giuseppe Pezzella,a,DL,19.0,0.0,0.0,1.0,0.0,0.0,0.0167612843215465,0.1224575191736221,0.0,0.1727413721382618,0.0
3413,2018,9723,1281,Giuseppe Pezzella,h,DML,109.0,0.0,0.0,1.0,1.0,0.0,0.0167612843215465,0.1224575191736221,0.0,-0.3272586278617382,0.0
6792,2018,9871,1281,Giuseppe Pezzella,h,DL,185.0,0.0,0.0,1.0,1.0,0.0,0.0167612843215465,0.1224575191736221,0.0,-0.3272586278617382,0.0
