,season,matchId,playerId,player,homeOrAway,position,time,goals,assists,shots,yellowCard,redCard,xG,xA,bonus,xB,lastBonus
6794,2018,9817,1452,Godfred Donsah,h,Sub,0.0,0.0,0.0,0.0,0.0,0.0,0.0,0.0,0.0,0.0,0.0
7115,2018,9829,1452,Godfred Donsah,a,Sub,11.0,0.0,0.0,0.0,0.0,0.0,0.0,0.0112516013905406,0.0,0.0112516013905406,0.0
7992,2018,9857,1452,Godfred Donsah,h,Sub,34.0,0.0,0.0,0.0,0.0,0.0,0.0,0.0112516013905406,0.0,0.0112516013905406,0.0
8304,2018,9867,1452,Godfred Donsah,a,MC,39.0,0.0,0.0,1.0,0.0,0.0,0.0273019224405288,0.0112516013905406,0.0,0.0931573687121272,0.0
8730,2018,9889,1452,Godfred Donsah,a,Sub,129.0,0.0,0.0,2.0,0.0,0.0,0.1071737259626387,0.0112516013905406,0.0,0.3327727792784571,0.0
8939,2018,9897,1452,Godfred Donsah,h,Sub,141.0,0.0,0.0,2.0,0.0,0.0,0.1071737259626387,0.0112516013905406,0.0,0.3327727792784571,0.0
