,season,matchId,playerId,player,homeOrAway,position,time,goals,assists,shots,yellowCard,redCard,xG,xA,bonus,xB,lastBonus
76,2018,9579,3295,Javier Pastore,a,MC,0.0,0.0,0.0,0.0,0.0,0.0,0.0,0.0,0.0,0.0,0.0
486,2018,9596,3295,Javier Pastore,h,FWL,78.0,0.0,0.0,2.0,0.0,0.0,0.2354616075754165,0.0793899893760681,0.0,0.7857748121023178,0.0
526,2018,9597,3295,Javier Pastore,a,AMC,168.0,1.0,0.0,4.0,0.0,0.0,0.583687201142311,0.2666959911584854,3.0,2.0177575945854187,3.0
1258,2018,9617,3295,Javier Pastore,a,Sub,236.0,1.0,0.0,4.0,0.0,0.0,0.583687201142311,0.29740000516176224,3.0,2.0484616085886955,0.0
1576,2018,9634,3295,Javier Pastore,h,AMC,271.0,1.0,0.0,5.0,0.0,0.0,0.6539930552244185,0.3732154071331023,3.0,2.3351945728063583,0.0
1660,2018,9637,3295,Javier Pastore,h,AMC,338.0,2.0,0.0,8.0,0.0,0.0,0.9682636111974715,0.4032750353217123,6.0,3.3080658689141273,3.0
2223,2018,9663,3295,Javier Pastore,h,Sub,374.0,2.0,0.0,9.0,0.0,0.0,1.1948310583829878,0.42177593894302823,6.0,4.006269114091992,0.0
3859,2018,9716,3295,Javier Pastore,h,Sub,386.0,2.0,0.0,9.0,0.0,0.0,1.1948310583829878,0.42177593894302823,6.0,4.006269114091992,0.0
3981,2018,9724,3295,Javier Pastore,a,Sub,393.0,2.0,0.0,10.0,0.0,0.0,1.265846788883209,0.42177593894302823,6.0,4.219316305592656,0.0
4932,2018,9753,3295,Javier Pastore,h,Sub,400.0,2.0,0.0,10.0,0.0,0.0,1.265846788883209,0.42177593894302823,6.0,4.219316305592656,0.0
7032,2018,9834,3295,Javier Pastore,a,Sub,425.0,2.0,0.0,10.0,0.0,0.0,1.265846788883209,0.42177593894302823,6.0,4.219316305592656,0.0
9213,2018,9908,3295,Javier Pastore,h,AMC,448.0,2.0,0.0,12.0,0.0,0.0,1.954248249530792,0.42177593894302823,6.0,6.284520687535405,0.0
10095,2018,9944,3295,Javier Pastore,a,Sub,512.0,3.0,0.0,14.0,0.0,0.0,2.187736481428146,0.5383241493254898,9.0,7.101533593609929,3.0
10493,2018,9953,3295,Javier Pastore,h,AMC,535.0,3.0,0.0,15.0,0.0,0.0,2.2767041251063342,0.9114333409816024,9.0,7.741545716300607,0.0
