,season,matchId,playerId,player,homeOrAway,position,time,goals,assists,shots,yellowCard,redCard,xG,xA,bonus,xB,lastBonus
325,2018,9592,1190,Joel Obi,a,Sub,0.0,0.0,0.0,0.0,0.0,0.0,0.0,0.0,0.0,0.0,0.0
539,2018,9602,1190,Joel Obi,h,MC,43.0,0.0,0.0,1.0,0.0,0.0,0.0089920237660408,0.0,0.0,0.0269760712981224,0.0
747,2018,9614,1190,Joel Obi,a,MC,128.0,0.0,0.0,2.0,0.0,0.0,0.037350637838244403,0.4110421240329742,0.0,0.5230940375477074,0.0
1064,2018,9618,1190,Joel Obi,h,MC,176.0,0.0,0.0,3.0,0.0,0.0,0.0775174852460622,0.4110421240329742,0.0,0.643594579771161,0.0
2471,2018,9678,1190,Joel Obi,h,MC,255.0,0.0,0.0,3.0,0.0,0.0,0.0775174852460622,0.4869424775242805,0.0,0.7194949332624673,0.0
2703,2018,9688,1190,Joel Obi,h,MC,327.0,0.0,0.0,3.0,1.0,0.0,0.0775174852460622,0.4869424775242805,0.0,0.21949493326246727,0.0
2967,2018,9704,1190,Joel Obi,a,MC,414.0,1.0,0.0,5.0,1.0,0.0,0.7529235240072011,0.5152476169168948,3.0,2.2740181889384985,3.0
3206,2018,9708,1190,Joel Obi,h,MC,479.0,1.0,0.0,8.0,1.0,0.0,0.93083100579679,0.5152476169168948,3.0,2.8077406343072653,0.0
3401,2018,9721,1190,Joel Obi,a,MC,555.0,1.0,0.0,8.0,1.0,0.0,0.93083100579679,1.128665778785944,3.0,3.4211587961763144,0.0
