,season,matchId,playerId,player,homeOrAway,position,time,goals,assists,shots,yellowCard,redCard,xG,xA,bonus,xB,lastBonus
399,2018,9593,1356,Lorenzo Crisetig,h,MC,0.0,0.0,0.0,0.0,0.0,0.0,0.0,0.0,0.0,0.0,0.0
1356,2018,9620,1356,Lorenzo Crisetig,h,Sub,90.0,0.0,0.0,0.0,0.0,0.0,0.0,0.0,0.0,0.0,0.0
1588,2018,9634,1356,Lorenzo Crisetig,a,MC,132.0,0.0,0.0,0.0,0.0,0.0,0.0,0.0,0.0,0.0,0.0
3428,2018,9701,1356,Lorenzo Crisetig,a,MC,222.0,0.0,0.0,0.0,0.0,0.0,0.0,0.0487071201205253,0.0,0.0487071201205253,0.0
3747,2018,9710,1356,Lorenzo Crisetig,h,Sub,312.0,0.0,0.0,0.0,1.0,0.0,0.0,0.0487071201205253,-0.5,-0.4512928798794747,-0.5
4615,2018,9742,1356,Lorenzo Crisetig,a,Sub,331.0,0.0,0.0,0.0,1.0,0.0,0.0,0.0487071201205253,-0.5,-0.4512928798794747,0.0
4733,2018,9751,1356,Lorenzo Crisetig,h,MC,332.0,0.0,0.0,0.0,1.0,0.0,0.0,0.0487071201205253,-0.5,-0.4512928798794747,0.0
5052,2018,9757,1356,Lorenzo Crisetig,a,MC,422.0,0.0,0.0,0.0,2.0,0.0,0.0,0.0487071201205253,-1.0,-0.9512928798794746,-0.5
