,season,matchId,playerId,player,homeOrAway,position,time,goals,assists,shots,yellowCard,redCard,xG,xA,bonus,xB,lastBonus
2936,2018,9682,6975,Lorenzo Dickmann,a,Sub,0.0,0.0,0.0,0.0,0.0,0.0,0.0,0.0,0.0,0.0,0.0
4906,2018,9755,6975,Lorenzo Dickmann,h,Sub,8.0,0.0,0.0,0.0,0.0,0.0,0.0,0.0,0.0,0.0,0.0
5270,2018,9762,6975,Lorenzo Dickmann,a,DMR,22.0,0.0,0.0,1.0,0.0,0.0,0.1069721803069114,0.0,0.0,0.3209165409207344,0.0
6863,2018,9825,6975,Lorenzo Dickmann,a,Sub,69.0,0.0,0.0,1.0,0.0,0.0,0.1069721803069114,0.0,0.0,0.3209165409207344,0.0
7364,2018,9841,6975,Lorenzo Dickmann,a,Sub,72.0,0.0,0.0,1.0,0.0,0.0,0.1069721803069114,0.0,0.0,0.3209165409207344,0.0
8441,2018,9878,6975,Lorenzo Dickmann,a,DMR,95.0,0.0,0.0,1.0,0.0,0.0,0.1069721803069114,0.0,0.0,0.3209165409207344,0.0
