,season,matchId,playerId,player,homeOrAway,position,time,goals,assists,shots,yellowCard,redCard,xG,xA,bonus,xB,lastBonus
984,2018,9619,4908,Lorenco Simic,a,Sub,0.0,0.0,0.0,0.0,0.0,0.0,0.0,0.0,0.0,0.0,0.0
1344,2018,9635,4908,Lorenco Simic,h,DC,31.0,0.0,0.0,0.0,0.0,0.0,0.0,0.0,0.0,0.0,0.0
2637,2018,9694,4908,Lorenco Simic,h,Sub,121.0,0.0,0.0,3.0,0.0,0.0,0.1771418452262878,0.5867941975593567,0.0,1.1182197332382202,0.0
4750,2018,9778,4908,Lorenco Simic,a,DC,152.0,0.0,0.0,3.0,0.0,0.0,0.1771418452262878,0.5867941975593567,0.0,1.1182197332382202,0.0
