,season,matchId,playerId,player,homeOrAway,position,time,goals,assists,shots,yellowCard,redCard,xG,xA,bonus,xB,lastBonus
119,2018,9584,1590,Luca Antonelli,h,DL,0.0,0.0,0.0,0.0,0.0,0.0,0.0,0.0,0.0,0.0,0.0
364,2018,9594,1590,Luca Antonelli,a,DL,75.0,0.0,0.0,0.0,1.0,0.0,0.0,0.0414356365799903,0.0,-0.4585643634200096,0.0
1945,2018,9660,1590,Luca Antonelli,a,DL,165.0,0.0,0.0,0.0,1.0,0.0,0.0,0.0414356365799903,0.0,-0.4585643634200096,0.0
2119,2018,9669,1590,Luca Antonelli,h,DL,243.0,0.0,1.0,0.0,1.0,0.0,0.0,0.510537065565586,1.0,0.01053706556558609,1.0
2360,2018,9683,1590,Luca Antonelli,a,DL,315.0,0.0,1.0,0.0,1.0,0.0,0.0,0.510537065565586,1.0,0.01053706556558609,0.0
2726,2018,9689,1590,Luca Antonelli,h,DL,405.0,0.0,1.0,1.0,1.0,0.0,0.0131790768355131,0.5287606008350848,1.0,0.06829783134162419,0.0
3578,2018,9731,1590,Luca Antonelli,a,DL,495.0,0.0,1.0,1.0,1.0,0.0,0.0131790768355131,0.6022427864372729,1.0,0.1417800169438123,0.0
4154,2018,9756,1590,Luca Antonelli,a,DML,567.0,0.0,1.0,2.0,1.0,0.0,0.0895498227328061,0.6022427864372729,1.0,0.3708922546356915,0.0
4241,2018,9758,1590,Luca Antonelli,h,Sub,657.0,0.0,1.0,2.0,1.0,0.0,0.0895498227328061,0.6022427864372729,1.0,0.3708922546356915,0.0
7069,2018,9885,1590,Luca Antonelli,a,Sub,697.0,0.0,1.0,2.0,1.0,0.0,0.0895498227328061,0.6022427864372729,1.0,0.3708922546356915,0.0
