,season,matchId,playerId,player,homeOrAway,position,time,goals,assists,shots,yellowCard,redCard,xG,xA,bonus,xB,lastBonus
91,2018,9582,6998,Lukasz Teodorczyk,a,Sub,0.0,0.0,0.0,0.0,0.0,0.0,0.0,0.0,0.0,0.0,0.0
265,2018,9590,6998,Lukasz Teodorczyk,h,Sub,28.0,0.0,0.0,0.0,0.0,0.0,0.0,0.0,0.0,0.0,0.0
511,2018,9600,6998,Lukasz Teodorczyk,a,Sub,52.0,0.0,0.0,1.0,0.0,0.0,0.2934541702270508,0.0,0.0,0.8803625106811523,0.0
810,2018,9616,6998,Lukasz Teodorczyk,h,Sub,79.0,0.0,0.0,1.0,0.0,0.0,0.2934541702270508,0.0,0.0,0.8803625106811523,0.0
1079,2018,9618,6998,Lukasz Teodorczyk,a,FW,109.0,0.0,0.0,2.0,0.0,0.0,0.3096940014511347,0.0,0.0,0.929082004353404,0.0
1189,2018,9636,6998,Lukasz Teodorczyk,h,Sub,176.0,0.0,0.0,4.0,0.0,0.0,0.4867459330707788,0.0,0.0,1.4602377992123365,0.0
1485,2018,9640,6998,Lukasz Teodorczyk,a,Sub,193.0,0.0,0.0,6.0,0.0,0.0,0.9995158705860376,0.0,0.0,2.998547611758113,0.0
7416,2018,9821,6998,Lukasz Teodorczyk,a,Sub,218.0,0.0,0.0,6.0,0.0,0.0,0.9995158705860376,0.0,0.0,2.998547611758113,0.0
8686,2018,9949,6998,Lukasz Teodorczyk,a,FW,249.0,0.0,0.0,8.0,0.0,0.0,1.1045870054513216,0.0,0.0,3.313761016353965,0.0
