,season,matchId,playerId,player,homeOrAway,position,time,goals,assists,shots,yellowCard,redCard,xG,xA,bonus,xB,lastBonus
1814,2018,9652,1318,Manuel Pucciarelli,a,Sub,0.0,0.0,0.0,0.0,0.0,0.0,0.0,0.0,0.0,0.0,0.0
1987,2018,9658,1318,Manuel Pucciarelli,h,FW,22.0,0.0,0.0,0.0,0.0,0.0,0.0,0.0,0.0,0.0,0.0
6365,2018,9847,1318,Manuel Pucciarelli,a,Sub,78.0,0.0,0.0,0.0,0.0,0.0,0.0,0.0,0.0,0.0,0.0
6472,2018,9858,1318,Manuel Pucciarelli,h,Sub,97.0,0.0,0.0,1.0,0.0,0.0,0.0215594489127397,0.0,0.0,0.0646783467382192,0.0
6902,2018,9874,1318,Manuel Pucciarelli,a,FW,112.0,0.0,0.0,1.0,0.0,0.0,0.0215594489127397,0.0,0.0,0.0646783467382192,0.0
8620,2018,9951,1318,Manuel Pucciarelli,a,FW,183.0,0.0,0.0,1.0,0.0,0.0,0.0215594489127397,0.0111404415220022,0.0,0.0758187882602214,0.0
