,season,matchId,playerId,player,homeOrAway,position,time,goals,assists,shots,yellowCard,redCard,xG,xA,bonus,xB,lastBonus
1860,2018,9645,1478,Marcello Gazzola,h,Sub,0.0,0.0,0.0,0.0,0.0,0.0,0.0,0.0,0.0,0.0,0.0
3130,2018,9695,1478,Marcello Gazzola,a,Sub,20.0,0.0,0.0,0.0,0.0,0.0,0.0,0.0,0.0,0.0,0.0
3448,2018,9705,1478,Marcello Gazzola,h,Sub,39.0,0.0,0.0,0.0,0.0,0.0,0.0,0.0,0.0,0.0,0.0
4053,2018,9721,1478,Marcello Gazzola,h,Sub,45.0,0.0,0.0,0.0,0.0,0.0,0.0,0.0,0.0,0.0,0.0
4852,2018,9750,1478,Marcello Gazzola,a,DR,63.0,0.0,0.0,0.0,0.0,0.0,0.0,0.3612408638000488,0.0,0.3612408638000488,0.0
5332,2018,9776,1478,Marcello Gazzola,a,Sub,153.0,0.0,0.0,0.0,0.0,0.0,0.0,0.3612408638000488,0.0,0.3612408638000488,0.0
5680,2018,9778,1478,Marcello Gazzola,h,Sub,154.0,0.0,0.0,0.0,0.0,0.0,0.0,0.3612408638000488,0.0,0.3612408638000488,0.0
6879,2018,9823,1478,Marcello Gazzola,h,Sub,164.0,0.0,0.0,0.0,0.0,0.0,0.0,0.3612408638000488,0.0,0.3612408638000488,0.0
6976,2018,9832,1478,Marcello Gazzola,a,Sub,170.0,0.0,0.0,0.0,0.0,0.0,0.0,0.3612408638000488,0.0,0.3612408638000488,0.0
7698,2018,9851,1478,Marcello Gazzola,a,Sub,171.0,0.0,0.0,0.0,0.0,0.0,0.0,0.3612408638000488,0.0,0.3612408638000488,0.0
7882,2018,9863,1478,Marcello Gazzola,h,Sub,203.0,0.0,0.0,0.0,0.0,0.0,0.0,0.3612408638000488,0.0,0.3612408638000488,0.0
8133,2018,9870,1478,Marcello Gazzola,a,DR,227.0,0.0,0.0,0.0,0.0,0.0,0.0,0.3612408638000488,0.0,0.3612408638000488,0.0
8317,2018,9883,1478,Marcello Gazzola,h,DMR,310.0,0.0,0.0,0.0,1.0,0.0,0.0,0.3612408638000488,-0.5,-0.13875913619995123,-0.5
8774,2018,9894,1478,Marcello Gazzola,a,DR,398.0,0.0,0.0,0.0,2.0,0.0,0.0,0.3727176887914538,-1.0,-0.6272823112085462,-0.5
8904,2018,9904,1478,Marcello Gazzola,h,MR,488.0,0.0,0.0,0.0,2.0,0.0,0.0,0.3727176887914538,-1.0,-0.6272823112085462,0.0
9335,2018,9914,1478,Marcello Gazzola,a,DMR,578.0,0.0,0.0,1.0,2.0,0.0,0.0122071523219347,0.45141542982310046,-1.0,-0.5119631132110953,0.0
9627,2018,9926,1478,Marcello Gazzola,h,DMR,657.0,0.0,0.0,1.0,3.0,0.0,0.0122071523219347,0.45141542982310046,-1.5,-1.0119631132110953,-0.5
9975,2018,9931,1478,Marcello Gazzola,a,DMR,747.0,1.0,0.0,2.0,3.0,0.0,0.9422288555651903,0.45141542982310046,1.5,1.7781019965186715,3.0
10154,2018,9943,1478,Marcello Gazzola,h,DR,807.0,1.0,0.0,2.0,3.0,0.0,0.9422288555651903,0.45141542982310046,1.5,1.7781019965186715,0.0
10511,2018,9953,1478,Marcello Gazzola,a,Sub,897.0,1.0,0.0,2.0,3.0,0.0,0.9422288555651903,0.45141542982310046,1.5,1.7781019965186715,0.0
