,season,matchId,playerId,player,homeOrAway,position,time,goals,assists,shots,yellowCard,redCard,xG,xA,bonus,xB,lastBonus
1452,2018,9644,2603,Marco Andreolli,a,DC,0.0,0.0,0.0,0.0,0.0,0.0,0.0,0.0,0.0,0.0,0.0
6049,2018,9838,2603,Marco Andreolli,h,DC,90.0,0.0,0.0,1.0,1.0,0.0,0.0104638347402215,0.0,0.0,-0.4686084957793355,0.0
6355,2018,9847,2603,Marco Andreolli,a,DC,180.0,0.0,0.0,1.0,1.0,0.0,0.0104638347402215,0.0,0.0,-0.4686084957793355,0.0
6463,2018,9858,2603,Marco Andreolli,h,DC,270.0,0.0,0.0,1.0,2.0,0.0,0.0104638347402215,0.0,0.0,-0.9686084957793355,0.0
7152,2018,9877,2603,Marco Andreolli,a,DC,360.0,0.0,0.0,1.0,2.0,0.0,0.0104638347402215,0.0,0.0,-0.9686084957793355,0.0
7326,2018,9888,2603,Marco Andreolli,h,DC,450.0,0.0,0.0,2.0,3.0,0.0,0.07067411113530389,0.0,0.0,-1.287977666594088,0.0
7901,2018,9917,2603,Marco Andreolli,h,DC,540.0,0.0,0.0,2.0,3.0,0.0,0.07067411113530389,0.0,0.0,-1.287977666594088,0.0
8612,2018,9951,2603,Marco Andreolli,a,DC,630.0,0.0,0.0,3.0,3.0,0.0,0.1288833329454063,0.0,0.0,-1.1133500011637807,0.0
