,season,matchId,playerId,player,homeOrAway,position,time,goals,assists,shots,yellowCard,redCard,xG,xA,bonus,xB,lastBonus
165,2018,9584,1406,Marco Sau,a,Sub,0.0,0.0,0.0,0.0,0.0,0.0,0.0,0.0,0.0,0.0,0.0
346,2018,9591,1406,Marco Sau,h,FW,31.0,0.0,0.0,1.0,0.0,0.0,0.022524232044816,0.0557264052331447,0.0,0.1232991013675928,0.0
696,2018,9603,1406,Marco Sau,a,FW,103.0,0.0,0.0,2.0,0.0,0.0,0.4080862049013376,0.0557264052331447,0.0,1.2799850199371576,0.0
1021,2018,9607,1406,Marco Sau,h,Sub,182.0,0.0,0.0,2.0,0.0,0.0,0.4080862049013376,0.0557264052331447,0.0,1.2799850199371576,0.0
1143,2018,9623,1406,Marco Sau,a,FW,208.0,0.0,0.0,2.0,0.0,0.0,0.4080862049013376,0.0557264052331447,0.0,1.2799850199371576,0.0
1732,2018,9644,1406,Marco Sau,a,FW,298.0,0.0,0.0,5.0,1.0,0.0,0.5389974061399698,0.067652653902769,-0.5,1.1846448723226786,-0.5
2908,2018,9681,1406,Marco Sau,a,Sub,369.0,0.0,0.0,6.0,1.0,0.0,0.5852279383689164,0.067652653902769,-0.5,1.3233364690095186,0.0
3156,2018,9694,1406,Marco Sau,a,Sub,375.0,0.0,0.0,6.0,1.0,0.0,0.5852279383689164,0.1931269131600856,-0.5,1.4488107282668352,0.0
3609,2018,9698,1406,Marco Sau,h,Sub,399.0,0.0,0.0,6.0,2.0,0.0,0.5852279383689164,0.1931269131600856,-1.0,0.9488107282668352,-0.5
3757,2018,9710,1406,Marco Sau,a,AMC,406.0,0.0,0.0,6.0,2.0,0.0,0.5852279383689164,0.1931269131600856,-1.0,0.9488107282668352,0.0
3969,2018,9724,1406,Marco Sau,h,Sub,469.0,0.0,0.0,8.0,2.0,0.0,0.6936039123684166,0.2730628363788127,-1.0,1.3538745734840631,0.0
4351,2018,9730,1406,Marco Sau,h,Sub,484.0,1.0,0.0,9.0,3.0,0.0,0.8180182073265312,0.2730628363788127,1.5,1.227117458358407,2.5
4820,2018,9749,1406,Marco Sau,h,Sub,504.0,1.0,0.0,9.0,4.0,0.0,0.8180182073265312,0.32054977864027007,1.0,0.7746044006198645,-0.5
5222,2018,9766,1406,Marco Sau,a,Sub,517.0,1.0,0.0,9.0,4.0,0.0,0.8180182073265312,0.36339187994599315,1.0,0.8174465019255875,0.0
6293,2018,9804,1406,Marco Sau,h,Sub,542.0,1.0,0.0,9.0,4.0,0.0,0.8180182073265312,0.36339187994599315,1.0,0.8174465019255875,0.0
7532,2018,9853,1406,Marco Sau,a,Sub,558.0,1.0,0.0,9.0,4.0,0.0,0.8180182073265312,0.36339187994599315,1.0,0.8174465019255875,0.0
8378,2018,9884,1406,Marco Sau,h,Sub,559.0,1.0,0.0,9.0,4.0,0.0,0.8180182073265312,0.36339187994599315,1.0,0.8174465019255875,0.0
9858,2018,9929,1406,Marco Sau,h,Sub,560.0,1.0,0.0,9.0,4.0,0.0,0.8180182073265312,0.36339187994599315,1.0,0.8174465019255875,0.0
10124,2018,9937,1406,Marco Sau,a,Sub,577.0,1.0,0.0,9.0,4.0,0.0,0.8180182073265312,0.36339187994599315,1.0,0.8174465019255875,0.0
