,season,matchId,playerId,player,homeOrAway,position,time,goals,assists,shots,yellowCard,redCard,xG,xA,bonus,xB,lastBonus
7072,2018,9827,7473,Marko Jankovic,h,Sub,0.0,0.0,0.0,0.0,0.0,0.0,0.0,0.0,0.0,0.0,0.0
9915,2018,9928,7473,Marko Jankovic,h,Sub,9.0,0.0,0.0,0.0,0.0,0.0,0.0,0.0,0.0,0.0,0.0
10040,2018,9945,7473,Marko Jankovic,a,Sub,10.0,0.0,0.0,1.0,0.0,0.0,0.0677324160933494,0.0,0.0,0.2031972482800483,0.0
10554,2018,9955,7473,Marko Jankovic,h,Sub,27.0,0.0,0.0,1.0,1.0,0.0,0.0677324160933494,0.0129209039732813,-0.5,-0.28388184774667036,-0.5
