,season,matchId,playerId,player,homeOrAway,position,time,goals,assists,shots,yellowCard,redCard,xG,xA,bonus,xB,lastBonus
5610,2018,9779,6303,Marvin Zeegelaar,a,Sub,0.0,0.0,0.0,0.0,0.0,0.0,0.0,0.0,0.0,0.0,0.0
6572,2018,9816,6303,Marvin Zeegelaar,h,Sub,12.0,0.0,0.0,0.0,0.0,0.0,0.0,0.0,0.0,0.0,0.0
7094,2018,9829,6303,Marvin Zeegelaar,h,DML,82.0,0.0,0.0,0.0,1.0,0.0,0.0,0.0634640976786613,-0.5,-0.4365359023213386,-0.5
7219,2018,9842,6303,Marvin Zeegelaar,a,DML,172.0,0.0,0.0,0.0,2.0,0.0,0.0,0.0634640976786613,-1.0,-0.9365359023213387,-0.5
7720,2018,9852,6303,Marvin Zeegelaar,a,DML,262.0,0.0,0.0,0.0,2.0,0.0,0.0,0.0634640976786613,-1.0,-0.9365359023213387,0.0
7789,2018,9865,6303,Marvin Zeegelaar,h,DL,352.0,0.0,0.0,0.0,2.0,0.0,0.0,0.15787436813116063,-1.0,-0.8421256318688394,0.0
8056,2018,9872,6303,Marvin Zeegelaar,a,DML,442.0,0.0,0.0,0.0,3.0,0.0,0.0,0.15787436813116063,-1.5,-1.3421256318688393,-0.5
8456,2018,9885,6303,Marvin Zeegelaar,h,DML,532.0,0.0,0.0,0.0,3.0,0.0,0.0,0.15787436813116063,-1.5,-1.3421256318688393,0.0
8890,2018,9821,6303,Marvin Zeegelaar,a,DML,597.0,0.0,0.0,0.0,3.0,1.0,0.0,0.17604786716401563,-2.0,-1.8239521328359842,-0.5
9420,2018,9912,6303,Marvin Zeegelaar,a,DML,687.0,0.0,0.0,1.0,3.0,1.0,0.0607759319245815,0.17604786716401563,-2.0,-1.6416243370622396,0.0
9517,2018,9921,6303,Marvin Zeegelaar,h,DML,777.0,0.0,0.0,1.0,4.0,1.0,0.0607759319245815,0.17604786716401563,-2.5,-2.1416243370622396,-0.5
10018,2018,9945,6303,Marvin Zeegelaar,h,DML,867.0,0.0,0.0,1.0,4.0,1.0,0.0607759319245815,0.20449994504451732,-2.5,-2.113172259181738,0.0
