,season,matchId,playerId,player,homeOrAway,position,time,goals,assists,shots,yellowCard,redCard,xG,xA,bonus,xB,lastBonus
414,2018,9596,7013,Matteo Pessina,a,MC,0.0,0.0,0.0,0.0,0.0,0.0,0.0,0.0,0.0,0.0,0.0
3903,2018,9745,7013,Matteo Pessina,a,Sub,50.0,0.0,0.0,1.0,0.0,0.0,0.0096723698079586,0.0,0.0,0.0290171094238758,0.0
4509,2018,9769,7013,Matteo Pessina,a,Sub,136.0,0.0,0.0,2.0,0.0,0.0,0.0336482413113117,0.0,0.0,0.1009447239339351,0.0
8123,2018,9930,7013,Matteo Pessina,h,Sub,165.0,0.0,1.0,2.0,0.0,0.0,0.0336482413113117,0.3076448738574981,1.0,0.4085895977914332,1.0
