,season,matchId,playerId,player,homeOrAway,position,time,goals,assists,shots,yellowCard,redCard,xG,xA,bonus,xB,lastBonus
128,2018,9583,1507,Miranda,a,DC,0.0,0.0,0.0,0.0,0.0,0.0,0.0,0.0,0.0,0.0,0.0
1192,2018,9624,1507,Miranda,a,DC,90.0,0.0,0.0,0.0,1.0,0.0,0.0,0.0,-0.5,-0.5,-0.5
1710,2018,9644,1507,Miranda,h,DC,180.0,0.0,0.0,0.0,2.0,0.0,0.0,0.0,-1.0,-1.0,-0.5
2199,2018,9654,1507,Miranda,a,DC,270.0,0.0,0.0,0.0,2.0,0.0,0.0,0.0,-1.0,-1.0,0.0
2758,2018,9671,1507,Miranda,a,DC,360.0,0.0,0.0,0.0,3.0,0.0,0.0,0.0,-1.5,-1.5,-0.5
3203,2018,9687,1507,Miranda,a,DC,450.0,0.0,0.0,0.0,3.0,0.0,0.0,0.0,-1.5,-1.5,0.0
3917,2018,9717,1507,Miranda,a,DC,523.0,0.0,0.0,1.0,3.0,0.0,0.0531551726162433,0.0,-1.5,-1.34053448215127,0.0
5770,2018,9781,1507,Miranda,a,DC,613.0,0.0,0.0,1.0,3.0,0.0,0.0531551726162433,0.0,-1.5,-1.34053448215127,0.0
7341,2018,9841,1507,Miranda,h,DC,671.0,0.0,0.0,1.0,3.0,0.0,0.0531551726162433,0.0,-1.5,-1.34053448215127,0.0
8012,2018,9861,1507,Miranda,h,DC,722.0,0.0,0.0,1.0,3.0,0.0,0.0531551726162433,0.0,-1.5,-1.34053448215127,0.0
8162,2018,9871,1507,Miranda,a,DC,812.0,0.0,0.0,1.0,3.0,0.0,0.0531551726162433,0.0701706707477569,-1.5,-1.270363811403513,0.0
8482,2018,9880,1507,Miranda,h,DC,902.0,0.0,0.0,1.0,3.0,0.0,0.0531551726162433,0.0701706707477569,-1.5,-1.270363811403513,0.0
9987,2018,9935,1507,Miranda,h,DC,992.0,0.0,0.0,1.0,3.0,0.0,0.0531551726162433,0.0701706707477569,-1.5,-1.270363811403513,0.0
10253,2018,9946,1507,Miranda,a,DC,1082.0,0.0,0.0,2.0,3.0,0.0,0.0686642909422516,0.0701706707477569,-1.5,-1.223836456425488,0.0
