,season,matchId,playerId,player,homeOrAway,position,time,goals,assists,shots,yellowCard,redCard,xG,xA,bonus,xB,lastBonus
2252,2018,9674,1864,Mirko Gori,a,Sub,0.0,0.0,0.0,0.0,0.0,0.0,0.0,0.0,0.0,0.0,0.0
2511,2018,9684,1864,Mirko Gori,a,Sub,26.0,0.0,0.0,0.0,0.0,0.0,0.0,0.0,0.0,0.0,0.0
2879,2018,9701,1864,Mirko Gori,a,Sub,46.0,0.0,0.0,0.0,1.0,0.0,0.0,0.0159434471279382,0.0,-0.4840565528720617,0.0
4806,2018,9783,1864,Mirko Gori,a,Sub,79.0,0.0,0.0,1.0,1.0,0.0,0.0149255245923995,0.0159434471279382,0.0,-0.439279979094863,0.0
5259,2018,9804,1864,Mirko Gori,a,Sub,96.0,0.0,0.0,1.0,2.0,0.0,0.0149255245923995,0.0159434471279382,0.0,-0.9392799790948629,0.0
6099,2018,9840,1864,Mirko Gori,h,MC,112.0,0.0,0.0,1.0,2.0,0.0,0.0149255245923995,0.0159434471279382,0.0,-0.9392799790948629,0.0
7722,2018,9916,1864,Mirko Gori,h,MC,202.0,0.0,0.0,2.0,2.0,0.0,0.122974820435047,0.037707235664129105,0.0,-0.5933683030307293,0.0
