,season,matchId,playerId,player,homeOrAway,position,time,goals,assists,shots,yellowCard,redCard,xG,xA,bonus,xB,lastBonus
815,2018,9613,1377,Nikola Maksimovic,h,DC,0.0,0.0,0.0,0.0,0.0,0.0,0.0,0.0,0.0,0.0,0.0
1229,2018,9626,1377,Nikola Maksimovic,a,Sub,90.0,0.0,0.0,1.0,0.0,0.0,0.0443259514868259,0.0,0.0,0.1329778544604778,0.0
1543,2018,9633,1377,Nikola Maksimovic,h,DC,104.0,0.0,0.0,1.0,0.0,0.0,0.0443259514868259,0.0,0.0,0.1329778544604778,0.0
2800,2018,9683,1377,Nikola Maksimovic,h,DC,194.0,0.0,0.0,1.0,0.0,0.0,0.0443259514868259,0.0,0.0,0.1329778544604778,0.0
3888,2018,9707,1377,Nikola Maksimovic,a,DR,284.0,0.0,0.0,1.0,0.0,0.0,0.0443259514868259,0.0,0.0,0.1329778544604778,0.0
4357,2018,9730,1377,Nikola Maksimovic,a,DC,361.0,0.0,0.0,1.0,0.0,0.0,0.0443259514868259,0.0170700307935476,0.0,0.1500478852540254,0.0
5002,2018,9752,1377,Nikola Maksimovic,a,Sub,451.0,0.0,0.0,1.0,1.0,0.0,0.0443259514868259,0.0170700307935476,-0.5,-0.3499521147459746,-0.5
5226,2018,9763,1377,Nikola Maksimovic,h,DC,518.0,0.0,0.0,1.0,1.0,0.0,0.0443259514868259,0.0170700307935476,-0.5,-0.3499521147459746,0.0
5475,2018,9773,1377,Nikola Maksimovic,h,DC,608.0,0.0,0.0,1.0,1.0,0.0,0.0443259514868259,0.0170700307935476,-0.5,-0.3499521147459746,0.0
5866,2018,9795,1377,Nikola Maksimovic,h,DC,698.0,0.0,0.0,1.0,1.0,0.0,0.0443259514868259,0.0170700307935476,-0.5,-0.3499521147459746,0.0
6185,2018,9800,1377,Nikola Maksimovic,a,DC,788.0,0.0,0.0,1.0,1.0,0.0,0.0443259514868259,0.0229175859130918,-0.5,-0.3441045596264304,0.0
6618,2018,9813,1377,Nikola Maksimovic,h,DC,878.0,0.0,0.0,1.0,2.0,0.0,0.0443259514868259,0.0883035757578908,-1.0,-0.7787185697816312,-0.5
6883,2018,9823,1377,Nikola Maksimovic,a,DC,968.0,0.0,0.0,1.0,2.0,0.0,0.0443259514868259,0.1417031721211968,-1.0,-0.7253189734183252,0.0
7175,2018,9836,1377,Nikola Maksimovic,h,DC,1015.0,0.0,0.0,1.0,2.0,0.0,0.0443259514868259,0.1417031721211968,-1.0,-0.7253189734183252,0.0
7704,2018,9852,1377,Nikola Maksimovic,h,DC,1105.0,0.0,0.0,1.0,3.0,0.0,0.0443259514868259,0.1417031721211968,-1.5,-1.2253189734183252,-0.5
7970,2018,9866,1377,Nikola Maksimovic,a,DC,1195.0,0.0,0.0,1.0,3.0,0.0,0.0443259514868259,0.1417031721211968,-1.5,-1.2253189734183252,0.0
8537,2018,9882,1377,Nikola Maksimovic,h,DC,1285.0,0.0,0.0,2.0,4.0,0.0,0.075199045240879,0.1417031721211968,-2.0,-1.6326996921561658,-0.5
