,season,matchId,playerId,player,homeOrAway,position,time,goals,assists,shots,yellowCard,redCard,xG,xA,bonus,xB,lastBonus
773,2018,9610,4929,Orji Okwonkwo,a,FW,0.0,0.0,0.0,0.0,0.0,0.0,0.0,0.0,0.0,0.0,0.0
1043,2018,9617,4929,Orji Okwonkwo,h,Sub,90.0,0.0,0.0,1.0,0.0,0.0,0.1211268380284309,0.025824112817645,0.0,0.3892046269029379,0.0
1294,2018,9632,4929,Orji Okwonkwo,a,Sub,111.0,0.0,0.0,4.0,0.0,0.0,0.408075638115406,0.025824112817645,0.0,1.2500510271638632,0.0
4006,2018,9748,4929,Orji Okwonkwo,h,FW,133.0,0.0,0.0,4.0,0.0,0.0,0.408075638115406,0.025824112817645,0.0,1.2500510271638632,0.0
