,season,matchId,playerId,player,homeOrAway,position,time,goals,assists,shots,yellowCard,redCard,xG,xA,bonus,xB,lastBonus
6614,2018,9860,1866,Paolo Sammarco,h,Sub,0.0,0.0,0.0,0.0,0.0,0.0,0.0,0.0,0.0,0.0,0.0
6772,2018,9870,1866,Paolo Sammarco,h,MC,62.0,0.0,0.0,3.0,0.0,0.0,0.1008260697126388,0.1128796860575676,0.0,0.4153578951954841,0.0
7021,2018,9879,1866,Paolo Sammarco,a,MC,138.0,0.0,0.0,3.0,0.0,0.0,0.1008260697126388,0.1128796860575676,0.0,0.4153578951954841,0.0
7988,2018,9920,1866,Paolo Sammarco,a,MC,186.0,0.0,0.0,3.0,0.0,0.0,0.1008260697126388,0.1128796860575676,0.0,0.4153578951954841,0.0
8235,2018,9934,1866,Paolo Sammarco,h,MC,276.0,1.0,0.0,4.0,1.0,0.0,0.1275919172912835,0.1128796860575676,3.0,-0.004344562068581581,3.0
8501,2018,9942,1866,Paolo Sammarco,a,MC,366.0,1.0,0.0,4.0,1.0,0.0,0.1275919172912835,0.1850783973932266,3.0,0.06785414926707742,0.0
8606,2018,9951,1866,Paolo Sammarco,h,MC,456.0,1.0,0.0,5.0,1.0,0.0,0.1750109810382126,0.1850783973932266,3.0,0.21011134050786492,0.0
