,season,matchId,playerId,player,homeOrAway,position,time,goals,assists,shots,yellowCard,redCard,xG,xA,bonus,xB,lastBonus
1299,2018,9621,1204,Patric,h,Sub,0.0,0.0,0.0,0.0,0.0,0.0,0.0,0.0,0.0,0.0,0.0
1418,2018,9636,1204,Patric,a,DMR,1.0,0.0,0.0,0.0,0.0,0.0,0.0,0.0697768777608871,0.0,0.0697768777608871,0.0
2398,2018,9662,1204,Patric,a,MR,91.0,0.0,0.0,1.0,0.0,0.0,0.0207087602466344,0.0697768777608871,0.0,0.1319031585007905,0.0
2913,2018,9682,1204,Patric,h,DMR,181.0,0.0,0.0,3.0,0.0,0.0,0.339052578434348,0.1716011017560958,0.0,1.1887588370591402,0.0
3315,2018,9693,1204,Patric,a,DMR,271.0,0.0,0.0,5.0,0.0,0.0,0.6924403514713048,0.2409696877002715,0.0,2.3182907421141863,0.0
3844,2018,9708,1204,Patric,a,Sub,361.0,0.0,0.0,7.0,0.0,0.0,0.7537852134555577,0.2409696877002715,0.0,2.502325328066945,0.0
3988,2018,9718,1204,Patric,h,DMR,394.0,0.0,0.0,8.0,0.0,0.0,0.7883853446692227,0.2409696877002715,0.0,2.60612572170794,0.0
5500,2018,9773,1204,Patric,a,Sub,484.0,0.0,0.0,12.0,0.0,0.0,1.2226351629942656,0.4941191673278807,0.0,4.1620246563106775,0.0
6547,2018,9810,1204,Patric,a,DC,500.0,0.0,0.0,12.0,0.0,0.0,1.2226351629942656,0.5101532582193611,0.0,4.178058747202158,0.0
7438,2018,9839,1204,Patric,a,DC,590.0,0.0,0.0,12.0,1.0,0.0,1.2226351629942656,0.5101532582193611,-0.5,3.678058747202158,-0.5
7675,2018,9851,1204,Patric,h,DC,680.0,0.0,0.0,12.0,1.0,0.0,1.2226351629942656,0.8320007566362617,-0.5,3.9999062456190586,0.0
8218,2018,9875,1204,Patric,a,DC,770.0,0.0,0.0,13.0,1.0,0.0,1.3022265192121267,0.8320007566362617,-0.5,4.238680314272642,0.0
8508,2018,9881,1204,Patric,h,DC,860.0,0.0,0.0,13.0,1.0,0.0,1.3022265192121267,0.8320007566362617,-0.5,4.238680314272642,0.0
8874,2018,9821,1204,Patric,h,DC,950.0,0.0,0.0,14.0,1.0,0.0,1.320431949570775,0.875357614830136,-0.5,4.336653463542461,0.0
9041,2018,9902,1204,Patric,h,DC,1040.0,0.0,0.0,14.0,1.0,0.0,1.320431949570775,0.875357614830136,-0.5,4.336653463542461,0.0
