,season,matchId,playerId,player,homeOrAway,position,time,goals,assists,shots,yellowCard,redCard,xG,xA,bonus,xB,lastBonus
726,2018,9609,7097,Ronaldo Vieira,a,Sub,0.0,0.0,0.0,0.0,0.0,0.0,0.0,0.0,0.0,0.0,0.0
2760,2018,9692,7097,Ronaldo Vieira,a,DMC,19.0,0.0,0.0,0.0,0.0,0.0,0.0,0.0,0.0,0.0,0.0
3089,2018,9712,7097,Ronaldo Vieira,h,MC,109.0,0.0,0.0,2.0,0.0,0.0,0.225560113787651,0.0190004874020814,0.0,0.6956808287650347,0.0
4919,2018,9795,7097,Ronaldo Vieira,a,Sub,171.0,0.0,0.0,2.0,0.0,0.0,0.225560113787651,0.0190004874020814,0.0,0.6956808287650347,0.0
5902,2018,9827,7097,Ronaldo Vieira,a,MC,188.0,0.0,0.0,2.0,0.0,0.0,0.225560113787651,0.0190004874020814,0.0,0.6956808287650347,0.0
6537,2018,9864,7097,Ronaldo Vieira,h,MC,278.0,0.0,0.0,2.0,1.0,0.0,0.225560113787651,0.1247302014380692,0.0,0.3014105428010226,0.0
6876,2018,9876,7097,Ronaldo Vieira,a,MC,358.0,0.0,0.0,3.0,2.0,0.0,0.25259657390415663,0.1247302014380692,0.0,-0.11748007684946049,0.0
6982,2018,9884,7097,Ronaldo Vieira,h,MC,448.0,0.0,0.0,4.0,2.0,0.0,0.2629056032747029,0.1247302014380692,0.0,-0.0865529887378215,0.0
8219,2018,9929,7097,Ronaldo Vieira,h,Sub,537.0,0.0,0.0,6.0,2.0,0.0,0.2861521076411007,0.1247302014380692,0.0,-0.016813475638627992,0.0
8766,2018,9954,7097,Ronaldo Vieira,h,Sub,554.0,0.0,0.0,6.0,2.0,0.0,0.2861521076411007,0.1247302014380692,0.0,-0.016813475638627992,0.0
