,season,matchId,playerId,player,homeOrAway,position,time,goals,assists,shots,yellowCard,redCard,xG,xA,bonus,xB,lastBonus
1104,2018,9621,817,Sandro,a,Sub,0.0,0.0,0.0,0.0,0.0,0.0,0.0,0.0,0.0,0.0,0.0
1550,2018,9643,817,Sandro,a,MC,25.0,0.0,0.0,0.0,0.0,0.0,0.0,0.0,0.0,0.0,0.0
1724,2018,9650,817,Sandro,h,MC,101.0,0.0,0.0,0.0,1.0,0.0,0.0,0.0,0.0,-0.5,0.0
1903,2018,9661,817,Sandro,a,MC,191.0,0.0,0.0,2.0,1.0,0.0,0.1109195873141288,0.0341388434171676,0.0,-0.1331023946404457,0.0
2211,2018,9670,817,Sandro,h,MC,281.0,0.0,0.0,2.0,1.0,0.0,0.1109195873141288,0.0541948284953832,0.0,-0.11304640956223011,0.0
2384,2018,9680,817,Sandro,a,MC,352.0,0.0,0.0,2.0,1.0,0.0,0.1109195873141288,0.0710172038525342,0.0,-0.0962240342050791,0.0
3192,2018,9715,817,Sandro,a,DMC,412.0,0.0,0.0,2.0,2.0,0.0,0.1109195873141288,0.0710172038525342,0.0,-0.5962240342050791,0.0
3456,2018,9726,817,Sandro,h,DMC,491.0,0.0,0.0,2.0,2.0,0.0,0.1109195873141288,0.0710172038525342,0.0,-0.5962240342050791,0.0
3668,2018,9734,817,Sandro,a,DMC,581.0,0.0,0.0,3.0,2.0,0.0,0.1320571452379225,0.0710172038525342,0.0,-0.5328113604336978,0.0
4038,2018,9749,817,Sandro,a,DMC,646.0,0.0,1.0,3.0,2.0,0.0,0.1320571452379225,0.6140367966145276,1.0,0.010208232328295597,1.0
6022,2018,9842,817,Sandro,a,Sub,695.0,0.0,1.0,4.0,2.0,0.0,0.1573069691658018,0.6140367966145276,1.0,0.0859577041119336,0.0
6433,2018,9852,817,Sandro,a,MC,721.0,0.0,1.0,5.0,2.0,0.0,0.1658947877585885,0.6246898137032983,1.0,0.1223741769790648,0.0
6489,2018,9865,817,Sandro,h,MC,790.0,0.0,1.0,6.0,3.0,0.0,0.18348263949155771,0.7168667055666444,1.0,-0.2326853759586812,0.0
7208,2018,9892,817,Sandro,a,Sub,853.0,0.0,1.0,6.0,4.0,0.0,0.18348263949155771,0.7168667055666444,1.0,-0.7326853759586812,0.0
7410,2018,9821,817,Sandro,a,MC,873.0,0.0,1.0,6.0,4.0,0.0,0.18348263949155771,0.7168667055666444,1.0,-0.7326853759586812,0.0
7565,2018,9905,817,Sandro,h,Sub,963.0,0.0,1.0,8.0,4.0,0.0,0.20825840905308682,0.7168667055666444,1.0,-0.6583580672740938,0.0
7849,2018,9912,817,Sandro,a,MC,1037.0,0.0,1.0,10.0,5.0,0.0,0.26546738296747163,0.7656654082238672,1.0,-0.9379324428737166,0.0
7930,2018,9921,817,Sandro,h,MC,1127.0,0.0,1.0,11.0,5.0,0.0,0.29194777645170644,0.7656654082238672,1.0,-0.8584912624210121,0.0
8247,2018,9934,817,Sandro,a,MC,1200.0,0.0,1.0,11.0,6.0,0.0,0.29194777645170644,0.7656654082238672,1.0,-1.3584912624210121,0.0
8352,2018,9945,817,Sandro,h,MC,1263.0,0.0,1.0,11.0,7.0,0.0,0.29194777645170644,0.7656654082238672,1.0,-1.8584912624210121,0.0
