,season,matchId,playerId,player,homeOrAway,position,time,goals,assists,shots,yellowCard,redCard,xG,xA,bonus,xB,lastBonus
375,2018,9595,1951,Sime Vrsaljko,h,DMR,0.0,0.0,0.0,0.0,0.0,0.0,0.0,0.0,0.0,0.0,0.0
1852,2018,9654,1951,Sime Vrsaljko,a,DR,74.0,0.0,0.0,0.0,0.0,0.0,0.0,0.0,0.0,0.0,0.0
2048,2018,9666,1951,Sime Vrsaljko,h,DR,164.0,0.0,1.0,0.0,1.0,0.0,0.0,0.471907764673233,1.0,-0.0280922353267669,1.0
2312,2018,9671,1951,Sime Vrsaljko,a,DR,254.0,0.0,1.0,1.0,1.0,0.0,0.0107924249023199,0.50559563934803,1.0,0.0379729140549898,0.0
2697,2018,9687,1951,Sime Vrsaljko,a,Sub,344.0,0.0,1.0,1.0,2.0,0.0,0.0107924249023199,0.7550950050354003,1.0,-0.21252772025763988,0.0
3278,2018,9717,1951,Sime Vrsaljko,a,DR,361.0,0.0,1.0,1.0,2.0,0.0,0.0107924249023199,0.7550950050354003,1.0,-0.21252772025763988,0.0
3498,2018,9733,1951,Sime Vrsaljko,h,DR,451.0,0.0,1.0,2.0,2.0,0.0,0.025427371263504,0.8166712969541547,1.0,-0.10704658925533299,0.0
3917,2018,9743,1951,Sime Vrsaljko,a,DR,541.0,0.0,1.0,2.0,2.0,0.0,0.025427371263504,0.9304460212588308,1.0,0.006728135049343012,0.0
4243,2018,9758,1951,Sime Vrsaljko,a,DR,631.0,0.0,1.0,2.0,2.0,0.0,0.025427371263504,0.9304460212588308,1.0,0.006728135049343012,0.0
