,season,matchId,playerId,player,homeOrAway,position,time,goals,assists,shots,yellowCard,redCard,xG,xA,bonus,xB,lastBonus
1216,2018,9626,2010,Simone Edera,h,Sub,0.0,0.0,0.0,0.0,0.0,0.0,0.0,0.0,0.0,0.0,0.0
1786,2018,9641,2010,Simone Edera,a,AMC,1.0,0.0,0.0,0.0,0.0,0.0,0.0,0.0,0.0,0.0,0.0
5306,2018,9774,2010,Simone Edera,a,Sub,62.0,0.0,0.0,1.0,0.0,0.0,0.0662460103631019,0.0642766058444976,0.0,0.2630146369338035,0.0
6232,2018,9798,2010,Simone Edera,h,FWR,75.0,0.0,0.0,1.0,0.0,0.0,0.0662460103631019,0.0642766058444976,0.0,0.2630146369338035,0.0
6664,2018,9814,2010,Simone Edera,a,FWR,145.0,0.0,0.0,2.0,0.0,0.0,0.1131717674434184,0.0642766058444976,0.0,0.4037919081747531,0.0
6789,2018,9817,2010,Simone Edera,h,AMR,212.0,0.0,0.0,7.0,1.0,0.0,0.6384102217853068,0.2775229215621947,-0.5,1.6927535869181156,-0.5
9731,2018,9924,2010,Simone Edera,a,Sub,265.0,0.0,0.0,8.0,1.0,0.0,0.6656190473586319,0.2775229215621947,-0.5,1.774380063638091,0.0
