,season,matchId,playerId,player,homeOrAway,position,time,goals,assists,shots,yellowCard,redCard,xG,xA,bonus,xB,lastBonus
1506,2018,9641,2010,Simone Edera,a,AMC,0.0,0.0,0.0,0.0,0.0,0.0,0.0,0.0,0.0,0.0,0.0
5199,2018,9798,2010,Simone Edera,h,FWR,61.0,0.0,0.0,1.0,0.0,0.0,0.0662460103631019,0.0642766058444976,0.0,0.2630146369338035,0.0
5558,2018,9814,2010,Simone Edera,a,FWR,131.0,0.0,0.0,2.0,0.0,0.0,0.1131717674434184,0.0642766058444976,0.0,0.4037919081747531,0.0
5663,2018,9817,2010,Simone Edera,h,AMR,198.0,0.0,0.0,7.0,1.0,0.0,0.6384102217853068,0.2775229215621947,0.0,1.6927535869181156,0.0
