,season,matchId,playerId,player,homeOrAway,position,time,goals,assists,shots,yellowCard,redCard,xG,xA,bonus,xB,lastBonus
182,2018,9586,1154,Stipe Perica,a,FW,0.0,0.0,0.0,0.0,0.0,0.0,0.0,0.0,0.0,0.0,0.0
333,2018,9593,1154,Stipe Perica,h,FW,84.0,0.0,0.0,2.0,1.0,0.0,0.108536809682846,0.0,0.0,-0.1743895709514618,0.0
530,2018,9601,1154,Stipe Perica,a,FW,174.0,0.0,0.0,5.0,2.0,0.0,0.3406070619821547,0.0,0.0,0.02182118594646451,0.0
711,2018,9609,1154,Stipe Perica,h,FW,247.0,0.0,0.0,8.0,2.0,0.0,0.5781478732824323,0.0,0.0,0.7344436198472977,0.0
1139,2018,9620,1154,Stipe Perica,h,FW,322.0,0.0,0.0,9.0,2.0,0.0,0.6871874481439587,0.0,0.0,1.0615623444318771,0.0
1541,2018,9643,1154,Stipe Perica,h,FW,412.0,0.0,0.0,10.0,3.0,0.0,0.7056155074387785,0.0,0.0,0.6168465223163366,0.0
