,season,matchId,playerId,player,homeOrAway,position,time,goals,assists,shots,yellowCard,redCard,xG,xA,bonus,xB,lastBonus
6332,2018,9806,6210,Svante Ingelsson,a,Sub,0.0,0.0,0.0,0.0,0.0,0.0,0.0,0.0,0.0,0.0,0.0
7727,2018,9852,6210,Svante Ingelsson,a,Sub,23.0,0.0,0.0,2.0,0.0,0.0,0.0534999184310436,0.0,0.0,0.1604997552931308,0.0
8889,2018,9821,6210,Svante Ingelsson,a,DMR,44.0,0.0,0.0,2.0,0.0,0.0,0.0534999184310436,0.0,0.0,0.1604997552931308,0.0
