,season,matchId,playerId,player,homeOrAway,position,time,goals,assists,shots,yellowCard,redCard,xG,xA,bonus,xB,lastBonus
1223,2018,9627,1348,Vittorio Parigini,a,AMC,0.0,0.0,0.0,0.0,0.0,0.0,0.0,0.0,0.0,0.0,0.0
1639,2018,9655,1348,Vittorio Parigini,h,Sub,71.0,0.0,0.0,2.0,0.0,0.0,0.0661684945225715,0.0,0.0,0.1985054835677147,0.0
4439,2018,9774,1348,Vittorio Parigini,a,AMC,95.0,0.0,0.0,3.0,0.0,0.0,0.09714261628687369,0.7127764225006104,0.0,1.0042042713612318,0.0
6870,2018,9876,1348,Vittorio Parigini,h,Sub,172.0,0.0,0.0,3.0,0.0,0.0,0.09714261628687369,0.7241178713738917,0.0,1.0155457202345133,0.0
6952,2018,9883,1348,Vittorio Parigini,a,Sub,188.0,0.0,0.0,4.0,0.0,0.0,0.1488645803183316,0.7241178713738917,0.0,1.170711612328887,0.0
7530,2018,9900,1348,Vittorio Parigini,a,Sub,221.0,0.0,0.0,5.0,0.0,0.0,0.271727880463004,0.7708326801657676,0.0,1.58601632155478,0.0
7818,2018,9911,1348,Vittorio Parigini,h,Sub,237.0,0.0,0.0,6.0,1.0,0.0,0.7372552659362552,0.7708326801657676,0.0,2.482598477974534,0.0
