,season,matchId,playerId,player,homeOrAway,position,time,goals,assists,shots,yellowCard,redCard,xG,xA,bonus,xB,lastBonus
6184,2019,13310,5996,Adrien Tameze,a,Sub,0.0,0.0,0.0,0.0,0.0,0.0,0.0,0.0,0.0,0.0,0.0
6931,2019,13342,5996,Adrien Tameze,a,Sub,1.0,0.0,0.0,0.0,0.0,0.0,0.0,0.0,0.0,0.0,0.0
8135,2019,13369,5996,Adrien Tameze,h,Sub,5.0,0.0,0.0,0.0,0.0,0.0,0.0,0.0,0.0,0.0,0.0
8455,2019,13386,5996,Adrien Tameze,a,MC,6.0,0.0,0.0,0.0,0.0,0.0,0.0,0.0,0.0,0.0,0.0
8896,2019,13403,5996,Adrien Tameze,a,Sub,96.0,0.0,0.0,0.0,0.0,0.0,0.0,0.1789035052061081,0.0,0.1789035052061081,0.0
9117,2019,13410,5996,Adrien Tameze,h,MC,109.0,0.0,0.0,0.0,0.0,0.0,0.0,0.1789035052061081,0.0,0.1789035052061081,0.0
10362,2019,13457,5996,Adrien Tameze,a,Sub,199.0,0.0,0.0,0.0,0.0,0.0,0.0,0.1789035052061081,0.0,0.1789035052061081,0.0
