,season,matchId,playerId,player,homeOrAway,position,time,goals,assists,shots,yellowCard,redCard,xG,xA,bonus,xB,lastBonus
113,2019,13093,1254,Alessandro Florenzi,h,DR,0.0,0.0,0.0,0.0,0.0,0.0,0.0,0.0,0.0,0.0,0.0
378,2019,13102,1254,Alessandro Florenzi,a,DR,82.0,0.0,0.0,2.0,1.0,0.0,0.0228055994957685,0.0,-0.5,-0.4315832015126943,-0.5
754,2019,13116,1254,Alessandro Florenzi,h,DR,172.0,0.0,0.0,2.0,2.0,0.0,0.0228055994957685,0.0,-1.0,-0.9315832015126944,-0.5
990,2019,13120,1254,Alessandro Florenzi,a,DR,249.0,0.0,0.0,3.0,2.0,0.0,0.0435914546251296,0.3729843199253082,-1.0,-0.4962413161993027,0.0
1178,2019,13136,1254,Alessandro Florenzi,h,AMR,321.0,0.0,0.0,4.0,3.0,0.0,0.0806785598397253,0.40551998466253275,-1.5,-0.8524443358182907,-0.5
1549,2019,13142,1254,Alessandro Florenzi,a,DR,411.0,0.0,0.0,5.0,3.0,0.0,0.09081455599516611,0.40551998466253275,-1.5,-0.8220363473519683,0.0
2089,2019,13166,1254,Alessandro Florenzi,a,AML,490.0,0.0,0.0,5.0,3.0,0.0,0.09081455599516611,0.40551998466253275,-1.5,-0.8220363473519683,0.0
2735,2019,13188,1254,Alessandro Florenzi,a,Sub,570.0,0.0,0.0,7.0,3.0,0.0,0.2439872873947022,0.43710829690098757,-1.5,-0.33092984091490507,0.0
3463,2019,13214,1254,Alessandro Florenzi,h,DR,579.0,0.0,0.0,7.0,3.0,0.0,0.2439872873947022,0.43710829690098757,-1.5,-0.33092984091490507,0.0
3906,2019,13231,1254,Alessandro Florenzi,a,Sub,656.0,0.0,0.0,9.0,3.0,0.0,0.3294141320511696,0.5287503339350222,-1.5,0.016992730088531915,0.0
4354,2019,13248,1254,Alessandro Florenzi,h,DR,657.0,0.0,0.0,9.0,3.0,0.0,0.3294141320511696,0.5287503339350222,-1.5,0.016992730088531915,0.0
4507,2019,13250,1254,Alessandro Florenzi,a,DR,747.0,0.0,1.0,10.0,3.0,0.0,0.3425896884873506,1.7725303508341312,-0.5,1.300299416296184,1.0
4801,2019,13267,1254,Alessandro Florenzi,h,DR,837.0,0.0,1.0,11.0,3.0,0.0,0.365844462998211,1.7725303508341312,-0.5,1.3700637398287654,0.0
5214,2019,13275,1254,Alessandro Florenzi,h,DR,927.0,0.0,1.0,13.0,4.0,0.0,0.4141712347045537,1.8522993512451649,-1.0,1.0948130553588271,-0.5
