,season,matchId,playerId,player,homeOrAway,position,time,goals,assists,shots,yellowCard,redCard,xG,xA,bonus,xB,lastBonus
6006,2019,13305,8297,Alexis Saelemaekers,h,Sub,0.0,0.0,0.0,0.0,0.0,0.0,0.0,0.0,0.0,0.0,0.0
6792,2019,13332,8297,Alexis Saelemaekers,a,Sub,12.0,0.0,0.0,1.0,0.0,0.0,0.0249140057712793,0.0,0.0,0.074742017313838,0.0
7307,2019,13354,8297,Alexis Saelemaekers,a,Sub,20.0,0.0,0.0,1.0,0.0,0.0,0.0249140057712793,0.0,0.0,0.074742017313838,0.0
7696,2019,13363,8297,Alexis Saelemaekers,h,Sub,38.0,0.0,0.0,1.0,0.0,0.0,0.0249140057712793,0.0146022485569119,0.0,0.08934426587074991,0.0
8089,2019,13375,8297,Alexis Saelemaekers,a,Sub,72.0,0.0,0.0,2.0,0.0,0.0,0.057028891518712,0.24063823092728848,0.0,0.4117249054834246,0.0
8266,2019,13379,8297,Alexis Saelemaekers,a,AMR,146.0,0.0,0.0,5.0,0.0,0.0,0.1998148281127214,0.468363826163113,0.0,1.0678083105012774,0.0
8531,2019,13394,8297,Alexis Saelemaekers,h,MR,236.0,0.0,0.0,5.0,0.0,0.0,0.1998148281127214,0.468363826163113,0.0,1.0678083105012774,0.0
9078,2019,13401,8297,Alexis Saelemaekers,a,Sub,298.0,0.0,0.0,6.0,0.0,0.0,0.269555615261197,0.468363826163113,0.0,1.2770306719467044,0.0
9493,2019,13424,8297,Alexis Saelemaekers,h,AMR,339.0,0.0,0.0,6.0,0.0,1.0,0.269555615261197,0.468363826163113,-0.5,0.7770306719467044,-0.5
9781,2019,13435,8297,Alexis Saelemaekers,a,AMR,404.0,1.0,0.0,7.0,1.0,1.0,0.37610642053186877,0.468363826163113,2.0,0.5966830877587199,2.5
10040,2019,13440,8297,Alexis Saelemaekers,h,AMR,494.0,1.0,0.0,7.0,1.0,1.0,0.37610642053186877,0.5632560299709438,2.0,0.6915752915665507,0.0
10512,2019,13456,8297,Alexis Saelemaekers,a,AMR,564.0,1.0,0.0,8.0,1.0,1.0,0.5113833788782356,0.5632560299709438,2.0,1.0974061666056514,0.0
10750,2019,13464,8297,Alexis Saelemaekers,h,Sub,654.0,1.0,0.0,9.0,1.0,1.0,0.64537394978106,0.5632560299709438,2.0,1.4993778793141246,0.0
