,season,matchId,playerId,player,homeOrAway,position,time,goals,assists,shots,yellowCard,redCard,xG,xA,bonus,xB,lastBonus
2358,2019,13169,8127,Amad Diallo Traore,h,Sub,0.0,0.0,0.0,0.0,0.0,0.0,0.0,0.0,0.0,0.0,0.0
3334,2019,13209,8127,Amad Diallo Traore,h,Sub,8.0,1.0,0.0,1.0,0.0,0.0,0.0449632741510868,0.0,3.0,0.1348898224532604,3.0
4868,2019,13259,8127,Amad Diallo Traore,h,Sub,11.0,1.0,0.0,1.0,0.0,0.0,0.0449632741510868,0.0,3.0,0.1348898224532604,0.0
