,season,matchId,playerId,player,homeOrAway,position,time,goals,assists,shots,yellowCard,redCard,xG,xA,bonus,xB,lastBonus
599,2019,13114,7289,Amin Younes,h,Sub,0.0,0.0,0.0,0.0,0.0,0.0,0.0,0.0,0.0,0.0,0.0
1963,2019,13164,7289,Amin Younes,h,AML,8.0,0.0,0.0,1.0,0.0,0.0,0.0558984167873859,0.5706957578659058,0.0,0.7383910082280636,0.0
2790,2019,13196,7289,Amin Younes,a,Sub,73.0,0.0,0.0,3.0,0.0,0.0,0.2489900179207324,0.6045919507741928,0.0,1.3515620045363903,0.0
3377,2019,13213,7289,Amin Younes,a,Sub,78.0,0.0,0.0,3.0,0.0,0.0,0.2489900179207324,0.6045919507741928,0.0,1.3515620045363903,0.0
3807,2019,13227,7289,Amin Younes,h,Sub,102.0,0.0,0.0,3.0,1.0,0.0,0.2489900179207324,0.6045919507741928,-0.5,0.8515620045363903,-0.5
3961,2019,13238,7289,Amin Younes,a,Sub,110.0,0.0,0.0,3.0,1.0,0.0,0.2489900179207324,0.6045919507741928,-0.5,0.8515620045363903,0.0
7724,2019,13364,7289,Amin Younes,h,Sub,137.0,0.0,0.0,4.0,1.0,0.0,0.28639068081974967,0.6199490893632174,-0.5,0.9791211318224669,0.0
8615,2019,13392,7289,Amin Younes,a,Sub,146.0,1.0,0.0,6.0,1.0,0.0,0.7468712516129015,0.7548944670706986,2.5,2.495508221909404,3.0
9817,2019,13433,7289,Amin Younes,a,Sub,151.0,1.0,0.0,6.0,1.0,0.0,0.7468712516129015,0.7548944670706986,2.5,2.495508221909404,0.0
