,season,matchId,playerId,player,homeOrAway,position,time,goals,assists,shots,yellowCard,redCard,xG,xA,bonus,xB,lastBonus
7370,2019,13356,8232,Andrea Carboni,a,Sub,0.0,0.0,0.0,0.0,0.0,0.0,0.0,0.0,0.0,0.0,0.0
7622,2019,13360,8232,Andrea Carboni,h,DC,1.0,0.0,0.0,0.0,0.0,0.0,0.0,0.0,0.0,0.0,0.0
7950,2019,13370,8232,Andrea Carboni,a,DC,91.0,0.0,0.0,0.0,1.0,0.0,0.0,0.0,-0.5,-0.5,-0.5
8435,2019,13386,8232,Andrea Carboni,h,DC,181.0,0.0,0.0,0.0,2.0,0.0,0.0,0.0,-1.0,-1.0,-0.5
9158,2019,13414,8232,Andrea Carboni,a,DC,206.0,0.0,0.0,0.0,3.0,1.0,0.0,0.0,-2.0,-2.0,-1.0
9459,2019,13419,8232,Andrea Carboni,h,DC,296.0,0.0,0.0,1.0,3.0,1.0,0.0211984012275934,0.0,-2.0,-1.9364047963172197,0.0
10766,2019,13464,8232,Andrea Carboni,a,Sub,346.0,0.0,0.0,1.0,3.0,2.0,0.0211984012275934,0.0,-2.5,-2.4364047963172197,-0.5
