,season,matchId,playerId,player,homeOrAway,position,time,goals,assists,shots,yellowCard,redCard,xG,xA,bonus,xB,lastBonus
6723,2019,13330,8124,Andri Fannar Baldursson,h,Sub,0.0,0.0,0.0,0.0,0.0,0.0,0.0,0.0,0.0,0.0,0.0
8306,2019,13387,8124,Andri Fannar Baldursson,a,Sub,28.0,0.0,0.0,1.0,0.0,0.0,0.057492796331644,0.0544868931174278,0.0,0.22696528211236,0.0
8666,2019,13390,8124,Andri Fannar Baldursson,h,Sub,29.0,0.0,0.0,1.0,0.0,0.0,0.057492796331644,0.0544868931174278,0.0,0.22696528211236,0.0
9216,2019,13418,8124,Andri Fannar Baldursson,h,Sub,43.0,0.0,0.0,1.0,0.0,0.0,0.057492796331644,0.0544868931174278,0.0,0.22696528211236,0.0
9515,2019,13424,8124,Andri Fannar Baldursson,a,Sub,55.0,0.0,0.0,1.0,0.0,0.0,0.057492796331644,0.0544868931174278,0.0,0.22696528211236,0.0
10609,2019,13451,8124,Andri Fannar Baldursson,a,Sub,82.0,0.0,0.0,1.0,0.0,0.0,0.057492796331644,0.0544868931174278,0.0,0.22696528211236,0.0
10876,2019,13463,8124,Andri Fannar Baldursson,h,Sub,107.0,0.0,0.0,1.0,0.0,0.0,0.057492796331644,0.0544868931174278,0.0,0.22696528211236,0.0
