,season,matchId,playerId,player,homeOrAway,position,time,goals,assists,shots,yellowCard,redCard,xG,xA,bonus,xB,lastBonus
6212,2019,13317,2003,Antonio La Gumina,a,Sub,0.0,0.0,0.0,0.0,0.0,0.0,0.0,0.0,0.0,0.0,0.0
7241,2019,13334,2003,Antonio La Gumina,a,FW,1.0,0.0,0.0,0.0,0.0,0.0,0.0,0.0,0.0,0.0,0.0
7754,2019,13366,2003,Antonio La Gumina,h,FW,77.0,0.0,0.0,0.0,0.0,0.0,0.0,0.0,0.0,0.0,0.0
8350,2019,13382,2003,Antonio La Gumina,h,Sub,150.0,0.0,0.0,2.0,0.0,0.0,0.0858674943447113,0.0,0.0,0.2576024830341339,0.0
8647,2019,13389,2003,Antonio La Gumina,a,Sub,177.0,0.0,0.0,4.0,0.0,0.0,0.2290766835212707,0.0823670253157615,0.0,0.7695970758795738,0.0
