,season,matchId,playerId,player,homeOrAway,position,time,goals,assists,shots,yellowCard,redCard,xG,xA,bonus,xB,lastBonus
111,2019,13093,1181,Antonio Barreca,a,ML,0.0,0.0,0.0,0.0,0.0,0.0,0.0,0.0,0.0,0.0,0.0
398,2019,13106,1181,Antonio Barreca,h,ML,78.0,0.0,0.0,0.0,0.0,0.0,0.0,0.0,0.0,0.0,0.0
536,2019,13111,1181,Antonio Barreca,h,DML,158.0,0.0,0.0,0.0,0.0,0.0,0.0,0.307826966047287,0.0,0.307826966047287,0.0
1027,2019,13131,1181,Antonio Barreca,h,ML,243.0,0.0,0.0,0.0,0.0,0.0,0.0,0.307826966047287,0.0,0.307826966047287,0.0
1274,2019,13141,1181,Antonio Barreca,a,ML,326.0,0.0,0.0,1.0,0.0,0.0,0.0370882228016853,0.307826966047287,0.0,0.419091634452343,0.0
2418,2019,13192,1181,Antonio Barreca,h,Sub,373.0,0.0,0.0,1.0,0.0,0.0,0.0370882228016853,0.307826966047287,0.0,0.419091634452343,0.0
4337,2019,13271,1181,Antonio Barreca,a,DML,399.0,0.0,0.0,1.0,0.0,0.0,0.0370882228016853,0.307826966047287,0.0,0.419091634452343,0.0
4560,2019,13282,1181,Antonio Barreca,h,DML,489.0,0.0,1.0,1.0,0.0,0.0,0.0370882228016853,0.6312946081161499,1.0,0.7425592765212059,1.0
4687,2019,13290,1181,Antonio Barreca,a,DML,579.0,0.0,1.0,3.0,0.0,0.0,0.0803596079349517,0.6312946081161499,1.0,0.8723734319210052,0.0
6178,2019,13352,1181,Antonio Barreca,h,Sub,669.0,0.0,1.0,5.0,0.0,0.0,0.11003366298973549,0.6312946081161499,1.0,0.9613955970853566,0.0
6338,2019,13359,1181,Antonio Barreca,a,ML,686.0,0.0,1.0,5.0,0.0,0.0,0.11003366298973549,0.6312946081161499,1.0,0.9613955970853566,0.0
6581,2019,13372,1181,Antonio Barreca,h,Sub,748.0,0.0,1.0,5.0,0.0,0.0,0.11003366298973549,0.6312946081161499,1.0,0.9613955970853566,0.0
7144,2019,13392,1181,Antonio Barreca,h,DML,775.0,0.0,1.0,5.0,0.0,0.0,0.11003366298973549,0.6312946081161499,1.0,0.9613955970853566,0.0
7395,2019,13405,1181,Antonio Barreca,h,Sub,865.0,0.0,1.0,5.0,0.0,0.0,0.11003366298973549,0.6312946081161499,1.0,0.9613955970853566,0.0
7790,2019,13411,1181,Antonio Barreca,a,ML,892.0,0.0,1.0,5.0,0.0,0.0,0.11003366298973549,0.6826357617974281,1.0,1.0127367507666347,0.0
7980,2019,13422,1181,Antonio Barreca,h,Sub,954.0,0.0,1.0,6.0,0.0,0.0,0.1550609376281498,0.6826357617974281,1.0,1.1478185746818779,0.0
9021,2019,13466,1181,Antonio Barreca,h,Sub,1031.0,0.0,1.0,6.0,0.0,0.0,0.1550609376281498,0.6826357617974281,1.0,1.1478185746818779,0.0
