,season,matchId,playerId,player,homeOrAway,position,time,goals,assists,shots,yellowCard,redCard,xG,xA,bonus,xB,lastBonus
244,2019,13099,1444,Blerim Dzemaili,h,Sub,0.0,0.0,0.0,0.0,0.0,0.0,0.0,0.0,0.0,0.0,0.0
571,2019,13109,1444,Blerim Dzemaili,a,DMC,18.0,0.0,0.0,1.0,0.0,0.0,0.0184048730880022,0.059258047491312,0.0,0.1144726667553186,0.0
1319,2019,13148,1444,Blerim Dzemaili,a,DMC,68.0,0.0,0.0,3.0,0.0,0.0,0.0545303020626306,0.11147848516702641,0.0,0.2750693913549184,0.0
1944,2019,13170,1444,Blerim Dzemaili,h,DMC,145.0,0.0,0.0,3.0,0.0,0.0,0.0545303020626306,0.11147848516702641,0.0,0.2750693913549184,0.0
2168,2019,13180,1444,Blerim Dzemaili,a,DMC,213.0,0.0,0.0,4.0,0.0,0.0,0.1100808102637528,0.1410842221230267,0.0,0.47132665291428555,0.0
2573,2019,13207,1444,Blerim Dzemaili,a,Sub,303.0,0.0,0.0,6.0,0.0,0.0,0.1449741665273903,0.1543661653995512,0.0,0.5892886649817226,0.0
2863,2019,13210,1444,Blerim Dzemaili,h,DMC,329.0,0.0,0.0,9.0,1.0,0.0,0.241213174536824,0.1543661653995512,0.0,0.3780056890100239,0.0
3199,2019,13227,1444,Blerim Dzemaili,a,MC,419.0,1.0,0.0,13.0,1.0,0.0,0.3518888447433707,0.39914847910404183,3.0,0.9548150133341549,3.0
3467,2019,13230,1444,Blerim Dzemaili,h,AMC,509.0,1.0,1.0,14.0,2.0,0.0,0.42446777410805187,1.3382412940263746,4.0,1.6116446163505314,1.0
3585,2019,13239,1444,Blerim Dzemaili,h,AMC,573.0,1.0,1.0,14.0,2.0,0.0,0.42446777410805187,1.3693832159042356,4.0,1.6427865382283924,0.0
