,season,matchId,playerId,player,homeOrAway,position,time,goals,assists,shots,yellowCard,redCard,xG,xA,bonus,xB,lastBonus
3403,2019,13218,1422,Borja Valero,a,Sub,0.0,0.0,0.0,0.0,0.0,0.0,0.0,0.0,0.0,0.0,0.0
3724,2019,13224,1422,Borja Valero,h,Sub,43.0,0.0,0.0,0.0,0.0,0.0,0.0,0.0,0.0,0.0,0.0
3885,2019,13231,1422,Borja Valero,h,MC,52.0,0.0,0.0,0.0,0.0,0.0,0.0,0.0,0.0,0.0,0.0
4400,2019,13242,1422,Borja Valero,a,MC,126.0,0.0,0.0,0.0,0.0,0.0,0.0,0.4583318829536438,0.0,0.4583318829536438,0.0
4554,2019,13251,1422,Borja Valero,h,MC,213.0,1.0,0.0,1.0,1.0,0.0,0.1057963892817497,0.4583318829536438,2.5,0.275721050798893,2.5
4993,2019,13266,1422,Borja Valero,a,Sub,303.0,1.0,0.0,1.0,1.0,0.0,0.1057963892817497,0.5595589429140091,2.5,0.37694811075925827,0.0
5061,2019,13272,1422,Borja Valero,h,Sub,304.0,1.0,0.0,1.0,1.0,0.0,0.1057963892817497,0.5595589429140091,2.5,0.37694811075925827,0.0
5461,2019,13285,1422,Borja Valero,a,Sub,322.0,1.0,0.0,2.0,1.0,0.0,0.1639451310038566,0.5595589429140091,2.5,0.5513943359255791,0.0
5666,2019,13291,1422,Borja Valero,h,MC,325.0,1.0,0.0,2.0,2.0,0.0,0.1639451310038566,0.5595589429140091,2.0,0.05139433592557907,-0.5
7231,2019,13334,1422,Borja Valero,h,Sub,415.0,1.0,0.0,3.0,2.0,0.0,0.1959259882569312,0.5595589429140091,2.0,0.14733690768480295,0.0
7469,2019,13353,1422,Borja Valero,h,MC,427.0,1.0,0.0,4.0,3.0,0.0,0.25040632486343367,0.5595589429140091,1.5,-0.18922208249568945,-0.5
7867,2019,13365,1422,Borja Valero,a,Sub,517.0,2.0,0.0,6.0,3.0,0.0,1.0555950403213499,0.5595589429140091,4.5,2.2263440638780594,3.0
7971,2019,13378,1422,Borja Valero,h,AMC,518.0,2.0,0.0,6.0,3.0,0.0,1.0555950403213499,0.5595589429140091,4.5,2.2263440638780594,0.0
8290,2019,13387,1422,Borja Valero,h,Sub,608.0,2.0,0.0,7.0,3.0,0.0,1.5504350066184995,1.3432929068803787,4.5,4.494597926735878,0.0
8800,2019,13398,1422,Borja Valero,a,AMC,609.0,2.0,0.0,7.0,3.0,0.0,1.5504350066184995,1.3432929068803787,4.5,4.494597926735878,0.0
9090,2019,13404,1422,Borja Valero,h,AMC,699.0,2.0,0.0,10.0,4.0,0.0,2.011764526367187,1.3831460550427437,4.0,5.418439634144306,-0.5
9425,2019,13412,1422,Borja Valero,a,Sub,789.0,2.0,0.0,10.0,4.0,0.0,2.011764526367187,1.4123974964022636,4.0,5.447691075503826,0.0
10124,2019,13441,1422,Borja Valero,a,Sub,804.0,2.0,0.0,10.0,4.0,0.0,2.011764526367187,1.4435249008238316,4.0,5.478818479925394,0.0
10373,2019,13450,1422,Borja Valero,h,AMC,829.0,2.0,0.0,10.0,4.0,0.0,2.011764526367187,1.4435249008238316,4.0,5.478818479925394,0.0
