,season,matchId,playerId,player,homeOrAway,position,time,goals,assists,shots,yellowCard,redCard,xG,xA,bonus,xB,lastBonus
7026,2019,13386,8475,Bosko Sutalo,a,DC,0.0,0.0,0.0,0.0,0.0,0.0,0.0,0.0,0.0,0.0,0.0
7562,2019,13410,8475,Bosko Sutalo,h,DC,84.0,0.0,0.0,1.0,0.0,0.0,0.0440416969358921,0.0585018247365951,0.0,0.1906269155442714,0.0
8343,2019,13440,8475,Bosko Sutalo,a,Sub,174.0,0.0,0.0,1.0,0.0,0.0,0.0440416969358921,0.0585018247365951,0.0,0.1906269155442714,0.0
8577,2019,13457,8475,Bosko Sutalo,a,DC,217.0,0.0,0.0,1.0,0.0,0.0,0.0440416969358921,0.0585018247365951,0.0,0.1906269155442714,0.0
