,season,matchId,playerId,player,homeOrAway,position,time,goals,assists,shots,yellowCard,redCard,xG,xA,bonus,xB,lastBonus
5490,2019,13282,1567,Bruno Peres,a,Sub,0.0,0.0,0.0,0.0,0.0,0.0,0.0,0.0,0.0,0.0,0.0
5907,2019,13307,1567,Bruno Peres,a,Sub,2.0,0.0,0.0,0.0,0.0,0.0,0.0,0.0,0.0,0.0,0.0
6144,2019,13315,1567,Bruno Peres,h,Sub,45.0,0.0,0.0,0.0,0.0,0.0,0.0,0.0,0.0,0.0,0.0
6478,2019,13319,1567,Bruno Peres,a,DR,73.0,0.0,1.0,0.0,1.0,0.0,0.0,0.428860068321228,0.5,-0.0711399316787719,0.5
6823,2019,13335,1567,Bruno Peres,h,DR,163.0,0.0,1.0,0.0,1.0,0.0,0.0,0.428860068321228,0.5,-0.0711399316787719,0.0
6948,2019,13339,1567,Bruno Peres,a,DR,253.0,0.0,1.0,1.0,1.0,0.0,0.0379827618598938,0.48943161219358444,0.5,0.10337989777326591,0.0
7527,2019,13355,1567,Bruno Peres,h,DR,337.0,0.0,1.0,4.0,1.0,0.0,0.1726701408624649,0.48943161219358444,0.5,0.5074420347809793,0.0
8155,2019,13376,1567,Bruno Peres,h,DR,399.0,0.0,1.0,4.0,1.0,0.0,0.1726701408624649,0.48943161219358444,0.5,0.5074420347809793,0.0
8687,2019,13395,1567,Bruno Peres,h,DMR,463.0,0.0,1.0,4.0,1.0,0.0,0.1726701408624649,0.48943161219358444,0.5,0.5074420347809793,0.0
8858,2019,13407,1567,Bruno Peres,a,DMR,532.0,0.0,2.0,9.0,2.0,0.0,0.40776368975639343,0.9002286419272423,1.0,1.1235197111964226,0.5
9303,2019,13415,1567,Bruno Peres,h,DMR,622.0,0.0,2.0,10.0,3.0,0.0,0.43702162057161326,1.7712190970778465,0.5,1.5822839587926865,-0.5
9669,2019,13427,1567,Bruno Peres,h,DMR,692.0,0.0,2.0,11.0,3.0,0.0,0.47471553459763516,1.8485086634755135,0.5,1.7726552672684193,0.0
9934,2019,13436,1567,Bruno Peres,a,DMR,782.0,0.0,2.0,11.0,3.0,0.0,0.47471553459763516,1.8485086634755135,0.5,1.7726552672684193,0.0
10192,2019,13444,1567,Bruno Peres,h,DMR,872.0,2.0,2.0,14.0,3.0,0.0,0.8991656936705111,1.9336919113993645,6.5,3.131188992410898,6.0
10631,2019,13454,1567,Bruno Peres,a,DMR,962.0,2.0,2.0,14.0,3.0,0.0,0.8991656936705111,1.9560138676315546,6.5,3.1535109486430883,0.0
10799,2019,13467,1567,Bruno Peres,a,Sub,1036.0,2.0,2.0,14.0,3.0,0.0,0.8991656936705111,1.9987543243914843,6.5,3.196251405403018,0.0
