,season,matchId,playerId,player,homeOrAway,position,time,goals,assists,shots,yellowCard,redCard,xG,xA,bonus,xB,lastBonus
5908,2019,13307,7609,Carles Pérez,a,Sub,0.0,0.0,0.0,0.0,0.0,0.0,0.0,0.0,0.0,0.0,0.0
6143,2019,13315,7609,Carles Pérez,h,Sub,23.0,0.0,0.0,0.0,0.0,0.0,0.0,0.0,0.0,0.0,0.0
6490,2019,13319,7609,Carles Pérez,a,Sub,55.0,0.0,0.0,3.0,0.0,0.0,0.1263774931430816,0.1186853051185607,0.0,0.4978177845478058,0.0
6834,2019,13335,7609,Carles Pérez,h,Sub,81.0,0.0,0.0,3.0,1.0,0.0,0.1263774931430816,0.1186853051185607,-0.5,-0.002182215452194214,-0.5
6958,2019,13339,7609,Carles Pérez,a,Sub,109.0,0.0,1.0,5.0,1.0,0.0,0.3081322014331817,0.2263019829988478,0.5,0.6506985872983932,1.0
7533,2019,13355,7609,Carles Pérez,h,AMR,123.0,0.0,1.0,5.0,1.0,0.0,0.3081322014331817,0.2263019829988478,0.5,0.6506985872983932,0.0
7712,2019,13363,7609,Carles Pérez,a,Sub,196.0,0.0,1.0,9.0,1.0,0.0,0.4592726677656173,0.2263019829988478,0.5,1.1041199862957,0.0
8161,2019,13376,7609,Carles Pérez,h,AMR,226.0,0.0,1.0,9.0,1.0,0.0,0.4592726677656173,0.2263019829988478,0.5,1.1041199862957,0.0
8697,2019,13395,7609,Carles Pérez,h,Sub,316.0,0.0,1.0,15.0,1.0,0.0,0.7833274155855179,0.2706508338451383,0.5,2.120633080601692,0.0
8862,2019,13407,7609,Carles Pérez,a,AMC,321.0,0.0,1.0,15.0,1.0,0.0,0.7833274155855179,0.36633303761482205,0.5,2.216315284371376,0.0
9676,2019,13427,7609,Carles Pérez,h,Sub,389.0,0.0,2.0,17.0,1.0,0.0,1.005403071641922,1.0366167724132533,1.5,3.5528259873390198,1.0
9939,2019,13436,7609,Carles Pérez,a,AMC,392.0,0.0,2.0,17.0,1.0,0.0,1.005403071641922,1.0366167724132533,1.5,3.5528259873390198,0.0
10199,2019,13444,7609,Carles Pérez,h,Sub,473.0,1.0,2.0,19.0,1.0,0.0,1.0829387679696083,1.245191246271133,4.5,3.9940075501799583,3.0
10635,2019,13454,7609,Carles Pérez,a,AMC,478.0,1.0,2.0,20.0,1.0,0.0,1.1293261460959911,1.245191246271133,4.5,4.133169684559107,0.0
