,season,matchId,playerId,player,homeOrAway,position,time,goals,assists,shots,yellowCard,redCard,xG,xA,bonus,xB,lastBonus
5060,2019,13308,646,Christian Eriksen,a,AMC,0.0,0.0,0.0,0.0,0.0,0.0,0.0,0.0,0.0,0.0,0.0
5330,2019,13312,646,Christian Eriksen,h,Sub,59.0,0.0,0.0,2.0,0.0,0.0,0.1128888800740242,0.1951240301132202,0.0,0.5337906703352928,0.0
5915,2019,13340,646,Christian Eriksen,a,Sub,76.0,0.0,0.0,3.0,0.0,0.0,0.1411524452269077,0.2144150398671626,0.0,0.6378723755478858,0.0
6024,2019,13334,646,Christian Eriksen,h,AMC,107.0,0.0,0.0,4.0,0.0,0.0,0.1785024851560592,0.2144150398671626,0.0,0.7499224953353404,0.0
6224,2019,13353,646,Christian Eriksen,h,AMC,185.0,0.0,1.0,9.0,0.0,0.0,0.4346119314432143,1.282868828624487,1.0,2.58670462295413,1.0
6540,2019,13365,646,Christian Eriksen,a,AMC,248.0,0.0,1.0,9.0,0.0,0.0,0.4346119314432143,1.312398897483945,1.0,2.616234691813588,0.0
6632,2019,13378,646,Christian Eriksen,h,Sub,320.0,0.0,1.0,11.0,0.0,0.0,0.541240870952606,1.3938288111239672,1.0,3.0175514239817858,0.0
6891,2019,13387,646,Christian Eriksen,h,AMC,339.0,1.0,2.0,14.0,0.0,0.0,2.392412841320038,1.4693225789815187,5.0,8.646561102941632,4.0
7816,2019,13412,646,Christian Eriksen,a,AMC,415.0,1.0,2.0,14.0,0.0,0.0,2.392412841320038,1.5429129991680384,5.0,8.720151523128152,0.0
8038,2019,13427,646,Christian Eriksen,a,Sub,505.0,1.0,2.0,16.0,0.0,0.0,2.5028060972690582,1.6131825912743807,5.0,9.121600883081555,0.0
8151,2019,13430,646,Christian Eriksen,h,AMC,523.0,1.0,2.0,17.0,0.0,0.0,2.537723384797573,1.6432769000530243,5.0,9.256447054445744,0.0
8389,2019,13441,646,Christian Eriksen,a,AMC,613.0,1.0,2.0,18.0,0.0,0.0,2.5931711606681347,2.4586425721645355,5.0,10.23815605416894,0.0
