,season,matchId,playerId,player,homeOrAway,position,time,goals,assists,shots,yellowCard,redCard,xG,xA,bonus,xB,lastBonus
1937,2019,13172,1579,Daniele Gastaldello,a,Sub,0.0,0.0,0.0,0.0,0.0,0.0,0.0,0.0,0.0,0.0,0.0
2109,2019,13179,1579,Daniele Gastaldello,h,DC,51.0,0.0,0.0,0.0,0.0,0.0,0.0,0.0,0.0,0.0,0.0
8194,2019,13432,1579,Daniele Gastaldello,a,Sub,121.0,0.0,0.0,0.0,0.0,0.0,0.0,0.0,0.0,0.0,0.0
8346,2019,13448,1579,Daniele Gastaldello,h,DC,161.0,0.0,0.0,1.0,0.0,0.0,0.0532106719911098,0.0745509937405586,0.0,0.2341830097138881,0.0
8726,2019,13458,1579,Daniele Gastaldello,a,DC,228.0,0.0,0.0,1.0,0.0,0.0,0.0532106719911098,0.14071196317672718,0.0,0.30034397915005673,0.0
8812,2019,13465,1579,Daniele Gastaldello,h,DC,306.0,0.0,0.0,1.0,0.0,0.0,0.0532106719911098,0.14071196317672718,0.0,0.30034397915005673,0.0
