,season,matchId,playerId,player,homeOrAway,position,time,goals,assists,shots,yellowCard,redCard,xG,xA,bonus,xB,lastBonus
2283,2019,13188,1509,Davide Santon,a,DR,0.0,0.0,0.0,0.0,0.0,0.0,0.0,0.0,0.0,0.0,0.0
2758,2019,13205,1509,Davide Santon,a,Sub,90.0,0.0,0.0,0.0,0.0,0.0,0.0,0.0,0.0,0.0,0.0
3217,2019,13223,1509,Davide Santon,a,DR,155.0,0.0,0.0,0.0,0.0,0.0,0.0,0.0,0.0,0.0,0.0
3262,2019,13231,1509,Davide Santon,a,DR,245.0,0.0,0.0,0.0,0.0,0.0,0.0,0.0,0.0,0.0,0.0
4567,2019,13282,1509,Davide Santon,a,DR,260.0,0.0,0.0,0.0,0.0,0.0,0.0,0.0,0.0,0.0,0.0
4811,2019,13294,1509,Davide Santon,h,DR,344.0,0.0,0.0,1.0,0.0,0.0,0.025584002956748,0.0,0.0,0.076752008870244,0.0
4912,2019,13307,1509,Davide Santon,a,DR,427.0,0.0,0.0,1.0,0.0,0.0,0.025584002956748,0.0303101148456335,0.0,0.1070621237158775,0.0
5112,2019,13315,1509,Davide Santon,h,DR,474.0,0.0,0.0,1.0,1.0,0.0,0.025584002956748,0.0303101148456335,0.0,-0.39293787628412247,0.0
8934,2019,13467,1509,Davide Santon,a,Sub,536.0,0.0,0.0,2.0,2.0,0.0,0.0748628694564104,0.0303101148456335,0.0,-0.7451012767851353,0.0
