,season,matchId,playerId,player,homeOrAway,position,time,goals,assists,shots,yellowCard,redCard,xG,xA,bonus,xB,lastBonus
6280,2019,13355,1178,Davide Zappacosta,h,Sub,0.0,0.0,0.0,0.0,0.0,0.0,0.0,0.0,0.0,0.0,0.0
6408,2019,13363,1178,Davide Zappacosta,a,DR,28.0,0.0,0.0,0.0,0.0,0.0,0.0,0.0,0.0,0.0,0.0
6791,2019,13376,1178,Davide Zappacosta,h,Sub,118.0,0.0,0.0,0.0,0.0,0.0,0.0,0.011720698326826,0.0,0.011720698326826,0.0
7052,2019,13380,1178,Davide Zappacosta,a,DR,144.0,0.0,0.0,1.0,0.0,0.0,0.0160787161439657,0.011720698326826,0.0,0.0599568467587231,0.0
7727,2019,13415,1178,Davide Zappacosta,h,Sub,234.0,0.0,0.0,1.0,0.0,0.0,0.0160787161439657,0.5355618409812449,0.0,0.5837979894131421,0.0
8244,2019,13436,1178,Davide Zappacosta,a,Sub,254.0,0.0,0.0,1.0,0.0,0.0,0.0160787161439657,0.5355618409812449,0.0,0.5837979894131421,0.0
8806,2019,13454,1178,Davide Zappacosta,a,Sub,295.0,0.0,1.0,1.0,0.0,0.0,0.0160787161439657,0.7096758447587488,1.0,0.757911993190646,1.0
8927,2019,13467,1178,Davide Zappacosta,a,DMR,333.0,0.0,1.0,1.0,0.0,0.0,0.0160787161439657,0.7096758447587488,1.0,0.757911993190646,0.0
