,season,matchId,playerId,player,homeOrAway,position,time,goals,assists,shots,yellowCard,redCard,xG,xA,bonus,xB,lastBonus
4296,2019,13239,8161,Ebrima Colley,a,Sub,0.0,0.0,0.0,0.0,0.0,0.0,0.0,0.0,0.0,0.0,0.0
7200,2019,13329,8161,Ebrima Colley,h,Sub,5.0,0.0,0.0,2.0,0.0,0.0,0.1534233540296554,0.0,0.0,0.4602700620889663,0.0
9124,2019,13410,8161,Ebrima Colley,h,Sub,6.0,0.0,0.0,2.0,0.0,0.0,0.1534233540296554,0.0,0.0,0.4602700620889663,0.0
9740,2019,13429,8161,Ebrima Colley,h,Sub,50.0,0.0,1.0,3.0,0.0,0.0,0.2930984497070312,0.5480355620384216,1.0,1.4273309111595154,1.0
10063,2019,13440,8161,Ebrima Colley,a,Sub,74.0,0.0,1.0,6.0,1.0,0.0,0.573510617017746,0.5480355620384216,0.5,1.7685674130916595,-0.5
