,season,matchId,playerId,player,homeOrAway,position,time,goals,assists,shots,yellowCard,redCard,xG,xA,bonus,xB,lastBonus
1781,2019,13165,1264,Edoardo Goldaniga,a,DC,0.0,0.0,0.0,0.0,0.0,0.0,0.0,0.0,0.0,0.0,0.0
4558,2019,13282,1264,Edoardo Goldaniga,h,DC,56.0,0.0,0.0,3.0,0.0,0.0,1.310516357421875,0.0332064032554626,0.0,3.964755475521088,0.0
5385,2019,13320,1264,Edoardo Goldaniga,a,Sub,146.0,0.0,0.0,4.0,0.0,0.0,1.3792914673686028,0.0332064032554626,0.0,4.171080805361271,0.0
6974,2019,13384,1264,Edoardo Goldaniga,a,DC,188.0,0.0,0.0,4.0,1.0,0.0,1.3792914673686028,0.0332064032554626,0.0,3.671080805361271,0.0
7142,2019,13392,1264,Edoardo Goldaniga,h,DC,278.0,0.0,0.0,4.0,2.0,0.0,1.3792914673686028,0.0332064032554626,0.0,3.171080805361271,0.0
7387,2019,13405,1264,Edoardo Goldaniga,h,DC,368.0,1.0,0.0,5.0,3.0,0.0,1.4940434694290161,0.0332064032554626,3.0,3.015336811542511,3.0
7784,2019,13411,1264,Edoardo Goldaniga,a,DC,458.0,1.0,0.0,5.0,3.0,0.0,1.4940434694290161,0.052326833829283596,3.0,3.034457242116332,0.0
8219,2019,13434,1264,Edoardo Goldaniga,a,Sub,548.0,1.0,0.0,6.0,4.0,0.0,1.5072557590901852,0.12118971906602369,3.0,2.6429569963365793,0.0
8370,2019,13441,1264,Edoardo Goldaniga,h,DC,569.0,1.0,0.0,6.0,4.0,0.0,1.5072557590901852,0.12118971906602369,3.0,2.6429569963365793,0.0
8674,2019,13455,1264,Edoardo Goldaniga,a,DC,659.0,1.0,0.0,6.0,4.0,0.0,1.5072557590901852,0.22058287821710088,3.0,2.7423501554876566,0.0
9022,2019,13466,1264,Edoardo Goldaniga,h,Sub,749.0,1.0,0.0,6.0,4.0,0.0,1.5072557590901852,0.3596186842769382,3.0,2.881385961547494,0.0
