,season,matchId,playerId,player,homeOrAway,position,time,goals,assists,shots,yellowCard,redCard,xG,xA,bonus,xB,lastBonus
506,2019,13114,6282,Emiliano Rigoni,a,FW,0.0,0.0,0.0,0.0,0.0,0.0,0.0,0.0,0.0,0.0,0.0
864,2019,13126,6282,Emiliano Rigoni,h,AMC,81.0,0.0,0.0,1.0,0.0,0.0,0.5521255731582642,0.117682009935379,0.0,1.7740587294101715,0.0
1017,2019,13130,6282,Emiliano Rigoni,a,Sub,171.0,0.0,0.0,3.0,1.0,0.0,1.1054474115371704,0.1493953391909599,0.0,2.965737573802471,0.0
1193,2019,13146,6282,Emiliano Rigoni,h,FW,212.0,0.0,0.0,4.0,1.0,0.0,1.1286332551389933,0.1493953391909599,0.0,3.0352951046079397,0.0
1440,2019,13154,6282,Emiliano Rigoni,a,Sub,302.0,0.0,0.0,5.0,2.0,0.0,1.1830471362918615,0.2733746021986007,0.0,2.8225160110741854,0.0
1727,2019,13166,6282,Emiliano Rigoni,h,MR,332.0,0.0,0.0,6.0,2.0,0.0,1.2022894993424416,0.3858033716678618,0.0,2.9926718696951866,0.0
2233,2019,13186,6282,Emiliano Rigoni,h,Sub,397.0,0.0,0.0,6.0,2.0,0.0,1.2022894993424416,0.467713914811611,0.0,3.074582412838936,0.0
