,season,matchId,playerId,player,homeOrAway,position,time,goals,assists,shots,yellowCard,redCard,xG,xA,bonus,xB,lastBonus
347,2019,13101,604,Emre Can,h,Sub,0.0,0.0,0.0,0.0,0.0,0.0,0.0,0.0,0.0,0.0,0.0
1405,2019,13140,604,Emre Can,h,Sub,27.0,0.0,0.0,0.0,0.0,0.0,0.0,0.0137633252888917,0.0,0.0137633252888917,0.0
1925,2019,13155,604,Emre Can,a,Sub,56.0,0.0,0.0,0.0,1.0,0.0,0.0,0.0636242274194954,-0.5,-0.43637577258050453,-0.5
2255,2019,13175,604,Emre Can,a,MC,72.0,0.0,0.0,0.0,2.0,0.0,0.0,0.0636242274194954,-1.0,-0.9363757725805045,-0.5
3349,2019,13209,604,Emre Can,a,Sub,146.0,0.0,0.0,2.0,2.0,0.0,0.0748572349548339,0.11841824091970901,-1.0,-0.657010054215789,0.0
3690,2019,13225,604,Emre Can,h,MC,164.0,0.0,0.0,3.0,2.0,0.0,0.0996380932629107,0.11841824091970901,-1.0,-0.5826674792915585,0.0
3988,2019,13232,604,Emre Can,a,Sub,218.0,0.0,0.0,6.0,2.0,0.0,0.6809114702045916,0.11841824091970901,-1.0,1.1611526515334842,0.0
4896,2019,13263,604,Emre Can,h,Sub,268.0,0.0,0.0,7.0,2.0,0.0,0.797626357525587,0.11841824091970901,-1.0,1.5112973134964702,0.0
