,season,matchId,playerId,player,homeOrAway,position,time,goals,assists,shots,yellowCard,redCard,xG,xA,bonus,xB,lastBonus
6682,2019,13373,1324,Federico Dimarco,h,DML,0.0,0.0,0.0,0.0,0.0,0.0,0.0,0.0,0.0,0.0,0.0
7006,2019,13385,1324,Federico Dimarco,a,Sub,48.0,0.0,0.0,0.0,0.0,0.0,0.0,0.304724633693695,0.0,0.304724633693695,0.0
7288,2019,13398,1324,Federico Dimarco,h,DML,68.0,0.0,0.0,1.0,0.0,0.0,0.0339239053428173,0.304724633693695,0.0,0.40649634972214693,0.0
7475,2019,13406,1324,Federico Dimarco,a,DML,136.0,0.0,1.0,2.0,1.0,0.0,0.3301831297576427,0.34690786153078074,1.0,0.8374572508037089,1.0
7741,2019,13415,1324,Federico Dimarco,a,Sub,207.0,0.0,1.0,2.0,1.0,0.0,0.3301831297576427,0.34690786153078074,1.0,0.8374572508037089,0.0
7832,2019,13428,1324,Federico Dimarco,h,Sub,279.0,0.0,1.0,2.0,1.0,0.0,0.3301831297576427,0.36246927268803114,1.0,0.8530186619609593,0.0
8614,2019,13452,1324,Federico Dimarco,h,DC,295.0,0.0,1.0,3.0,1.0,0.0,0.3391180112957953,0.36246927268803114,1.0,0.8798233065754173,0.0
9025,2019,13466,1324,Federico Dimarco,a,DC,385.0,0.0,3.0,6.0,1.0,0.0,0.5227322205901144,1.2636122275143862,3.0,2.33180888928473,2.0
