,season,matchId,playerId,player,homeOrAway,position,time,goals,assists,shots,yellowCard,redCard,xG,xA,bonus,xB,lastBonus
91,2019,13092,6972,Federico Santander,a,Sub,0.0,0.0,0.0,0.0,0.0,0.0,0.0,0.0,0.0,0.0,0.0
243,2019,13099,6972,Federico Santander,h,Sub,34.0,0.0,0.0,2.0,0.0,0.0,0.5431220531463623,0.0364083908498287,0.0,1.6657745502889156,0.0
577,2019,13109,6972,Federico Santander,a,Sub,60.0,0.0,0.0,2.0,1.0,0.0,0.5431220531463623,0.0632141642272472,0.0,1.1925803236663342,0.0
1041,2019,13131,6972,Federico Santander,a,Sub,100.0,0.0,0.0,5.0,2.0,0.0,1.1603348851203918,0.36368240043520916,0.0,2.844687055796385,0.0
1323,2019,13148,6972,Federico Santander,a,FW,118.0,0.0,0.0,6.0,2.0,0.0,1.1876990459859371,0.38987748324871047,0.0,2.952974621206522,0.0
1951,2019,13170,6972,Federico Santander,h,Sub,208.0,0.0,0.0,9.0,2.0,0.0,1.4043906591832638,0.43942072987556435,0.0,3.652592707425356,0.0
2172,2019,13180,6972,Federico Santander,a,FW,230.0,0.0,0.0,9.0,2.0,0.0,1.4043906591832638,0.43942072987556435,0.0,3.652592707425356,0.0
3470,2019,13230,6972,Federico Santander,h,Sub,291.0,1.0,0.0,11.0,2.0,0.0,2.185177829116583,0.43942072987556435,3.0,5.994954217225313,3.0
4043,2019,13260,6972,Federico Santander,h,Sub,317.0,1.0,0.0,11.0,3.0,0.0,2.185177829116583,0.4701539184898136,3.0,5.525687405839562,0.0
4493,2019,13280,6972,Federico Santander,h,FW,347.0,1.0,0.0,12.0,3.0,0.0,2.2052435502409935,0.4701539184898136,3.0,5.585884569212794,0.0
4668,2019,13296,6972,Federico Santander,a,FW,437.0,1.0,0.0,12.0,3.0,0.0,2.2052435502409935,0.4701539184898136,3.0,5.585884569212794,0.0
5732,2019,13341,6972,Federico Santander,a,Sub,498.0,1.0,0.0,14.0,3.0,0.0,2.647663287818432,0.5347333606332538,3.0,6.97772322408855,0.0
7894,2019,13424,6972,Federico Santander,a,FW,528.0,1.0,0.0,15.0,4.0,0.0,2.6670561749488115,0.5839108917862175,3.0,6.585079416632652,0.0
8998,2019,13463,6972,Federico Santander,h,Sub,618.0,1.0,0.0,17.0,4.0,0.0,2.996822150424123,0.5839108917862175,3.0,7.574377343058586,0.0
