,season,matchId,playerId,player,homeOrAway,position,time,goals,assists,shots,yellowCard,redCard,xG,xA,bonus,xB,lastBonus
1418,2019,13140,3925,Gabriele Moncini,a,FW,0.0,0.0,0.0,0.0,0.0,0.0,0.0,0.0,0.0,0.0,0.0
2065,2019,13160,3925,Gabriele Moncini,a,Sub,76.0,0.0,0.0,1.0,0.0,0.0,0.0366003587841987,0.0180757883936166,0.0,0.1278768647462129,0.0
3024,2019,13197,3925,Gabriele Moncini,h,FW,85.0,0.0,0.0,1.0,0.0,0.0,0.0366003587841987,0.0180757883936166,0.0,0.1278768647462129,0.0
4059,2019,13236,3925,Gabriele Moncini,h,Sub,147.0,0.0,0.0,2.0,0.0,0.0,0.1401048824191092,0.028717039152979698,0.0,0.44903168641030783,0.0
