,season,matchId,playerId,player,homeOrAway,position,time,goals,assists,shots,yellowCard,redCard,xG,xA,bonus,xB,lastBonus
3565,2019,13244,1847,Giampaolo Pazzini,h,Sub,0.0,0.0,0.0,0.0,0.0,0.0,0.0,0.0,0.0,0.0,0.0
3985,2019,13268,1847,Giampaolo Pazzini,a,FW,25.0,1.0,0.0,3.0,0.0,0.0,0.8560022115707397,0.0,3.0,2.5680066347122192,3.0
5189,2019,13318,1847,Giampaolo Pazzini,h,Sub,99.0,2.0,0.0,8.0,0.0,0.0,2.1150697469711304,0.0399620719254016,6.0,6.385171312838793,3.0
6151,2019,13358,1847,Giampaolo Pazzini,h,Sub,120.0,3.0,0.0,10.0,0.0,0.0,2.9317458868026733,0.0656814072281121,9.0,8.860919067636132,3.0
6491,2019,13367,1847,Giampaolo Pazzini,a,Sub,137.0,3.0,0.0,10.0,0.0,0.0,2.9317458868026733,0.0656814072281121,9.0,8.860919067636132,0.0
7008,2019,13385,1847,Giampaolo Pazzini,a,Sub,166.0,3.0,0.0,10.0,0.0,0.0,2.9317458868026733,0.0656814072281121,9.0,8.860919067636132,0.0
9033,2019,13466,1847,Giampaolo Pazzini,a,Sub,181.0,3.0,0.0,10.0,0.0,0.0,2.9317458868026733,0.09960531257092939,9.0,8.89484297297895,0.0
