,season,matchId,playerId,player,homeOrAway,position,time,goals,assists,shots,yellowCard,redCard,xG,xA,bonus,xB,lastBonus
891,2019,13122,1285,Gianluigi Buffon,h,GK,0.0,0.0,0.0,0.0,0.0,0.0,0.0,0.0,0.0,0.0,0.0
1394,2019,13140,1285,Gianluigi Buffon,h,GK,90.0,0.0,0.0,0.0,0.0,0.0,0.0,0.0269233826547861,0.0,0.0269233826547861,0.0
1982,2019,13161,1285,Gianluigi Buffon,h,GK,180.0,0.0,0.0,0.0,0.0,0.0,0.0,0.0269233826547861,0.0,0.0269233826547861,0.0
2596,2019,13181,1285,Gianluigi Buffon,h,GK,270.0,0.0,0.0,0.0,0.0,0.0,0.0,0.0269233826547861,0.0,0.0269233826547861,0.0
3685,2019,13225,1285,Gianluigi Buffon,h,GK,360.0,0.0,0.0,0.0,0.0,0.0,0.0,0.0269233826547861,0.0,0.0269233826547861,0.0
4297,2019,13245,1285,Gianluigi Buffon,h,GK,450.0,0.0,0.0,0.0,0.0,0.0,0.0,0.0269233826547861,0.0,0.0269233826547861,0.0
4450,2019,13255,1285,Gianluigi Buffon,a,GK,540.0,0.0,0.0,0.0,0.0,0.0,0.0,0.0269233826547861,0.0,0.0269233826547861,0.0
8186,2019,13388,1285,Gianluigi Buffon,h,GK,630.0,0.0,0.0,0.0,0.0,0.0,0.0,0.0269233826547861,0.0,0.0269233826547861,0.0
10565,2019,13449,1285,Gianluigi Buffon,a,GK,720.0,0.0,0.0,0.0,0.0,0.0,0.0,0.0269233826547861,0.0,0.0269233826547861,0.0
