,season,matchId,playerId,player,homeOrAway,position,time,goals,assists,shots,yellowCard,redCard,xG,xA,bonus,xB,lastBonus
1749,2019,13168,7000,Hidde ter Avest,h,DMR,0.0,0.0,0.0,0.0,0.0,0.0,0.0,0.0,0.0,0.0,0.0
2274,2019,13188,7000,Hidde ter Avest,h,DMR,63.0,0.0,0.0,0.0,0.0,0.0,0.0,0.0,0.0,0.0,0.0
2971,2019,13215,7000,Hidde ter Avest,a,Sub,120.0,0.0,0.0,0.0,0.0,0.0,0.0,0.0776398777961731,0.0,0.0776398777961731,0.0
3300,2019,13238,7000,Hidde ter Avest,h,DMR,152.0,0.0,0.0,0.0,0.0,0.0,0.0,0.0776398777961731,0.0,0.0776398777961731,0.0
3615,2019,13245,7000,Hidde ter Avest,a,DMR,227.0,0.0,0.0,0.0,0.0,0.0,0.0,0.090407102368772,0.0,0.090407102368772,0.0
3789,2019,13258,7000,Hidde ter Avest,h,Sub,317.0,0.0,0.0,0.0,0.0,0.0,0.0,0.1575283845886587,0.0,0.1575283845886587,0.0
6804,2019,13376,7000,Hidde ter Avest,a,Sub,340.0,0.0,0.0,0.0,0.0,0.0,0.0,0.2539696535095571,0.0,0.2539696535095571,0.0
6971,2019,13384,7000,Hidde ter Avest,h,Sub,364.0,0.0,0.0,1.0,0.0,0.0,0.0457913689315319,0.362371235154569,0.0,0.49974534194916465,0.0
7422,2019,13399,7000,Hidde ter Avest,h,Sub,394.0,0.0,0.0,1.0,0.0,0.0,0.0457913689315319,0.362371235154569,0.0,0.49974534194916465,0.0
7675,2019,13409,7000,Hidde ter Avest,h,Sub,415.0,0.0,0.0,1.0,1.0,0.0,0.0457913689315319,0.362371235154569,0.0,-0.00025465805083535464,0.0
8272,2019,13438,7000,Hidde ter Avest,h,DMR,435.0,0.0,0.0,1.0,1.0,0.0,0.0457913689315319,0.362371235154569,0.0,-0.00025465805083535464,0.0
8640,2019,13453,7000,Hidde ter Avest,h,DMR,514.0,0.0,0.0,1.0,1.0,0.0,0.0457913689315319,0.362371235154569,0.0,-0.00025465805083535464,0.0
