,season,matchId,playerId,player,homeOrAway,position,time,goals,assists,shots,yellowCard,redCard,xG,xA,bonus,xB,lastBonus
7528,2019,13355,7413,Ibañez,h,DC,0.0,0.0,0.0,0.0,0.0,0.0,0.0,0.0,0.0,0.0,0.0
8166,2019,13376,7413,Ibañez,h,Sub,90.0,0.0,0.0,0.0,0.0,0.0,0.0,0.0,0.0,0.0,0.0
8484,2019,13380,7413,Ibañez,a,DC,106.0,0.0,0.0,0.0,1.0,0.0,0.0,0.0,-0.5,-0.5,-0.5
8685,2019,13395,7413,Ibañez,h,DC,196.0,0.0,0.0,1.0,1.0,0.0,0.0112284952774643,0.0,-0.5,-0.4663145141676069,0.0
8855,2019,13407,7413,Ibañez,a,DC,286.0,0.0,0.0,2.0,2.0,0.0,0.3608230287209152,0.0359053835272789,-1.0,0.1183744696900248,-0.5
9302,2019,13415,7413,Ibañez,h,DC,376.0,0.0,0.0,3.0,2.0,0.0,0.5925527745857833,0.0359053835272789,-1.0,0.8135637072846293,0.0
9668,2019,13427,7413,Ibañez,h,DC,466.0,0.0,0.0,3.0,2.0,0.0,0.5925527745857833,0.116063617169857,-1.0,0.8937219409272075,0.0
10639,2019,13454,7413,Ibañez,a,Sub,543.0,0.0,0.0,3.0,2.0,0.0,0.5925527745857833,0.116063617169857,-1.0,0.8937219409272075,0.0
10788,2019,13467,7413,Ibañez,a,DC,559.0,0.0,0.0,3.0,2.0,0.0,0.5925527745857833,0.116063617169857,-1.0,0.8937219409272075,0.0
