,season,matchId,playerId,player,homeOrAway,position,time,goals,assists,shots,yellowCard,redCard,xG,xA,bonus,xB,lastBonus
55,2019,13091,6997,Ignacio Pussetto,h,FW,0.0,0.0,0.0,0.0,0.0,0.0,0.0,0.0,0.0,0.0,0.0
450,2019,13108,6997,Ignacio Pussetto,h,Sub,75.0,0.0,0.0,1.0,0.0,0.0,0.1049048900604248,0.063267670571804,0.0,0.3779823407530784,0.0
722,2019,13128,6997,Ignacio Pussetto,h,AMC,93.0,0.0,0.0,3.0,0.0,0.0,0.1798073053359985,0.063267670571804,0.0,0.6026895865797997,0.0
1987,2019,13169,6997,Ignacio Pussetto,a,Sub,163.0,0.0,0.0,4.0,1.0,0.0,0.1960839089006185,0.138868898153305,0.0,0.22712062485516077,0.0
3307,2019,13238,6997,Ignacio Pussetto,h,Sub,202.0,0.0,0.0,4.0,1.0,0.0,0.1960839089006185,0.138868898153305,0.0,0.22712062485516077,0.0
3623,2019,13245,6997,Ignacio Pussetto,a,Sub,217.0,0.0,0.0,4.0,1.0,0.0,0.1960839089006185,0.1613595634698867,0.0,0.24961129017174247,0.0
4245,2019,13278,6997,Ignacio Pussetto,h,Sub,246.0,1.0,0.0,6.0,1.0,0.0,0.6944364067167044,0.23473624885082228,3.0,1.8180454690009356,3.0
