,season,matchId,playerId,player,homeOrAway,position,time,goals,assists,shots,yellowCard,redCard,xG,xA,bonus,xB,lastBonus
808,2019,13127,1221,Jacopo Sala,a,Sub,0.0,0.0,0.0,0.0,0.0,0.0,0.0,0.0,0.0,0.0,0.0
1175,2019,13140,1221,Jacopo Sala,a,DMR,64.0,0.0,0.0,2.0,0.0,0.0,0.0441585145890712,0.0244725290685892,0.0,0.156948072835803,0.0
1714,2019,13160,1221,Jacopo Sala,a,DMR,136.0,0.0,0.0,3.0,0.0,0.0,0.06304791010916219,0.0244725290685892,0.0,0.2136162593960761,0.0
2734,2019,13208,1221,Jacopo Sala,a,Sub,199.0,0.0,0.0,3.0,0.0,0.0,0.06304791010916219,0.0244725290685892,0.0,0.2136162593960761,0.0
2994,2019,13217,1221,Jacopo Sala,h,DC,243.0,0.0,0.0,5.0,0.0,0.0,0.1747646201401947,0.0402697771787643,0.0,0.5645636375993489,0.0
5822,2019,13345,1221,Jacopo Sala,a,Sub,333.0,0.0,0.0,7.0,0.0,0.0,0.2138961534947155,0.0402697771787643,0.0,0.6819582376629113,0.0
6117,2019,13356,1221,Jacopo Sala,h,DL,359.0,0.0,0.0,7.0,0.0,0.0,0.2138961534947155,0.0402697771787643,0.0,0.6819582376629113,0.0
6709,2019,13375,1221,Jacopo Sala,h,DML,426.0,0.0,0.0,8.0,0.0,0.0,0.2562399897724388,0.0549419140443205,0.0,0.8236618833616374,0.0
6948,2019,13382,1221,Jacopo Sala,a,DL,516.0,0.0,0.0,8.0,0.0,0.0,0.2562399897724388,0.0549419140443205,0.0,0.8236618833616374,0.0
7260,2019,13396,1221,Jacopo Sala,h,DR,606.0,0.0,0.0,10.0,0.0,0.0,0.34750393219292136,0.1150212539359926,0.0,1.1575330505147574,0.0
7408,2019,13405,1221,Jacopo Sala,a,Sub,696.0,0.0,0.0,13.0,0.0,0.0,0.40447734110057326,0.12924773711711152,0.0,1.342679760418832,0.0
7797,2019,13412,1221,Jacopo Sala,h,DR,713.0,0.0,0.0,13.0,0.0,0.0,0.40447734110057326,0.12924773711711152,0.0,1.342679760418832,0.0
