,season,matchId,playerId,player,homeOrAway,position,time,goals,assists,shots,yellowCard,redCard,xG,xA,bonus,xB,lastBonus
116,2019,13094,1508,Jeison Murillo,h,DC,0.0,0.0,0.0,0.0,0.0,0.0,0.0,0.0,0.0,0.0,0.0
427,2019,13107,1508,Jeison Murillo,a,DC,90.0,0.0,0.0,0.0,0.0,0.0,0.0,0.0250253472477197,0.0,0.0250253472477197,0.0
497,2019,13114,1508,Jeison Murillo,a,DC,180.0,0.0,0.0,1.0,0.0,0.0,0.0521162785589695,0.0250253472477197,0.0,0.1813741829246282,0.0
867,2019,13126,1508,Jeison Murillo,h,Sub,270.0,0.0,0.0,1.0,0.0,0.0,0.0521162785589695,0.0250253472477197,0.0,0.1813741829246282,0.0
1009,2019,13130,1508,Jeison Murillo,a,DC,289.0,0.0,0.0,1.0,0.0,0.0,0.0521162785589695,0.0250253472477197,0.0,0.1813741829246282,0.0
1724,2019,13166,1508,Jeison Murillo,h,DC,346.0,0.0,0.0,1.0,0.0,1.0,0.0521162785589695,0.0250253472477197,0.0,-0.3186258170753718,0.0
1953,2019,13170,1508,Jeison Murillo,a,DC,436.0,0.0,0.0,1.0,0.0,1.0,0.0521162785589695,0.0250253472477197,0.0,-0.3186258170753718,0.0
3553,2019,13243,1508,Jeison Murillo,a,Sub,526.0,0.0,0.0,1.0,0.0,1.0,0.0521162785589695,0.0250253472477197,0.0,-0.3186258170753718,0.0
3711,2019,13255,1508,Jeison Murillo,h,DR,571.0,0.0,0.0,1.0,0.0,1.0,0.0521162785589695,0.0250253472477197,0.0,-0.3186258170753718,0.0
