,season,matchId,playerId,player,homeOrAway,position,time,goals,assists,shots,yellowCard,redCard,xG,xA,bonus,xB,lastBonus
2484,2019,13171,1563,Jordan Lukaku,a,Sub,0.0,0.0,0.0,0.0,0.0,0.0,0.0,0.0,0.0,0.0,0.0
3517,2019,13216,1563,Jordan Lukaku,a,Sub,26.0,0.0,1.0,0.0,0.0,0.0,0.0,0.1627373099327087,1.0,0.1627373099327087,1.0
7521,2019,13349,1563,Jordan Lukaku,a,Sub,65.0,0.0,1.0,1.0,0.0,0.0,0.0186834037303924,0.1892232373356818,1.0,0.24527344852685923,0.0
7662,2019,13362,1563,Jordan Lukaku,h,Sub,79.0,0.0,1.0,2.0,0.0,0.0,0.0674190036952495,0.1892232373356818,1.0,0.39148024842143053,0.0
7901,2019,13374,1563,Jordan Lukaku,a,Sub,87.0,0.0,1.0,2.0,0.0,0.0,0.0674190036952495,0.1892232373356818,1.0,0.39148024842143053,0.0
8257,2019,13379,1563,Jordan Lukaku,h,Sub,116.0,0.0,1.0,2.0,1.0,0.0,0.0674190036952495,0.2688218355178831,0.5,-0.028921153396368082,-0.5
8522,2019,13393,1563,Jordan Lukaku,a,Sub,149.0,0.0,1.0,2.0,2.0,0.0,0.0674190036952495,0.2916082460433242,0.0,-0.5061347428709269,-0.5
8811,2019,13402,1563,Jordan Lukaku,h,DML,186.0,0.0,1.0,2.0,2.0,0.0,0.0674190036952495,0.2916082460433242,0.0,-0.5061347428709269,0.0
9262,2019,13409,1563,Jordan Lukaku,a,Sub,235.0,0.0,1.0,2.0,2.0,0.0,0.0674190036952495,0.2916082460433242,0.0,-0.5061347428709269,0.0
10016,2019,13431,1563,Jordan Lukaku,h,Sub,272.0,0.0,1.0,2.0,2.0,0.0,0.0674190036952495,0.2916082460433242,0.0,-0.5061347428709269,0.0
10270,2019,13446,1563,Jordan Lukaku,a,Sub,303.0,0.0,1.0,2.0,2.0,0.0,0.0674190036952495,0.3366596121340987,0.0,-0.4610833767801524,0.0
10535,2019,13458,1563,Jordan Lukaku,h,Sub,323.0,0.0,2.0,2.0,2.0,0.0,0.0674190036952495,0.4357663858681914,1.0,-0.36197660304605966,1.0
10735,2019,13462,1563,Jordan Lukaku,a,Sub,356.0,0.0,2.0,2.0,2.0,0.0,0.0674190036952495,0.5561776328831907,1.0,-0.24156535603106036,0.0
