,season,matchId,playerId,player,homeOrAway,position,time,goals,assists,shots,yellowCard,redCard,xG,xA,bonus,xB,lastBonus
1018,2019,13130,7937,Julian Chabot,a,Sub,0.0,0.0,0.0,0.0,0.0,0.0,0.0,0.0,0.0,0.0,0.0
1184,2019,13146,7937,Julian Chabot,h,DC,22.0,0.0,0.0,0.0,0.0,0.0,0.0,0.0,0.0,0.0,0.0
1432,2019,13154,7937,Julian Chabot,a,DC,112.0,0.0,0.0,0.0,0.0,0.0,0.0,0.0,0.0,0.0,0.0
4114,2019,13265,7937,Julian Chabot,a,DC,202.0,0.0,0.0,0.0,1.0,0.0,0.0,0.0,0.0,-0.5,0.0
4282,2019,13276,7937,Julian Chabot,h,DC,292.0,0.0,0.0,0.0,1.0,0.0,0.0,0.0,0.0,-0.5,0.0
4408,2019,13284,7937,Julian Chabot,a,DC,382.0,0.0,0.0,0.0,1.0,0.0,0.0,0.0,0.0,-0.5,0.0
7911,2019,13426,7937,Julian Chabot,a,DC,455.0,0.0,0.0,0.0,1.0,1.0,0.0,0.0,0.0,-1.0,0.0
8556,2019,13442,7937,Julian Chabot,a,DC,545.0,1.0,0.0,1.0,1.0,1.0,0.0511925742030143,0.0,3.0,-0.8464222773909569,3.0
