,season,matchId,playerId,player,homeOrAway,position,time,goals,assists,shots,yellowCard,redCard,xG,xA,bonus,xB,lastBonus
209,2019,13096,3550,Koffi Djidji,h,Sub,0.0,0.0,0.0,0.0,0.0,0.0,0.0,0.0,0.0,0.0,0.0
436,2019,13104,3550,Koffi Djidji,a,DC,19.0,0.0,0.0,0.0,0.0,0.0,0.0,0.0,0.0,0.0,0.0
810,2019,13118,3550,Koffi Djidji,h,DC,109.0,0.0,0.0,0.0,0.0,0.0,0.0,0.0,0.0,0.0,0.0
1379,2019,13138,3550,Koffi Djidji,h,Sub,199.0,0.0,0.0,0.0,0.0,0.0,0.0,0.0,0.0,0.0,0.0
1671,2019,13145,3550,Koffi Djidji,a,Sub,204.0,0.0,0.0,0.0,0.0,0.0,0.0,0.0,0.0,0.0,0.0
2405,2019,13178,3550,Koffi Djidji,h,DC,210.0,0.0,0.0,0.0,0.0,0.0,0.0,0.0,0.0,0.0,0.0
2649,2019,13182,3550,Koffi Djidji,a,Sub,271.0,0.0,0.0,0.0,0.0,0.0,0.0,0.0,0.0,0.0,0.0
4817,2019,13267,3550,Koffi Djidji,a,DC,286.0,0.0,0.0,0.0,0.0,0.0,0.0,0.0,0.0,0.0,0.0
5161,2019,13277,3550,Koffi Djidji,h,DC,376.0,0.0,0.0,0.0,0.0,0.0,0.0,0.0,0.0,0.0,0.0
5314,2019,13288,3550,Koffi Djidji,a,DC,466.0,0.0,0.0,0.0,0.0,0.0,0.0,0.0,0.0,0.0,0.0
5634,2019,13297,3550,Koffi Djidji,h,DC,542.0,0.0,0.0,0.0,1.0,0.0,0.0,0.0193578600883483,-0.5,-0.4806421399116516,-0.5
6037,2019,13304,3550,Koffi Djidji,a,DC,632.0,0.0,0.0,0.0,1.0,0.0,0.0,0.0193578600883483,-0.5,-0.4806421399116516,0.0
7883,2019,13374,3550,Koffi Djidji,h,Sub,692.0,0.0,0.0,0.0,1.0,0.0,0.0,0.0193578600883483,-0.5,-0.4806421399116516,0.0
8213,2019,13388,3550,Koffi Djidji,a,Sub,700.0,0.0,0.0,0.0,1.0,0.0,0.0,0.0193578600883483,-0.5,-0.4806421399116516,0.0
8726,2019,13397,3550,Koffi Djidji,h,Sub,701.0,0.0,0.0,0.0,1.0,0.0,0.0,0.0193578600883483,-0.5,-0.4806421399116516,0.0
10625,2019,13454,3550,Koffi Djidji,h,Sub,702.0,0.0,0.0,0.0,1.0,0.0,0.0,0.0193578600883483,-0.5,-0.4806421399116516,0.0
10883,2019,13463,3550,Koffi Djidji,a,DC,744.0,0.0,0.0,0.0,1.0,0.0,0.0,0.0193578600883483,-0.5,-0.4806421399116516,0.0
