,season,matchId,playerId,player,homeOrAway,position,time,goals,assists,shots,yellowCard,redCard,xG,xA,bonus,xB,lastBonus
212,2019,13098,1587,Kwadwo Asamoah,h,DML,0.0,0.0,0.0,0.0,0.0,0.0,0.0,0.0,0.0,0.0,0.0
385,2019,13105,1587,Kwadwo Asamoah,a,DML,90.0,0.0,1.0,2.0,0.0,0.0,0.0887205749750137,0.0359687656164169,1.0,0.3021304905414581,1.0
513,2019,13113,1587,Kwadwo Asamoah,h,DML,180.0,0.0,1.0,3.0,1.0,0.0,0.1476246155798434,0.0589480567723512,1.0,0.0018219035118817728,0.0
781,2019,13125,1587,Kwadwo Asamoah,a,ML,270.0,0.0,1.0,3.0,1.0,0.0,0.1476246155798434,0.102902641519904,1.0,0.045776488259434575,0.0
1200,2019,13146,1587,Kwadwo Asamoah,a,DML,360.0,0.0,1.0,3.0,1.0,0.0,0.1476246155798434,0.1418653968721626,1.0,0.08473924361169317,0.0
1584,2019,13155,1587,Kwadwo Asamoah,h,DML,450.0,0.0,1.0,3.0,1.0,0.0,0.1476246155798434,0.298014650121331,1.0,0.24088849686086156,0.0
2122,2019,13179,1587,Kwadwo Asamoah,a,DML,540.0,0.0,1.0,3.0,1.0,0.0,0.1476246155798434,0.3172772675752637,1.0,0.26015111431479426,0.0
3261,2019,13231,1587,Kwadwo Asamoah,h,Sub,623.0,0.0,1.0,3.0,1.0,0.0,0.1476246155798434,0.3172772675752637,1.0,0.26015111431479426,0.0
