,season,matchId,playerId,player,homeOrAway,position,time,goals,assists,shots,yellowCard,redCard,xG,xA,bonus,xB,lastBonus
661,2019,13112,1589,Lucas Biglia,a,MC,0.0,0.0,0.0,0.0,0.0,0.0,0.0,0.0,0.0,0.0,0.0
766,2019,13125,1589,Lucas Biglia,h,MC,90.0,0.0,0.0,0.0,0.0,0.0,0.0,0.0,0.0,0.0,0.0
1456,2019,13153,1589,Lucas Biglia,a,MC,180.0,0.0,0.0,1.0,0.0,0.0,0.0420721210539341,0.0187629535794258,0.0,0.1449793167412281,0.0
1798,2019,13163,1589,Lucas Biglia,h,MC,270.0,0.0,0.0,1.0,1.0,0.0,0.0420721210539341,0.0187629535794258,0.0,-0.3550206832587719,0.0
2051,2019,13176,1589,Lucas Biglia,a,MC,360.0,0.0,1.0,2.0,2.0,0.0,0.1346153579652309,0.09209231287240979,1.0,-0.5040616132318974,1.0
2817,2019,13213,1589,Lucas Biglia,h,MC,432.0,0.0,1.0,3.0,3.0,0.0,0.1952542327344417,0.09209231287240979,1.0,-0.8221449889242649,0.0
3482,2019,13230,1589,Lucas Biglia,a,Sub,506.0,0.0,1.0,3.0,3.0,0.0,0.1952542327344417,0.09209231287240979,1.0,-0.8221449889242649,0.0
7617,2019,13416,1589,Lucas Biglia,h,DMC,526.0,0.0,1.0,3.0,3.0,0.0,0.1952542327344417,0.09209231287240979,1.0,-0.8221449889242649,0.0
8322,2019,13440,1589,Lucas Biglia,h,DMC,587.0,0.0,1.0,5.0,3.0,0.0,0.238080359995365,0.2265265807509422,1.0,-0.5592323392629623,0.0
