,season,matchId,playerId,player,homeOrAway,position,time,goals,assists,shots,yellowCard,redCard,xG,xA,bonus,xB,lastBonus
10,2019,13089,1846,Luca Siligardi,h,Sub,0.0,0.0,0.0,0.0,0.0,0.0,0.0,0.0,0.0,0.0,0.0
4898,2019,13301,1846,Luca Siligardi,a,MC,30.0,0.0,0.0,0.0,0.0,0.0,0.0,0.0,0.0,0.0,0.0
5495,2019,13327,1846,Luca Siligardi,a,FWR,87.0,0.0,0.0,0.0,0.0,0.0,0.0,0.0527511276304721,0.0,0.0527511276304721,0.0
8124,2019,13433,1846,Luca Siligardi,h,MR,163.0,0.0,0.0,1.0,0.0,0.0,0.0230342634022235,0.0527511276304721,0.0,0.1218539178371428,0.0
8368,2019,13448,1846,Luca Siligardi,a,Sub,224.0,0.0,0.0,4.0,0.0,0.0,0.37202628329396237,0.0527511276304721,0.0,1.1688299775123596,0.0
9059,2019,13468,1846,Luca Siligardi,a,Sub,255.0,0.0,1.0,6.0,0.0,0.0,0.45420614257454855,0.11373824253678311,1.0,1.4763566702604294,1.0
