,season,matchId,playerId,player,homeOrAway,position,time,goals,assists,shots,yellowCard,redCard,xG,xA,bonus,xB,lastBonus
6503,2019,13368,6998,Lukasz Teodorczyk,h,FW,0.0,0.0,0.0,0.0,0.0,0.0,0.0,0.0,0.0,0.0,0.0
6805,2019,13376,6998,Lukasz Teodorczyk,a,Sub,71.0,0.0,0.0,0.0,0.0,0.0,0.0,0.3386828601360321,0.0,0.3386828601360321,0.0
7676,2019,13409,6998,Lukasz Teodorczyk,h,Sub,114.0,0.0,0.0,0.0,0.0,0.0,0.0,0.42785624414682377,0.0,0.42785624414682377,0.0
