,season,matchId,playerId,player,homeOrAway,position,time,goals,assists,shots,yellowCard,redCard,xG,xA,bonus,xB,lastBonus
6013,2019,13329,3893,Lukas Haraslin,a,Sub,0.0,0.0,0.0,0.0,0.0,0.0,0.0,0.0,0.0,0.0,0.0
6243,2019,13353,3893,Lukas Haraslin,a,Sub,26.0,0.0,0.0,1.0,0.0,0.0,0.2957014143466949,0.0,0.0,0.8871042430400848,0.0
6476,2019,13367,3893,Lukas Haraslin,h,AML,48.0,0.0,0.0,1.0,0.0,0.0,0.2957014143466949,0.0,0.0,0.8871042430400848,0.0
7208,2019,13390,3893,Lukas Haraslin,a,AML,95.0,0.0,0.0,2.0,0.0,0.0,0.420914590358734,0.0,0.0,1.2627437710762024,0.0
7330,2019,13402,3893,Lukas Haraslin,a,Sub,162.0,1.0,0.0,6.0,1.0,0.0,0.6483118236064909,0.0688873007893562,3.0,1.5138227716088295,3.0
7866,2019,13419,3893,Lukas Haraslin,a,FWR,181.0,1.0,0.0,7.0,1.0,0.0,0.6755668390542265,0.0688873007893562,3.0,1.5955878179520369,0.0
8101,2019,13435,3893,Lukas Haraslin,h,AML,254.0,1.0,0.0,8.0,1.0,0.0,0.7180453743785616,0.0688873007893562,3.0,1.7230234239250422,0.0
8672,2019,13455,3893,Lukas Haraslin,h,Sub,307.0,1.0,0.0,8.0,1.0,0.0,0.7180453743785616,0.0688873007893562,3.0,1.7230234239250422,0.0
8976,2019,13461,3893,Lukas Haraslin,h,Sub,329.0,1.0,0.0,8.0,1.0,0.0,0.7180453743785616,0.0688873007893562,3.0,1.7230234239250422,0.0
