,season,matchId,playerId,player,homeOrAway,position,time,goals,assists,shots,yellowCard,redCard,xG,xA,bonus,xB,lastBonus
6059,2019,13308,6303,Marvin Zeegelaar,h,Sub,0.0,0.0,0.0,0.0,0.0,0.0,0.0,0.0,0.0,0.0,0.0
6293,2019,13309,6303,Marvin Zeegelaar,a,Sub,17.0,0.0,0.0,0.0,0.0,0.0,0.0,0.0,0.0,0.0,0.0
6738,2019,13330,6303,Marvin Zeegelaar,a,Sub,26.0,0.0,0.0,0.0,0.0,0.0,0.0,0.0,0.0,0.0,0.0
7056,2019,13348,6303,Marvin Zeegelaar,h,Sub,80.0,0.0,0.0,0.0,0.0,0.0,0.0,0.0,0.0,0.0,0.0
7819,2019,13368,6303,Marvin Zeegelaar,h,Sub,87.0,0.0,0.0,0.0,0.0,0.0,0.0,0.0,0.0,0.0,0.0
8175,2019,13376,6303,Marvin Zeegelaar,a,DML,111.0,0.0,1.0,0.0,1.0,0.0,0.0,0.58309406042099,0.5,0.0830940604209899,0.5
8383,2019,13384,6303,Marvin Zeegelaar,h,Sub,177.0,0.0,1.0,0.0,2.0,0.0,0.0,0.58309406042099,0.0,-0.4169059395790101,-0.5
8766,2019,13396,6303,Marvin Zeegelaar,a,DML,197.0,0.0,1.0,0.0,2.0,0.0,0.0,0.7006674334406852,0.0,-0.29933256655931495,0.0
9656,2019,13425,6303,Marvin Zeegelaar,a,DML,276.0,0.0,1.0,0.0,2.0,0.0,0.0,0.7006674334406852,0.0,-0.29933256655931495,0.0
9979,2019,13438,6303,Marvin Zeegelaar,h,DML,359.0,0.0,1.0,0.0,2.0,0.0,0.0,0.7006674334406852,0.0,-0.29933256655931495,0.0
10296,2019,13447,6303,Marvin Zeegelaar,a,DML,429.0,0.0,1.0,0.0,3.0,0.0,0.0,0.7332209087908267,-0.5,-0.7667790912091734,-0.5
10440,2019,13453,6303,Marvin Zeegelaar,h,Sub,514.0,0.0,1.0,0.0,3.0,0.0,0.0,0.8028606511652467,-0.5,-0.6971393488347534,0.0
10855,2019,13461,6303,Marvin Zeegelaar,a,DML,532.0,0.0,1.0,0.0,3.0,0.0,0.0,0.8028606511652467,-0.5,-0.6971393488347534,0.0
