,season,matchId,playerId,player,homeOrAway,position,time,goals,assists,shots,yellowCard,redCard,xG,xA,bonus,xB,lastBonus
11,2019,13089,1120,Mattia De Sciglio,a,DR,0.0,0.0,0.0,0.0,0.0,0.0,0.0,0.0,0.0,0.0,0.0
2376,2019,13198,1120,Mattia De Sciglio,a,DL,90.0,0.0,0.0,0.0,0.0,0.0,0.0,0.0,0.0,0.0,0.0
2801,2019,13209,1120,Mattia De Sciglio,a,DL,180.0,0.0,0.0,0.0,0.0,0.0,0.0,0.0,0.0,0.0,0.0
3604,2019,13245,1120,Mattia De Sciglio,h,DL,270.0,0.0,0.0,0.0,0.0,0.0,0.0,0.036234762519598,0.0,0.036234762519598,0.0
6104,2019,13350,1120,Mattia De Sciglio,a,DL,360.0,0.0,0.0,1.0,0.0,0.0,0.0215259436517953,0.1265520192682743,0.0,0.1911298502236604,0.0
