,season,matchId,playerId,player,homeOrAway,position,time,goals,assists,shots,yellowCard,redCard,xG,xA,bonus,xB,lastBonus
92,2019,13092,1580,Mattia Destro,a,Sub,0.0,0.0,0.0,0.0,0.0,0.0,0.0,0.0,0.0,0.0,0.0
241,2019,13099,1580,Mattia Destro,h,FW,18.0,0.0,0.0,0.0,1.0,0.0,0.0,0.1110734716057777,0.0,-0.3889265283942222,0.0
818,2019,13120,1580,Mattia Destro,h,FW,82.0,0.0,0.0,5.0,1.0,0.0,0.5386582016944885,0.472532995045185,0.0,1.5885076001286507,0.0
5672,2019,13333,1580,Mattia Destro,h,Sub,165.0,0.0,0.0,5.0,1.0,0.0,0.5386582016944885,0.8957907631993293,0.0,2.011765368282795,0.0
6179,2019,13352,1580,Mattia Destro,h,Sub,181.0,0.0,0.0,6.0,1.0,0.0,0.5734462402760983,0.8957907631993293,0.0,2.116129484027624,0.0
6341,2019,13359,1580,Mattia Destro,a,FW,204.0,0.0,0.0,8.0,1.0,0.0,0.7063275091350079,0.8957907631993293,0.0,2.514773290604353,0.0
7794,2019,13411,1580,Mattia Destro,a,Sub,266.0,0.0,0.0,9.0,1.0,0.0,0.7546041235327721,0.8957907631993293,0.0,2.6596031337976456,0.0
