,season,matchId,playerId,player,homeOrAway,position,time,goals,assists,shots,yellowCard,redCard,xG,xA,bonus,xB,lastBonus
15,2019,13089,1120,Mattia De Sciglio,a,DR,0.0,0.0,0.0,0.0,0.0,0.0,0.0,0.0,0.0,0.0,0.0
336,2019,13101,1120,Mattia De Sciglio,h,DR,90.0,0.0,0.0,0.0,0.0,0.0,0.0,0.0,0.0,0.0,0.0
2838,2019,13198,1120,Mattia De Sciglio,a,DL,104.0,0.0,0.0,0.0,0.0,0.0,0.0,0.0,0.0,0.0,0.0
3340,2019,13209,1120,Mattia De Sciglio,a,DL,194.0,0.0,0.0,0.0,0.0,0.0,0.0,0.0,0.0,0.0,0.0
4301,2019,13245,1120,Mattia De Sciglio,h,DL,284.0,0.0,0.0,0.0,0.0,0.0,0.0,0.036234762519598,0.0,0.036234762519598,0.0
4463,2019,13255,1120,Mattia De Sciglio,a,Sub,374.0,0.0,0.0,1.0,0.0,0.0,0.0215259436517953,0.1265520192682743,0.0,0.1911298502236604,0.0
6240,2019,13318,1120,Mattia De Sciglio,a,Sub,379.0,0.0,0.0,1.0,0.0,0.0,0.0215259436517953,0.1265520192682743,0.0,0.1911298502236604,0.0
7084,2019,13340,1120,Mattia De Sciglio,h,Sub,387.0,0.0,0.0,1.0,0.0,0.0,0.0215259436517953,0.1265520192682743,0.0,0.1911298502236604,0.0
7329,2019,13350,1120,Mattia De Sciglio,a,DL,399.0,0.0,0.0,1.0,0.0,0.0,0.0215259436517953,0.1265520192682743,0.0,0.1911298502236604,0.0
