,season,matchId,playerId,player,homeOrAway,position,time,goals,assists,shots,yellowCard,redCard,xG,xA,bonus,xB,lastBonus
6670,2019,13325,4920,Matteo Gabbia,h,Sub,0.0,0.0,0.0,0.0,0.0,0.0,0.0,0.0,0.0,0.0,0.0
6783,2019,13332,4920,Matteo Gabbia,a,DC,47.0,0.0,0.0,1.0,0.0,0.0,0.0156296733766794,0.0,0.0,0.0468890201300382,0.0
6992,2019,13343,4920,Matteo Gabbia,h,DC,123.0,0.0,0.0,1.0,0.0,0.0,0.0156296733766794,0.0,0.0,0.0468890201300382,0.0
7306,2019,13354,4920,Matteo Gabbia,a,Sub,213.0,0.0,0.0,1.0,0.0,0.0,0.0156296733766794,0.0,0.0,0.0468890201300382,0.0
8077,2019,13375,4920,Matteo Gabbia,a,DC,264.0,0.0,0.0,2.0,1.0,0.0,0.08181321807205669,0.0,-0.5,-0.2545603457838297,-0.5
9786,2019,13435,4920,Matteo Gabbia,a,Sub,354.0,0.0,0.0,3.0,1.0,0.0,0.14123112894594658,0.0157581530511379,-0.5,-0.060548460111021996,0.0
10036,2019,13440,4920,Matteo Gabbia,h,DC,413.0,0.0,0.0,3.0,1.0,0.0,0.14123112894594658,0.0157581530511379,-0.5,-0.060548460111021996,0.0
10508,2019,13456,4920,Matteo Gabbia,a,DC,503.0,0.0,0.0,3.0,1.0,0.0,0.14123112894594658,0.0157581530511379,-0.5,-0.060548460111021996,0.0
10741,2019,13464,4920,Matteo Gabbia,h,DC,593.0,0.0,0.0,4.0,1.0,0.0,0.16066556051373468,0.0157581530511379,-0.5,-0.0022451654076576927,0.0
