,season,matchId,playerId,player,homeOrAway,position,time,goals,assists,shots,yellowCard,redCard,xG,xA,bonus,xB,lastBonus
7020,2019,13346,845,Maya Yoshida,h,DC,0.0,0.0,0.0,0.0,0.0,0.0,0.0,0.0,0.0,0.0,0.0
7235,2019,13334,845,Maya Yoshida,a,DC,90.0,0.0,0.0,1.0,0.0,0.0,0.0395408570766449,0.0,0.0,0.1186225712299346,0.0
7545,2019,13355,845,Maya Yoshida,a,DC,180.0,0.0,0.0,1.0,0.0,0.0,0.0395408570766449,0.0638063922524452,0.0,0.1824289634823798,0.0
7759,2019,13366,845,Maya Yoshida,h,Sub,270.0,0.0,0.0,2.0,0.0,0.0,0.0834588892757892,0.0638063922524452,0.0,0.3141830600798129,0.0
8110,2019,13377,845,Maya Yoshida,a,DC,285.0,0.0,0.0,2.0,1.0,0.0,0.0834588892757892,0.0638063922524452,-0.5,-0.1858169399201871,-0.5
8342,2019,13382,845,Maya Yoshida,h,DC,375.0,0.0,0.0,2.0,1.0,0.0,0.0834588892757892,0.0638063922524452,-0.5,-0.1858169399201871,0.0
8638,2019,13389,845,Maya Yoshida,a,DC,465.0,0.0,0.0,2.0,1.0,0.0,0.0834588892757892,0.0638063922524452,-0.5,-0.1858169399201871,0.0
8949,2019,13399,845,Maya Yoshida,a,DC,555.0,0.0,0.0,3.0,1.0,0.0,0.1122716106474398,0.0740497540682554,-0.5,-0.08913541398942491,0.0
9145,2019,13414,845,Maya Yoshida,h,DC,645.0,0.0,1.0,3.0,1.0,0.0,0.1122716106474398,0.113361382856965,0.5,-0.049823785200715315,1.0
9537,2019,13426,845,Maya Yoshida,a,DC,735.0,0.0,1.0,3.0,1.0,0.0,0.1122716106474398,0.113361382856965,0.5,-0.049823785200715315,0.0
9886,2019,13434,845,Maya Yoshida,h,DC,825.0,0.0,1.0,5.0,1.0,0.0,0.1455980688333509,0.113361382856965,0.5,0.05015558935701818,0.0
10322,2019,13442,845,Maya Yoshida,a,DC,915.0,0.0,1.0,5.0,1.0,0.0,0.1455980688333509,0.113361382856965,0.5,0.05015558935701818,0.0
10492,2019,13456,845,Maya Yoshida,h,DC,1005.0,0.0,1.0,5.0,1.0,0.0,0.1455980688333509,0.113361382856965,0.5,0.05015558935701818,0.0
10660,2019,13465,845,Maya Yoshida,a,DC,1095.0,0.0,1.0,5.0,1.0,0.0,0.1455980688333509,0.1283792601898311,0.5,0.06517346668988427,0.0
