,season,matchId,playerId,player,homeOrAway,position,time,goals,assists,shots,yellowCard,redCard,xG,xA,bonus,xB,lastBonus
255,2019,13099,1184,Mirko Valdifiori,a,Sub,0.0,0.0,0.0,0.0,0.0,0.0,0.0,0.0,0.0,0.0,0.0
1179,2019,13140,1184,Mirko Valdifiori,a,MC,25.0,0.0,0.0,0.0,0.0,0.0,0.0,0.0,0.0,0.0,0.0
1402,2019,13157,1184,Mirko Valdifiori,h,MC,115.0,0.0,0.0,0.0,0.0,0.0,0.0,0.040347471833229,0.0,0.040347471833229,0.0
1718,2019,13160,1184,Mirko Valdifiori,a,MC,202.0,0.0,0.0,0.0,0.0,0.0,0.0,0.040347471833229,0.0,0.040347471833229,0.0
2730,2019,13208,1184,Mirko Valdifiori,a,MC,283.0,0.0,0.0,0.0,0.0,0.0,0.0,0.4259470850229262,0.0,0.4259470850229262,0.0
3000,2019,13217,1184,Mirko Valdifiori,h,MC,373.0,0.0,0.0,0.0,0.0,0.0,0.0,0.9662901312112807,0.0,0.9662901312112807,0.0
3131,2019,13224,1184,Mirko Valdifiori,a,MC,455.0,0.0,0.0,1.0,0.0,0.0,0.0160907302051782,1.0333507582545278,0.0,1.0816229488700628,0.0
5358,2019,13324,1184,Mirko Valdifiori,a,MC,527.0,0.0,0.0,1.0,1.0,0.0,0.0160907302051782,1.0333507582545278,0.0,0.5816229488700628,0.0
5618,2019,13336,1184,Mirko Valdifiori,h,MC,617.0,0.0,1.0,2.0,2.0,0.0,0.0270768562331795,1.3574761375784872,1.0,0.4387067062780261,1.0
5816,2019,13345,1184,Mirko Valdifiori,a,DMC,707.0,0.0,1.0,3.0,2.0,0.0,0.0411389777436851,1.3905993588268755,1.0,0.5140162920579314,0.0
6119,2019,13356,1184,Mirko Valdifiori,h,MC,797.0,0.0,1.0,3.0,2.0,0.0,0.0411389777436851,1.537606794387102,1.0,0.6610237276181579,0.0
6712,2019,13375,1184,Mirko Valdifiori,h,MC,887.0,0.0,1.0,3.0,3.0,0.0,0.0411389777436851,1.6215749420225618,1.0,0.24499187525361776,0.0
6957,2019,13382,1184,Mirko Valdifiori,a,Sub,977.0,0.0,1.0,3.0,4.0,0.0,0.0411389777436851,1.6353741148486731,1.0,-0.24120895192027092,0.0
7264,2019,13396,1184,Mirko Valdifiori,h,DMC,1018.0,0.0,1.0,3.0,4.0,0.0,0.0411389777436851,1.7578157270327208,1.0,-0.11876733973622322,0.0
7407,2019,13405,1184,Mirko Valdifiori,a,Sub,1108.0,0.0,1.0,3.0,4.0,0.0,0.0411389777436851,1.8224477851763365,1.0,-0.054135281592607526,0.0
7803,2019,13412,1184,Mirko Valdifiori,h,MC,1137.0,0.0,1.0,3.0,4.0,0.0,0.0411389777436851,1.8224477851763365,1.0,-0.054135281592607526,0.0
8223,2019,13436,1184,Mirko Valdifiori,h,DMC,1227.0,0.0,1.0,3.0,5.0,0.0,0.0411389777436851,1.8224477851763365,1.0,-0.5541352815926075,0.0
8629,2019,13452,1184,Mirko Valdifiori,a,MC,1311.0,0.0,2.0,3.0,5.0,0.0,0.0411389777436851,1.9398343423381446,2.0,-0.4367487244307995,1.0
