,season,matchId,playerId,player,homeOrAway,position,time,goals,assists,shots,yellowCard,redCard,xG,xA,bonus,xB,lastBonus
522,2019,13113,7001,Nicholas Opoku,a,DC,0.0,0.0,0.0,0.0,0.0,0.0,0.0,0.0,0.0,0.0,0.0
1475,2019,13152,7001,Nicholas Opoku,a,DC,90.0,0.0,0.0,1.0,0.0,0.0,0.0464168563485145,0.0151541167870163,0.0,0.15440468583256,0.0
1746,2019,13168,7001,Nicholas Opoku,h,DC,180.0,0.0,0.0,1.0,1.0,0.0,0.0464168563485145,0.0151541167870163,0.0,-0.34559531416744,0.0
1977,2019,13169,7001,Nicholas Opoku,a,DC,270.0,0.0,0.0,2.0,1.0,0.0,0.061154454946517806,0.1476478809490799,0.0,-0.1688887542113663,0.0
2424,2019,13192,7001,Nicholas Opoku,a,DMR,301.0,0.0,0.0,2.0,1.0,1.0,0.061154454946517806,0.1476478809490799,0.0,-0.6688887542113663,0.0
2964,2019,13215,7001,Nicholas Opoku,a,DMR,391.0,0.0,0.0,2.0,1.0,1.0,0.061154454946517806,0.1476478809490799,0.0,-0.6688887542113663,0.0
