,season,matchId,playerId,player,homeOrAway,position,time,goals,assists,shots,yellowCard,redCard,xG,xA,bonus,xB,lastBonus
5182,2019,13277,8252,Nicolás Domínguez,a,Sub,0.0,0.0,0.0,0.0,0.0,0.0,0.0,0.0,0.0,0.0,0.0
5386,2019,13280,8252,Nicolás Domínguez,h,MC,7.0,0.0,0.0,0.0,0.0,0.0,0.0,0.4269871115684509,0.0,0.4269871115684509,0.0
6157,2019,13315,8252,Nicolás Domínguez,a,Sub,78.0,0.0,0.0,0.0,0.0,0.0,0.0,0.4269871115684509,0.0,0.4269871115684509,0.0
6448,2019,13320,8252,Nicolás Domínguez,h,Sub,94.0,0.0,0.0,0.0,0.0,0.0,0.0,0.4269871115684509,0.0,0.4269871115684509,0.0
6717,2019,13330,8252,Nicolás Domínguez,h,DMC,121.0,0.0,0.0,2.0,1.0,0.0,0.0357711799442768,0.4269871115684509,-0.5,0.03430065140128141,-0.5
7320,2019,13350,8252,Nicolás Domínguez,h,Sub,211.0,0.0,0.0,3.0,1.0,0.0,0.049664075486361904,0.5627837628126144,-0.5,0.2117759892717004,0.0
7771,2019,13366,8252,Nicolás Domínguez,a,Sub,224.0,0.0,0.0,4.0,1.0,0.0,0.0651497095823287,0.5627837628126144,-0.5,0.25823289155960083,0.0
7947,2019,13370,8252,Nicolás Domínguez,h,Sub,230.0,0.0,0.0,4.0,1.0,0.0,0.0651497095823287,0.5627837628126144,-0.5,0.25823289155960083,0.0
8296,2019,13387,8252,Nicolás Domínguez,a,MC,246.0,0.0,0.0,4.0,1.0,0.0,0.0651497095823287,0.5770478062331676,-0.5,0.27249693498015404,0.0
8662,2019,13390,8252,Nicolás Domínguez,h,Sub,335.0,0.0,1.0,5.0,1.0,0.0,0.1220443844795226,0.8939971141517162,0.5,0.7601302675902843,1.0
8981,2019,13400,8252,Nicolás Domínguez,a,DMC,362.0,0.0,1.0,5.0,1.0,0.0,0.1220443844795226,0.8939971141517162,0.5,0.7601302675902843,0.0
9209,2019,13418,8252,Nicolás Domínguez,h,DMC,443.0,0.0,1.0,5.0,1.0,0.0,0.1220443844795226,0.9656043462455273,0.5,0.8317374996840954,0.0
9507,2019,13424,8252,Nicolás Domínguez,a,DMC,521.0,0.0,1.0,7.0,1.0,0.0,0.1875429004430769,0.9786613788455725,0.5,1.0412900801748037,0.0
9753,2019,13429,8252,Nicolás Domínguez,a,Sub,584.0,0.0,1.0,8.0,1.0,0.0,0.2025814494118092,0.9902253290638326,0.5,1.097969677299261,0.0
10601,2019,13451,8252,Nicolás Domínguez,a,DMC,610.0,0.0,1.0,8.0,1.0,0.0,0.2025814494118092,0.9902253290638326,0.5,1.097969677299261,0.0
10877,2019,13463,8252,Nicolás Domínguez,h,Sub,675.0,0.0,1.0,10.0,1.0,0.0,0.3168752780184147,0.9902253290638326,0.5,1.4408511631190777,0.0
