,season,matchId,playerId,player,homeOrAway,position,time,goals,assists,shots,yellowCard,redCard,xG,xA,bonus,xB,lastBonus
1743,2019,13166,1425,Nikola Kalinic,a,FW,0.0,0.0,0.0,0.0,0.0,0.0,0.0,0.0,0.0,0.0,0.0
4020,2019,13267,1425,Nikola Kalinic,h,Sub,46.0,0.0,0.0,0.0,0.0,0.0,0.0,0.0,0.0,0.0,0.0
5800,2019,13339,1425,Nikola Kalinic,a,FW,61.0,0.0,0.0,2.0,0.0,0.0,0.3493175208568573,0.0,0.0,1.047952562570572,0.0
6419,2019,13363,1425,Nikola Kalinic,a,Sub,151.0,2.0,1.0,6.0,0.0,0.0,1.752462834119797,0.3760183453559875,7.0,5.633406847715378,7.0
6788,2019,13376,1425,Nikola Kalinic,h,FW,169.0,2.0,1.0,6.0,0.0,0.0,1.752462834119797,0.3760183453559875,7.0,5.633406847715378,0.0
7355,2019,13407,1425,Nikola Kalinic,a,FW,243.0,2.0,1.0,8.0,0.0,0.0,1.8911406546831133,0.4084191098809241,7.0,6.0818410739302635,0.0
8241,2019,13436,1425,Nikola Kalinic,a,FW,321.0,3.0,1.0,13.0,0.0,0.0,3.4141226559877396,0.4343985542654989,10.0,10.676766522228718,3.0
8933,2019,13467,1425,Nikola Kalinic,a,FW,411.0,4.0,1.0,14.0,0.0,0.0,4.017127111554146,0.4343985542654989,13.0,12.485779888927937,3.0
