,season,matchId,playerId,player,homeOrAway,position,time,goals,assists,shots,yellowCard,redCard,xG,xA,bonus,xB,lastBonus
2972,2019,13191,8110,Pedro,h,Sub,0.0,0.0,0.0,0.0,0.0,0.0,0.0,0.0,0.0,0.0,0.0
3669,2019,13221,8110,Pedro,h,Sub,4.0,0.0,0.0,0.0,0.0,0.0,0.0,0.0,0.0,0.0,0.0
4100,2019,13237,8110,Pedro,a,Sub,20.0,0.0,0.0,3.0,0.0,0.0,0.1836559772491455,0.0,0.0,0.5509679317474365,0.0
4505,2019,13250,8110,Pedro,h,Sub,30.0,0.0,0.0,5.0,0.0,0.0,0.2787046730518341,0.0,0.0,0.8361140191555023,0.0
