,season,matchId,playerId,player,homeOrAway,position,time,goals,assists,shots,yellowCard,redCard,xG,xA,bonus,xB,lastBonus
74,2019,13091,308,Ricardo Rodríguez,a,DL,0.0,0.0,0.0,0.0,0.0,0.0,0.0,0.0,0.0,0.0,0.0
311,2019,13100,308,Ricardo Rodríguez,h,DL,90.0,0.0,0.0,0.0,0.0,0.0,0.0,0.0,0.0,0.0,0.0
799,2019,13112,308,Ricardo Rodríguez,a,DL,180.0,0.0,0.0,0.0,0.0,0.0,0.0,0.058864377439022,0.0,0.058864377439022,0.0
923,2019,13125,308,Ricardo Rodríguez,h,DL,270.0,0.0,0.0,0.0,0.0,0.0,0.0,0.058864377439022,0.0,0.058864377439022,0.0
4622,2019,13249,308,Ricardo Rodríguez,a,DL,344.0,0.0,0.0,0.0,0.0,0.0,0.0,0.058864377439022,0.0,0.058864377439022,0.0
