,season,matchId,playerId,player,homeOrAway,position,time,goals,assists,shots,yellowCard,redCard,xG,xA,bonus,xB,lastBonus
214,2019,13096,6312,Rogerio,a,DL,0.0,0.0,0.0,0.0,0.0,0.0,0.0,0.0,0.0,0.0,0.0
4482,2019,13151,6312,Rogerio,a,DL,49.0,0.0,0.0,0.0,0.0,0.0,0.0,0.0,0.0,0.0,0.0
5095,2019,13278,6312,Rogerio,a,DL,123.0,0.0,1.0,0.0,1.0,0.0,0.0,0.0901534706354141,0.5,-0.4098465293645859,0.5
5741,2019,13295,6312,Rogerio,a,Sub,209.0,0.0,1.0,0.0,1.0,0.0,0.0,0.1679953858256339,0.5,-0.3320046141743661,0.0
7104,2019,13347,6312,Rogerio,h,DL,271.0,0.0,1.0,0.0,2.0,0.0,0.0,0.1679953858256339,0.0,-0.8320046141743661,-0.5
7484,2019,13353,6312,Rogerio,a,DL,361.0,0.0,1.0,2.0,3.0,0.0,0.0724238529801368,0.4067750349640845,-0.5,-0.8759534060955048,-0.5
7790,2019,13367,6312,Rogerio,h,Sub,408.0,0.0,1.0,3.0,4.0,0.0,0.0938296150416135,0.4327273443341253,-1.0,-1.2857838105410337,-0.5
8015,2019,13371,6312,Rogerio,a,DL,451.0,1.0,1.0,5.0,4.0,0.0,0.1193109415471553,0.5671329423785207,2.0,-1.074934232980013,3.0
8671,2019,13390,6312,Rogerio,a,DL,499.0,1.0,1.0,6.0,5.0,0.0,0.1755964718759059,0.5671329423785207,1.5,-1.406077641993761,-0.5
8836,2019,13402,6312,Rogerio,a,Sub,589.0,1.0,1.0,8.0,6.0,0.0,0.2507346086204051,0.5671329423785207,1.0,-1.6806632317602634,-0.5
9474,2019,13419,6312,Rogerio,a,DL,597.0,1.0,1.0,8.0,6.0,0.0,0.2507346086204051,0.5671329423785207,1.0,-1.6806632317602634,0.0
9762,2019,13435,6312,Rogerio,h,DL,687.0,1.0,1.0,9.0,6.0,0.0,0.30190159380435927,0.6268419809639452,1.0,-1.4674532376229763,0.0
10145,2019,13443,6312,Rogerio,a,DL,777.0,1.0,1.0,10.0,6.0,0.0,0.3399899266660212,0.6268419809639452,1.0,-1.3531882390379906,0.0
10461,2019,13455,6312,Rogerio,h,DL,867.0,1.0,1.0,10.0,6.0,0.0,0.3399899266660212,0.6268419809639452,1.0,-1.3531882390379906,0.0
10838,2019,13461,6312,Rogerio,h,DL,949.0,1.0,1.0,10.0,6.0,0.0,0.3399899266660212,0.6268419809639452,1.0,-1.3531882390379906,0.0
