,season,matchId,playerId,player,homeOrAway,position,time,goals,assists,shots,yellowCard,redCard,xG,xA,bonus,xB,lastBonus
1243,2019,13144,1639,Sebastiano Luperto,h,Sub,0.0,0.0,0.0,0.0,0.0,0.0,0.0,0.0,0.0,0.0,0.0
1569,2019,13158,1639,Sebastiano Luperto,a,DC,21.0,0.0,0.0,0.0,0.0,0.0,0.0,0.0,0.0,0.0,0.0
2002,2019,13177,1639,Sebastiano Luperto,a,DC,111.0,0.0,0.0,0.0,1.0,0.0,0.0,0.025118988007307,0.0,-0.4748810119926929,0.0
2131,2019,13184,1639,Sebastiano Luperto,h,DL,201.0,0.0,0.0,0.0,2.0,0.0,0.0,0.025118988007307,0.0,-0.974881011992693,0.0
3517,2019,13247,1639,Sebastiano Luperto,h,Sub,291.0,0.0,0.0,1.0,2.0,0.0,0.0115127926692366,0.025118988007307,0.0,-0.9403426339849831,0.0
3931,2019,13256,1639,Sebastiano Luperto,a,DC,377.0,0.0,0.0,1.0,2.0,0.0,0.0115127926692366,0.025118988007307,0.0,-0.9403426339849831,0.0
4444,2019,13287,1639,Sebastiano Luperto,h,DL,424.0,0.0,0.0,1.0,2.0,0.0,0.0115127926692366,0.025118988007307,0.0,-0.9403426339849831,0.0
