,season,matchId,playerId,player,homeOrAway,position,time,goals,assists,shots,yellowCard,redCard,xG,xA,bonus,xB,lastBonus
2273,2019,13174,7969,Sebastiano Esposito,h,Sub,0.0,0.0,0.0,0.0,0.0,0.0,0.0,0.0,0.0,0.0,0.0
2539,2019,13179,7969,Sebastiano Esposito,a,Sub,17.0,0.0,0.0,2.0,1.0,0.0,0.3660727143287658,0.0256504043936729,-0.5,0.6238685473799706,-0.5
3111,2019,13201,7969,Sebastiano Esposito,h,Sub,19.0,0.0,0.0,2.0,1.0,0.0,0.3660727143287658,0.0256504043936729,-0.5,0.6238685473799706,0.0
4557,2019,13251,7969,Sebastiano Esposito,h,FW,27.0,0.0,0.0,4.0,1.0,0.0,0.4354346990585326,0.0256504043936729,-0.5,0.8319545015692711,0.0
6071,2019,13308,7969,Sebastiano Esposito,a,FW,117.0,1.0,0.0,7.0,1.0,0.0,1.2849363088607788,0.1734422370791434,2.5,3.52825116366148,3.0
8288,2019,13387,7969,Sebastiano Esposito,h,Sub,177.0,1.0,0.0,11.0,1.0,0.0,1.769967496395111,0.1734422370791434,2.5,4.983344726264477,0.0
9423,2019,13412,7969,Sebastiano Esposito,a,Sub,181.0,1.0,0.0,11.0,1.0,0.0,1.769967496395111,0.1989290807396172,2.5,5.008831569924951,0.0
