,season,matchId,playerId,player,homeOrAway,position,time,goals,assists,shots,yellowCard,redCard,xG,xA,bonus,xB,lastBonus
193,2019,13097,1336,Valter Birsa,h,AMC,0.0,0.0,0.0,0.0,0.0,0.0,0.0,0.0,0.0,0.0,0.0
5989,2019,13338,1336,Valter Birsa,a,Sub,67.0,0.0,0.0,2.0,0.0,0.0,0.1074431389570236,0.0,0.0,0.3223294168710708,0.0
6139,2019,13356,1336,Valter Birsa,a,Sub,110.0,0.0,0.0,2.0,0.0,0.0,0.1074431389570236,0.3711789846420288,0.0,0.6935084015130997,0.0
7022,2019,13386,1336,Valter Birsa,h,Sub,130.0,0.0,0.0,2.0,0.0,0.0,0.1074431389570236,0.5034650415182114,0.0,0.8257944583892822,0.0
7133,2019,13391,1336,Valter Birsa,a,MC,152.0,0.0,0.0,2.0,0.0,0.0,0.1074431389570236,0.5824340060353279,0.0,0.9047634229063988,0.0
7495,2019,13408,1336,Valter Birsa,h,Sub,235.0,0.0,0.0,2.0,0.0,0.0,0.1074431389570236,0.6587926745414733,0.0,0.9811220914125441,0.0
7605,2019,13414,1336,Valter Birsa,a,MC,252.0,0.0,0.0,2.0,1.0,0.0,0.1074431389570236,0.6587926745414733,0.0,0.48112209141254414,0.0
7852,2019,13419,1336,Valter Birsa,h,MC,330.0,0.0,0.0,2.0,1.0,0.0,0.1074431389570236,0.6738976929336785,0.0,0.4962271098047493,0.0
8315,2019,13431,1336,Valter Birsa,a,Sub,378.0,0.0,0.0,2.0,1.0,0.0,0.1074431389570236,0.6738976929336785,0.0,0.4962271098047493,0.0
