,season,matchId,playerId,player,homeOrAway,position,time,goals,assists,shots,yellowCard,redCard,xG,xA,bonus,xB,lastBonus
499,2019,13114,1224,Vasco Regini,a,DC,0.0,0.0,0.0,0.0,0.0,0.0,0.0,0.0,0.0,0.0,0.0
4281,2019,13276,1224,Vasco Regini,h,DC,68.0,0.0,0.0,0.0,0.0,0.0,0.0,0.1485561281442642,0.0,0.1485561281442642,0.0
4773,2019,13295,1224,Vasco Regini,h,Sub,158.0,0.0,0.0,0.0,0.0,0.0,0.0,0.1485561281442642,0.0,0.1485561281442642,0.0
9061,2019,13468,1224,Vasco Regini,a,Sub,174.0,0.0,0.0,0.0,0.0,0.0,0.0,0.1485561281442642,0.0,0.1485561281442642,0.0
