,season,matchId,playerId,player,homeOrAway,position,time,goals,assists,shots,yellowCard,redCard,xG,xA,bonus,xB,lastBonus
5056,2019,13308,541,Victor Moses,a,MR,0.0,0.0,0.0,0.0,0.0,0.0,0.0,0.0,0.0,0.0,0.0
6028,2019,13334,541,Victor Moses,h,Sub,84.0,0.0,0.0,0.0,0.0,0.0,0.0,0.2060082554817199,0.0,0.2060082554817199,0.0
6220,2019,13353,541,Victor Moses,h,MR,101.0,0.0,0.0,1.0,0.0,0.0,0.0754446312785148,0.31352747976779927,0.0,0.5398613736033439,0.0
6543,2019,13365,541,Victor Moses,a,Sub,177.0,0.0,0.0,2.0,0.0,0.0,0.12836073338985432,0.31352747976779927,0.0,0.6986096799373626,0.0
6625,2019,13378,541,Victor Moses,h,MR,195.0,0.0,1.0,2.0,1.0,0.0,0.12836073338985432,0.9933515340089797,1.0,0.878433734178543,1.0
8039,2019,13427,541,Victor Moses,a,Sub,265.0,0.0,1.0,4.0,1.0,0.0,0.24632526189088802,1.600950911641121,1.0,1.8399266973137853,0.0
8155,2019,13430,541,Victor Moses,h,Sub,285.0,0.0,1.0,4.0,1.0,0.0,0.24632526189088802,1.600950911641121,1.0,1.8399266973137853,0.0
8385,2019,13441,541,Victor Moses,a,MR,304.0,0.0,1.0,5.0,1.0,0.0,0.2738956939429042,1.7322601824998856,1.0,2.0539472643285985,0.0
