,season,matchId,playerId,player,homeOrAway,position,time,goals,assists,shots,yellowCard,redCard,xG,xA,bonus,xB,lastBonus
635,2019,13116,1395,Vlad Chiriches,a,DC,0.0,0.0,0.0,0.0,0.0,0.0,0.0,0.0,0.0,0.0,0.0
787,2019,13127,1395,Vlad Chiriches,h,DC,90.0,0.0,0.0,1.0,0.0,0.0,0.0452247150242328,0.0,0.0,0.1356741450726986,0.0
1104,2019,13135,1395,Vlad Chiriches,a,DC,180.0,0.0,0.0,1.0,0.0,0.0,0.0452247150242328,0.0,0.0,0.1356741450726986,0.0
1211,2019,13147,1395,Vlad Chiriches,h,DC,270.0,0.0,0.0,1.0,0.0,0.0,0.0452247150242328,0.0,0.0,0.1356741450726986,0.0
6232,2019,13353,1395,Vlad Chiriches,a,DC,360.0,0.0,0.0,1.0,0.0,0.0,0.0452247150242328,0.0,0.0,0.1356741450726986,0.0
6667,2019,13371,1395,Vlad Chiriches,a,DC,440.0,0.0,0.0,2.0,0.0,0.0,0.059294068254530305,0.0,0.0,0.17788220476359118,0.0
7201,2019,13390,1395,Vlad Chiriches,a,DC,530.0,0.0,0.0,2.0,0.0,0.0,0.059294068254530305,0.0,0.0,0.17788220476359118,0.0
7692,2019,13413,1395,Vlad Chiriches,h,DC,620.0,0.0,0.0,2.0,0.0,0.0,0.059294068254530305,0.0,0.0,0.17788220476359118,0.0
