,season,matchId,playerId,player,homeOrAway,position,time,goals,assists,shots,yellowCard,redCard,xG,xA,bonus,xB,lastBonus
11,2019,13089,5700,Yann Karamoh,h,Sub,0.0,0.0,0.0,0.0,0.0,0.0,0.0,0.0,0.0,0.0,0.0
1114,2019,13123,5700,Yann Karamoh,a,Sub,2.0,0.0,0.0,0.0,0.0,0.0,0.0,0.0,0.0,0.0,0.0
2286,2019,13174,5700,Yann Karamoh,a,FW,17.0,0.0,0.0,0.0,0.0,0.0,0.0,0.0,0.0,0.0,0.0
2496,2019,13185,5700,Yann Karamoh,h,FW,88.0,1.0,1.0,3.0,0.0,0.0,0.117341823875904,0.5131311416625977,4.0,0.8651566132903099,4.0
2983,2019,13191,5700,Yann Karamoh,a,FWL,178.0,1.0,1.0,7.0,0.0,0.0,0.2588205710053443,0.5720207579433918,4.0,1.348482470959425,0.0
6974,2019,13345,5700,Yann Karamoh,h,Sub,253.0,1.0,1.0,7.0,0.0,0.0,0.2588205710053443,0.6833497993648052,4.0,1.4598115123808384,0.0
8057,2019,13373,5700,Yann Karamoh,a,Sub,259.0,1.0,1.0,7.0,0.0,0.0,0.2588205710053443,0.6833497993648052,4.0,1.4598115123808384,0.0
8316,2019,13381,5700,Yann Karamoh,h,FW,286.0,1.0,1.0,8.0,0.0,0.0,0.28374727070331557,0.7313746735453606,4.0,1.5826164856553078,0.0
8710,2019,13395,5700,Yann Karamoh,a,Sub,339.0,1.0,1.0,8.0,0.0,0.0,0.28374727070331557,0.7313746735453606,4.0,1.5826164856553078,0.0
8970,2019,13400,5700,Yann Karamoh,h,Sub,364.0,1.0,1.0,9.0,0.0,0.0,0.3917315900325773,0.7313746735453606,4.0,1.906569443643093,0.0
9203,2019,13416,5700,Yann Karamoh,a,Sub,404.0,1.0,1.0,9.0,0.0,0.0,0.3917315900325773,0.7313746735453606,4.0,1.906569443643093,0.0
9532,2019,13426,5700,Yann Karamoh,h,Sub,477.0,1.0,1.0,9.0,0.0,0.0,0.3917315900325773,0.9119058325886725,4.0,2.087100602686405,0.0
9799,2019,13433,5700,Yann Karamoh,h,ML,484.0,1.0,1.0,10.0,0.0,0.0,0.4230029210448262,0.9196765758097171,4.0,2.1886853389441967,0.0
10346,2019,13457,5700,Yann Karamoh,h,Sub,548.0,1.0,1.0,11.0,0.0,0.0,0.476101495325565,1.2241994179785252,4.0,2.652503903955221,0.0
