,season,matchId,playerId,player,homeOrAway,position,time,goals,assists,shots,yellowCard,redCard,xG,xA,bonus,xB,lastBonus
2837,2020,15541,4906,Alberto Cerri,a,FW,0.0,0.0,0.0,0.0,0.0,0.0,0.0,0.0,0.0,0.0,0.0
4586,2020,15608,4906,Alberto Cerri,a,Sub,47.0,0.0,0.0,0.0,0.0,0.0,0.0,0.0,0.0,0.0,0.0
5447,2020,15653,4906,Alberto Cerri,h,Sub,67.0,0.0,0.0,2.0,0.0,0.0,0.4218836426734924,0.0,0.0,1.2656509280204773,0.0
7030,2020,15715,4906,Alberto Cerri,h,FW,87.0,0.0,0.0,2.0,0.0,0.0,0.4218836426734924,0.0,0.0,1.2656509280204773,0.0
8058,2020,15751,4906,Alberto Cerri,h,Sub,148.0,0.0,0.0,4.0,0.0,0.0,0.5632099658250808,0.0443260818719863,0.0,1.733955979347229,0.0
9216,2020,15798,4906,Alberto Cerri,h,FW,163.0,0.0,0.0,4.0,0.0,0.0,0.5632099658250808,0.0443260818719863,0.0,1.733955979347229,0.0
