,season,matchId,playerId,player,homeOrAway,position,time,goals,assists,shots,yellowCard,redCard,xG,xA,bonus,xB,lastBonus
4322,2020,15568,7924,Amir Rrahmani,a,Sub,0.0,0.0,0.0,0.0,0.0,0.0,0.0,0.0,0.0,0.0,0.0
5020,2020,15594,7924,Amir Rrahmani,a,DC,2.0,0.0,0.0,0.0,0.0,0.0,0.0,0.0,0.0,0.0,0.0
5293,2020,15602,7924,Amir Rrahmani,h,Sub,50.0,0.0,0.0,0.0,0.0,0.0,0.0,0.0,0.0,0.0,0.0
6258,2020,15630,7924,Amir Rrahmani,a,Sub,59.0,0.0,0.0,0.0,0.0,0.0,0.0,0.0,0.0,0.0,0.0
6479,2020,15640,7924,Amir Rrahmani,h,DC,80.0,0.0,0.0,1.0,0.0,0.0,0.041768230497837,0.0,0.0,0.1253046914935112,0.0
6952,2020,15649,7924,Amir Rrahmani,a,DC,170.0,0.0,0.0,1.0,0.0,0.0,0.041768230497837,0.0,0.0,0.1253046914935112,0.0
7241,2020,15657,7924,Amir Rrahmani,h,DC,260.0,0.0,0.0,1.0,0.0,0.0,0.041768230497837,0.0,0.0,0.1253046914935112,0.0
7349,2020,15667,7924,Amir Rrahmani,a,DC,350.0,0.0,0.0,1.0,0.0,0.0,0.041768230497837,0.0,0.0,0.1253046914935112,0.0
7816,2020,15678,7924,Amir Rrahmani,h,DC,440.0,0.0,0.0,1.0,0.0,0.0,0.041768230497837,0.0,0.0,0.1253046914935112,0.0
8813,2020,15455,7924,Amir Rrahmani,a,DC,530.0,0.0,0.0,1.0,0.0,0.0,0.041768230497837,0.0,0.0,0.1253046914935112,0.0
9753,2020,15741,7924,Amir Rrahmani,h,Sub,620.0,0.0,0.0,1.0,1.0,0.0,0.041768230497837,0.0,-0.5,-0.3746953085064888,-0.5
10037,2020,15750,7924,Amir Rrahmani,a,DC,636.0,0.0,0.0,1.0,1.0,0.0,0.041768230497837,0.0,-0.5,-0.3746953085064888,0.0
10426,2020,15772,7924,Amir Rrahmani,a,DC,726.0,0.0,0.0,2.0,1.0,0.0,0.0968992561101912,0.0,-0.5,-0.209302231669426,0.0
10691,2020,15784,7924,Amir Rrahmani,h,DC,816.0,0.0,0.0,2.0,1.0,0.0,0.0968992561101912,0.0,-0.5,-0.209302231669426,0.0
11134,2020,15792,7924,Amir Rrahmani,a,DC,906.0,0.0,0.0,2.0,1.0,0.0,0.0968992561101912,0.0,-0.5,-0.209302231669426,0.0
11616,2020,15805,7924,Amir Rrahmani,h,DC,996.0,0.0,0.0,3.0,2.0,0.0,0.1359706483781336,0.0,-1.0,-0.5920880548655987,-0.5
