,season,matchId,playerId,player,homeOrAway,position,time,goals,assists,shots,yellowCard,redCard,xG,xA,bonus,xB,lastBonus
1266,2020,15470,4895,Andrea Pinamonti,a,Sub,0.0,0.0,0.0,0.0,0.0,0.0,0.0,0.0,0.0,0.0,0.0
1524,2020,15478,4895,Andrea Pinamonti,h,Sub,18.0,0.0,0.0,1.0,0.0,0.0,0.1135101690888404,0.0,0.0,0.3405305072665214,0.0
5897,2020,15624,4895,Andrea Pinamonti,h,Sub,38.0,0.0,0.0,1.0,0.0,0.0,0.1135101690888404,0.0,0.0,0.3405305072665214,0.0
6132,2020,15629,4895,Andrea Pinamonti,a,Sub,47.0,0.0,0.0,2.0,0.0,0.0,0.20869143307208998,0.0,0.0,0.6260742992162704,0.0
6668,2020,15641,4895,Andrea Pinamonti,h,Sub,48.0,0.0,0.0,2.0,0.0,0.0,0.20869143307208998,0.0,0.0,0.6260742992162704,0.0
10455,2020,15773,4895,Andrea Pinamonti,h,Sub,49.0,0.0,0.0,2.0,0.0,0.0,0.20869143307208998,0.0,0.0,0.6260742992162704,0.0
10918,2020,15782,4895,Andrea Pinamonti,h,Sub,84.0,1.0,0.0,3.0,0.0,0.0,0.3315555602312086,0.0,3.0,0.9946666806936264,3.0
11434,2020,15804,4895,Andrea Pinamonti,h,FW,95.0,1.0,0.0,4.0,0.0,0.0,0.6968962401151655,0.0308530591428279,3.0,2.121541779488325,0.0
