,season,matchId,playerId,player,homeOrAway,position,time,goals,assists,shots,yellowCard,redCard,xG,xA,bonus,xB,lastBonus
399,2020,14132,1117,Andrea Poli,h,DMC,0.0,0.0,0.0,0.0,0.0,0.0,0.0,0.0,0.0,0.0,0.0
2581,2020,15527,1117,Andrea Poli,h,DMC,65.0,0.0,0.0,0.0,0.0,0.0,0.0,0.0,0.0,0.0,0.0
5179,2020,15637,1117,Andrea Poli,h,Sub,113.0,0.0,0.0,0.0,0.0,0.0,0.0,0.0,0.0,0.0,0.0
5696,2020,15662,1117,Andrea Poli,h,Sub,149.0,0.0,0.0,1.0,0.0,0.0,0.5226983428001404,0.0287126693874597,0.0,1.596807697787881,0.0
6320,2020,15678,1117,Andrea Poli,a,DMC,164.0,0.0,0.0,1.0,0.0,0.0,0.5226983428001404,0.0287126693874597,0.0,1.596807697787881,0.0
7821,2020,15745,1117,Andrea Poli,h,DMC,223.0,0.0,0.0,1.0,0.0,0.0,0.5226983428001404,0.1693863365799188,0.0,1.73748136498034,0.0
8102,2020,15746,1117,Andrea Poli,a,Sub,283.0,0.0,0.0,2.0,1.0,0.0,0.6298278570175171,0.1693863365799188,0.0,1.5588699076324701,0.0
