,season,matchId,playerId,player,homeOrAway,position,time,goals,assists,shots,yellowCard,redCard,xG,xA,bonus,xB,lastBonus
4636,2020,15612,1487,Andrea Conti,h,DR,0.0,0.0,0.0,0.0,0.0,0.0,0.0,0.0,0.0,0.0,0.0
4879,2020,15620,1487,Andrea Conti,a,DR,90.0,0.0,0.0,1.0,0.0,0.0,0.455556720495224,0.0225100126117467,0.0,1.3891801740974188,0.0
5119,2020,15626,1487,Andrea Conti,h,DMR,180.0,0.0,0.0,1.0,1.0,0.0,0.455556720495224,0.1773108448833226,0.0,1.0439810063689947,0.0
5397,2020,15643,1487,Andrea Conti,a,DR,270.0,0.0,0.0,1.0,2.0,0.0,0.455556720495224,0.2461682986468075,0.0,0.6128384601324797,0.0
5539,2020,15654,1487,Andrea Conti,h,DR,360.0,0.0,0.0,1.0,2.0,0.0,0.455556720495224,0.33880540542304494,0.0,0.705475566908717,0.0
5672,2020,15664,1487,Andrea Conti,a,DR,450.0,0.0,0.0,2.0,3.0,0.0,0.4972591362893581,0.3518019206821915,0.0,0.34357932955026615,0.0
6521,2020,15691,1487,Andrea Conti,h,DR,540.0,0.0,0.0,3.0,3.0,0.0,0.5656826980412006,0.3518019206821915,0.0,0.5488500148057937,0.0
6623,2020,15699,1487,Andrea Conti,h,DR,623.0,0.0,0.0,3.0,3.0,0.0,0.5656826980412006,0.3518019206821915,0.0,0.5488500148057937,0.0
7171,2020,15722,1487,Andrea Conti,h,DR,713.0,0.0,0.0,3.0,3.0,0.0,0.5656826980412006,0.4325130097568031,0.0,0.6295611038804052,0.0
