,season,matchId,playerId,player,homeOrAway,position,time,goals,assists,shots,yellowCard,redCard,xG,xA,bonus,xB,lastBonus
1336,2020,15483,922,Andreas Pereira,a,MC,0.0,0.0,0.0,0.0,0.0,0.0,0.0,0.0,0.0,0.0,0.0
2227,2020,15523,922,Andreas Pereira,a,AMC,47.0,1.0,0.0,2.0,1.0,0.0,0.1183462738990783,0.0,3.0,-0.1449611783027649,3.0
4027,2020,15591,922,Andreas Pereira,a,Sub,137.0,1.0,0.0,3.0,1.0,0.0,0.2282845601439475,0.0,3.0,0.1848536804318428,0.0
5709,2020,15662,922,Andreas Pereira,a,Sub,154.0,1.0,0.0,4.0,1.0,0.0,0.24172490183264,0.1482466906309127,3.0,0.3734213961288333,0.0
6972,2020,15713,922,Andreas Pereira,h,MC,179.0,1.0,0.0,5.0,1.0,0.0,0.26613151933997853,0.2235296070575713,3.0,0.5219241650775075,0.0
7889,2020,15741,922,Andreas Pereira,a,Sub,232.0,1.0,0.0,5.0,2.0,0.0,0.26613151933997853,0.2348640710115431,3.0,0.033258629031479414,0.0
8496,2020,15770,922,Andreas Pereira,a,Sub,255.0,1.0,1.0,5.0,3.0,0.0,0.26613151933997853,0.48946030437946303,4.0,-0.21214513760060058,1.0
9010,2020,15791,922,Andreas Pereira,a,Sub,281.0,1.0,1.0,5.0,3.0,1.0,0.26613151933997853,0.48946030437946303,4.0,-0.7121451376006006,0.0
