,season,matchId,playerId,player,homeOrAway,position,time,goals,assists,shots,yellowCard,redCard,xG,xA,bonus,xB,lastBonus
1095,2020,15467,1493,Andrea Petagna,a,Sub,0.0,0.0,0.0,0.0,0.0,0.0,0.0,0.0,0.0,0.0,0.0
1354,2020,15479,1493,Andrea Petagna,h,Sub,31.0,1.0,0.0,1.0,0.0,0.0,0.3928879201412201,0.0,3.0,1.1786637604236605,3.0
1942,2020,15500,1493,Andrea Petagna,h,Sub,55.0,1.0,0.0,1.0,0.0,0.0,0.3928879201412201,0.0,3.0,1.1786637604236605,0.0
2372,2020,15516,1493,Andrea Petagna,a,FW,73.0,1.0,0.0,2.0,0.0,0.0,0.6335876435041428,0.1180518120527267,3.0,2.018814742565155,0.0
2611,2020,15533,1493,Andrea Petagna,h,Sub,163.0,2.0,0.0,5.0,0.0,0.0,1.522440180182457,0.264392390847206,6.0,4.831712931394577,3.0
2812,2020,15539,1493,Andrea Petagna,a,Sub,206.0,3.0,0.0,7.0,0.0,0.0,1.8966602236032486,0.264392390847206,9.0,5.954373061656952,3.0
3157,2020,15551,1493,Andrea Petagna,a,FW,281.0,3.0,0.0,10.0,0.0,0.0,2.405696228146553,0.4090922474861144,9.0,7.626180931925774,0.0
3295,2020,15560,1493,Andrea Petagna,h,FW,371.0,3.0,0.0,12.0,0.0,0.0,2.50845006108284,0.793417066335678,9.0,8.318767249584198,0.0
3487,2020,15568,1493,Andrea Petagna,a,FW,443.0,3.0,0.0,12.0,0.0,0.0,2.50845006108284,0.8445567116141318,9.0,8.369906894862652,0.0
3866,2020,15582,1493,Andrea Petagna,h,Sub,521.0,3.0,1.0,17.0,0.0,0.0,2.8688089549541473,1.0244194343686102,10.0,9.630846299231052,1.0
4051,2020,15594,1493,Andrea Petagna,a,FW,557.0,4.0,1.0,20.0,0.0,0.0,3.905085176229477,1.4648561552166937,13.0,13.180111683905125,3.0
4255,2020,15602,1493,Andrea Petagna,h,FW,627.0,4.0,1.0,21.0,0.0,0.0,3.942947119474411,1.4648561552166937,13.0,13.293697513639927,0.0
4609,2020,15615,1493,Andrea Petagna,a,FW,702.0,4.0,3.0,21.0,0.0,0.0,3.942947119474411,2.005415864288807,15.0,13.83425722271204,2.0
4875,2020,15620,1493,Andrea Petagna,h,FW,769.0,4.0,3.0,21.0,0.0,0.0,3.942947119474411,2.212442494928837,15.0,14.04128385335207,0.0
5037,2020,15630,1493,Andrea Petagna,a,FW,832.0,4.0,3.0,21.0,0.0,0.0,3.942947119474411,2.6305821612477303,15.0,14.459423519670963,0.0
