,season,matchId,playerId,player,homeOrAway,position,time,goals,assists,shots,yellowCard,redCard,xG,xA,bonus,xB,lastBonus
1010,2020,15470,1522,Andrea Ranocchia,a,DC,0.0,0.0,0.0,0.0,0.0,0.0,0.0,0.0,0.0,0.0,0.0
1219,2020,15478,1522,Andrea Ranocchia,h,DC,90.0,0.0,1.0,2.0,0.0,0.0,0.1832126677036285,0.6085758209228516,1.0,1.1582138240337372,1.0
1811,2020,15498,1522,Andrea Ranocchia,h,DC,180.0,0.0,1.0,4.0,1.0,0.0,0.3340683728456496,0.6266224402934313,1.0,1.1288275588303804,0.0
4735,2020,15624,1522,Andrea Ranocchia,h,DC,256.0,0.0,1.0,6.0,1.0,0.0,0.9576123505830764,0.6266224402934313,1.0,2.9994594920426607,0.0
7084,2020,15708,1522,Andrea Ranocchia,a,DC,346.0,0.0,1.0,6.0,1.0,0.0,0.9576123505830764,0.6266224402934313,1.0,2.9994594920426607,0.0
8443,2020,15773,1522,Andrea Ranocchia,h,DC,436.0,0.0,1.0,8.0,2.0,0.0,1.272235706448555,0.6266224402934313,1.0,3.4433295596390963,0.0
8834,2020,15782,1522,Andrea Ranocchia,h,DC,526.0,0.0,1.0,9.0,2.0,0.0,1.3842438757419586,0.6266224402934313,1.0,3.779354067519307,0.0
9262,2020,15804,1522,Andrea Ranocchia,h,DC,616.0,0.0,1.0,9.0,2.0,0.0,1.3842438757419586,0.983295502141118,1.0,4.136027129366994,0.0
