,season,matchId,playerId,player,homeOrAway,position,time,goals,assists,shots,yellowCard,redCard,xG,xA,bonus,xB,lastBonus
2387,2020,15522,2003,Antonio La Gumina,h,Sub,0.0,0.0,0.0,0.0,0.0,0.0,0.0,0.0,0.0,0.0,0.0
2886,2020,15545,2003,Antonio La Gumina,a,FW,30.0,0.0,0.0,1.0,0.0,0.0,0.0394694320857524,0.0,0.0,0.1184082962572574,0.0
2951,2020,15553,2003,Antonio La Gumina,h,FW,120.0,0.0,0.0,4.0,0.0,0.0,0.1923298202455043,0.0,0.0,0.5769894607365131,0.0
5744,2020,15656,2003,Antonio La Gumina,h,FW,182.0,0.0,0.0,7.0,0.0,0.0,0.4841036461293696,0.0,0.0,1.4523109383881092,0.0
7426,2020,15735,2003,Antonio La Gumina,h,FW,243.0,0.0,0.0,8.0,0.0,0.0,0.5643767677247522,0.0382232330739498,0.0,1.731353536248207,0.0
7965,2020,15752,2003,Antonio La Gumina,a,Sub,289.0,0.0,0.0,9.0,0.0,0.0,0.6107103489339349,0.0382232330739498,0.0,1.8703542798757553,0.0
