,season,matchId,playerId,player,homeOrAway,position,time,goals,assists,shots,yellowCard,redCard,xG,xA,bonus,xB,lastBonus
265,2020,14126,1422,Borja Valero,a,Sub,0.0,0.0,0.0,0.0,0.0,0.0,0.0,0.0,0.0,0.0,0.0
1796,2020,15497,1422,Borja Valero,h,Sub,27.0,0.0,0.0,0.0,0.0,0.0,0.0,0.0,0.0,0.0,0.0
3208,2020,15558,1422,Borja Valero,a,MC,43.0,0.0,0.0,0.0,0.0,0.0,0.0,0.0,0.0,0.0,0.0
3495,2020,15569,1422,Borja Valero,h,MC,96.0,0.0,0.0,2.0,1.0,0.0,0.1030958294868469,0.0,0.0,-0.1907125115394592,0.0
4923,2020,15629,1422,Borja Valero,h,FW,174.0,0.0,0.0,4.0,1.0,0.0,0.1768815070390701,0.0,0.0,0.030644521117210388,0.0
5422,2020,15652,1422,Borja Valero,h,Sub,220.0,0.0,0.0,4.0,1.0,0.0,0.1768815070390701,0.0169155448675155,0.0,0.04756006598472589,0.0
6240,2020,15683,1422,Borja Valero,h,AMC,244.0,0.0,0.0,4.0,2.0,0.0,0.1768815070390701,0.0169155448675155,0.0,-0.4524399340152741,0.0
7353,2020,15716,1422,Borja Valero,h,Sub,322.0,0.0,0.0,4.0,2.0,0.0,0.1768815070390701,0.0169155448675155,0.0,-0.4524399340152741,0.0
9206,2020,15797,1422,Borja Valero,a,Sub,339.0,0.0,0.0,4.0,2.0,0.0,0.1768815070390701,0.0169155448675155,0.0,-0.4524399340152741,0.0
