,season,matchId,playerId,player,homeOrAway,position,time,goals,assists,shots,yellowCard,redCard,xG,xA,bonus,xB,lastBonus
417,2020,14133,1391,Christian Maggio,h,DR,0.0,0.0,0.0,0.0,0.0,0.0,0.0,0.0,0.0,0.0,0.0
1080,2020,15467,1391,Christian Maggio,h,Sub,47.0,0.0,0.0,0.0,0.0,0.0,0.0,0.0,0.0,0.0,0.0
1526,2020,15487,1391,Christian Maggio,h,Sub,72.0,0.0,0.0,1.0,0.0,0.0,0.0423345454037189,0.0,0.0,0.1270036362111568,0.0
1808,2020,15497,1391,Christian Maggio,a,Sub,149.0,0.0,0.0,1.0,1.0,0.0,0.0423345454037189,0.0,0.0,-0.3729963637888432,0.0
1989,2020,15507,1391,Christian Maggio,h,Sub,171.0,0.0,0.0,1.0,1.0,0.0,0.0423345454037189,0.0,0.0,-0.3729963637888432,0.0
3904,2020,15586,1391,Christian Maggio,h,DR,202.0,0.0,0.0,1.0,2.0,0.0,0.0423345454037189,0.0,0.0,-0.8729963637888432,0.0
