,season,matchId,playerId,player,homeOrAway,position,time,goals,assists,shots,yellowCard,redCard,xG,xA,bonus,xB,lastBonus
2833,2020,15541,7417,Christian Oliva,a,DMC,0.0,0.0,0.0,0.0,0.0,0.0,0.0,0.0,0.0,0.0,0.0
3334,2020,15561,7417,Christian Oliva,a,Sub,78.0,0.0,0.0,0.0,1.0,0.0,0.0,0.0,0.0,-0.5,0.0
4096,2020,15587,7417,Christian Oliva,a,DMC,153.0,0.0,1.0,0.0,1.0,0.0,0.0,0.055826049298048,1.0,-0.444173950701952,1.0
4380,2020,15598,7417,Christian Oliva,h,Sub,241.0,0.0,1.0,0.0,2.0,0.0,0.0,0.055826049298048,1.0,-0.944173950701952,0.0
4846,2020,15621,7417,Christian Oliva,h,MC,262.0,0.0,1.0,0.0,2.0,0.0,0.0,0.055826049298048,1.0,-0.944173950701952,0.0
