,season,matchId,playerId,player,homeOrAway,position,time,goals,assists,shots,yellowCard,redCard,xG,xA,bonus,xB,lastBonus
92,2020,14119,1133,Cristian Zapata,h,DC,0.0,0.0,0.0,0.0,0.0,0.0,0.0,0.0,0.0,0.0,0.0
1160,2020,15465,1133,Cristian Zapata,a,DC,90.0,0.0,0.0,0.0,0.0,0.0,0.0,0.0236127786338329,0.0,0.0236127786338329,0.0
1236,2020,15470,1133,Cristian Zapata,h,DC,180.0,0.0,0.0,0.0,0.0,0.0,0.0,0.0236127786338329,0.0,0.0236127786338329,0.0
1743,2020,15481,1133,Cristian Zapata,a,DC,270.0,0.0,0.0,0.0,0.0,0.0,0.0,0.0236127786338329,0.0,0.0236127786338329,0.0
1790,2020,15448,1133,Cristian Zapata,h,DC,360.0,0.0,0.0,1.0,0.0,0.0,0.055780466645956,0.0236127786338329,0.0,0.190954178571701,0.0
2699,2020,15510,1133,Cristian Zapata,h,DC,450.0,0.0,0.0,1.0,0.0,0.0,0.055780466645956,0.0236127786338329,0.0,0.190954178571701,0.0
2991,2020,15517,1133,Cristian Zapata,a,DC,540.0,0.0,0.0,1.0,0.0,0.0,0.055780466645956,0.0236127786338329,0.0,0.190954178571701,0.0
4357,2020,15570,1133,Cristian Zapata,h,DC,576.0,0.0,0.0,1.0,0.0,0.0,0.055780466645956,0.0236127786338329,0.0,0.190954178571701,0.0
7225,2020,15660,1133,Cristian Zapata,a,DC,608.0,0.0,0.0,1.0,0.0,0.0,0.055780466645956,0.0236127786338329,0.0,0.190954178571701,0.0
10503,2020,15774,1133,Cristian Zapata,h,DC,698.0,0.0,0.0,1.0,1.0,0.0,0.055780466645956,0.0236127786338329,-0.5,-0.309045821428299,-0.5
10799,2020,15778,1133,Cristian Zapata,a,DC,788.0,0.0,0.0,3.0,1.0,0.0,0.0840905439108609,0.0236127786338329,-0.5,-0.2241155896335841,0.0
11379,2020,15798,1133,Cristian Zapata,a,DC,878.0,0.0,0.0,3.0,2.0,0.0,0.0840905439108609,0.0236127786338329,-1.0,-0.7241155896335841,-0.5
