,season,matchId,playerId,player,homeOrAway,position,time,goals,assists,shots,yellowCard,redCard,xG,xA,bonus,xB,lastBonus
245,2020,14126,1523,Danilo D&#039;Ambrosio,h,DC,0.0,0.0,0.0,0.0,0.0,0.0,0.0,0.0,0.0,0.0,0.0
725,2020,15457,1523,Danilo D&#039;Ambrosio,h,DC,90.0,1.0,0.0,1.0,0.0,0.0,0.2772372663021087,0.0,3.0,0.8317117989063263,3.0
1009,2020,15470,1523,Danilo D&#039;Ambrosio,a,DC,180.0,1.0,0.0,1.0,0.0,0.0,0.2772372663021087,0.0,3.0,0.8317117989063263,0.0
1810,2020,15498,1523,Danilo D&#039;Ambrosio,h,DC,270.0,2.0,0.0,3.0,0.0,0.0,0.9135260879993439,0.0609203875064849,6.0,2.8014986515045166,3.0
8444,2020,15773,1523,Danilo D&#039;Ambrosio,h,DC,337.0,2.0,0.0,3.0,1.0,0.0,0.9135260879993439,0.0609203875064849,6.0,2.3014986515045166,0.0
8832,2020,15782,1523,Danilo D&#039;Ambrosio,h,DC,427.0,2.0,0.0,4.0,1.0,0.0,0.9627776928246021,0.2012898623943328,6.0,2.5896229408681393,0.0
9260,2020,15804,1523,Danilo D&#039;Ambrosio,h,DC,517.0,2.0,0.0,5.0,1.0,0.0,1.319450754672289,0.2012898623943328,6.0,3.6596421264111996,0.0
