,season,matchId,playerId,player,homeOrAway,position,time,goals,assists,shots,yellowCard,redCard,xG,xA,bonus,xB,lastBonus
10350,2020,15764,8130,Ebrima Darboe,a,Sub,0.0,0.0,0.0,0.0,0.0,0.0,0.0,0.0,0.0,0.0,0.0
10635,2020,15769,8130,Ebrima Darboe,h,DMC,6.0,0.0,0.0,0.0,0.0,0.0,0.0,0.0,0.0,0.0,0.0
10927,2020,15782,8130,Ebrima Darboe,a,DMC,88.0,0.0,0.0,1.0,1.0,0.0,0.0135078756138682,0.0,-0.5,-0.4594763731583953,-0.5
11091,2020,15791,8130,Ebrima Darboe,h,DMC,178.0,0.0,0.0,3.0,2.0,0.0,0.0693195229396223,0.0152568500488996,-1.0,-0.7767845811322331,-0.5
11603,2020,15803,8130,Ebrima Darboe,a,DMC,268.0,0.0,0.0,3.0,2.0,0.0,0.0693195229396223,0.0152568500488996,-1.0,-0.7767845811322331,0.0
