,season,matchId,playerId,player,homeOrAway,position,time,goals,assists,shots,yellowCard,redCard,xG,xA,bonus,xB,lastBonus
8607,2020,15769,8130,Ebrima Darboe,h,DMC,0.0,0.0,0.0,0.0,0.0,0.0,0.0,0.0,0.0,0.0,0.0
8849,2020,15782,8130,Ebrima Darboe,a,DMC,82.0,0.0,0.0,1.0,1.0,0.0,0.0135078756138682,0.0,0.0,-0.4594763731583953,0.0
8987,2020,15791,8130,Ebrima Darboe,h,DMC,172.0,0.0,0.0,3.0,2.0,0.0,0.0693195229396223,0.0152568500488996,0.0,-0.7767845811322331,0.0
9410,2020,15803,8130,Ebrima Darboe,a,DMC,262.0,0.0,0.0,3.0,2.0,0.0,0.0693195229396223,0.0152568500488996,0.0,-0.7767845811322331,0.0
