,season,matchId,playerId,player,homeOrAway,position,time,goals,assists,shots,yellowCard,redCard,xG,xA,bonus,xB,lastBonus
4234,2020,15603,7993,Ernesto Torregrossa,h,Sub,0.0,0.0,0.0,0.0,0.0,0.0,0.0,0.0,0.0,0.0,0.0
4659,2020,15612,7993,Ernesto Torregrossa,a,Sub,28.0,1.0,0.0,1.0,0.0,0.0,0.0783910751342773,0.1539583355188369,3.0,0.389131560921669,3.0
4722,2020,15617,7993,Ernesto Torregrossa,h,Sub,48.0,1.0,0.0,1.0,0.0,0.0,0.0783910751342773,0.1681735301390289,3.0,0.403346755541861,0.0
5063,2020,15632,7993,Ernesto Torregrossa,a,FW,69.0,1.0,0.0,1.0,0.0,0.0,0.0783910751342773,0.1681735301390289,3.0,0.403346755541861,0.0
