,season,matchId,playerId,player,homeOrAway,position,time,goals,assists,shots,yellowCard,redCard,xG,xA,bonus,xB,lastBonus
3472,2020,15568,8289,Gastón Pereiro,h,AMR,0.0,0.0,0.0,0.0,0.0,0.0,0.0,0.0,0.0,0.0,0.0
4376,2020,15598,8289,Gastón Pereiro,h,AMC,58.0,0.0,0.0,0.0,0.0,0.0,0.0,0.2370953112840652,0.0,0.2370953112840652,0.0
6697,2020,15698,8289,Gastón Pereiro,a,Sub,115.0,0.0,0.0,1.0,0.0,0.0,0.0520397126674652,0.2505669966340064,0.0,0.406686134636402,0.0
7033,2020,15715,8289,Gastón Pereiro,h,Sub,133.0,1.0,0.0,4.0,0.0,0.0,1.4451029002666471,0.2505669966340064,3.0,4.5858756974339485,3.0
7477,2020,15731,8289,Gastón Pereiro,h,Sub,162.0,1.0,0.0,7.0,0.0,0.0,1.5530440881848333,0.315516024827957,3.0,4.974648289382458,0.0
9218,2020,15798,8289,Gastón Pereiro,h,Sub,187.0,2.0,2.0,9.0,0.0,0.0,1.625547483563423,0.944488853216171,8.0,5.821131303906441,5.0
