,season,matchId,playerId,player,homeOrAway,position,time,goals,assists,shots,yellowCard,redCard,xG,xA,bonus,xB,lastBonus
121,2020,14121,1576,Giorgio Chiellini,h,DC,0.0,0.0,0.0,0.0,0.0,0.0,0.0,0.0,0.0,0.0,0.0
383,2020,14131,1576,Giorgio Chiellini,a,DC,83.0,0.0,0.0,0.0,0.0,0.0,0.0,0.0,0.0,0.0,0.0
4357,2020,15600,1576,Giorgio Chiellini,a,DC,173.0,0.0,0.0,1.0,0.0,0.0,0.0295164566487073,0.0,0.0,0.0885493699461221,0.0
4540,2020,15609,1576,Giorgio Chiellini,h,DC,263.0,0.0,0.0,1.0,0.0,0.0,0.0295164566487073,0.0,0.0,0.0885493699461221,0.0
4726,2020,15617,1576,Giorgio Chiellini,a,DC,353.0,0.0,0.0,1.0,1.0,0.0,0.0295164566487073,0.0,0.0,-0.4114506300538779,0.0
4993,2020,15631,1576,Giorgio Chiellini,h,DC,443.0,0.0,0.0,1.0,1.0,0.0,0.0295164566487073,0.0,0.0,-0.4114506300538779,0.0
5230,2020,15640,1576,Giorgio Chiellini,a,DC,533.0,0.0,0.0,1.0,1.0,0.0,0.0295164566487073,0.0,0.0,-0.4114506300538779,0.0
6559,2020,15689,1576,Giorgio Chiellini,a,DC,623.0,0.0,0.0,2.0,2.0,0.0,0.0897499006241559,0.0,0.0,-0.730750298127532,0.0
7061,2020,15709,1576,Giorgio Chiellini,a,DC,697.0,0.0,0.0,2.0,2.0,0.0,0.0897499006241559,0.0,0.0,-0.730750298127532,0.0
7098,2020,15455,1576,Giorgio Chiellini,h,DC,787.0,0.0,1.0,3.0,2.0,0.0,0.1497331615537404,0.6475933194160461,1.0,0.09679280407726765,1.0
7245,2020,15720,1576,Giorgio Chiellini,h,DC,877.0,0.0,1.0,3.0,2.0,0.0,0.1497331615537404,0.6475933194160461,1.0,0.09679280407726765,0.0
7565,2020,15730,1576,Giorgio Chiellini,a,DC,967.0,0.0,1.0,3.0,2.0,0.0,0.1497331615537404,0.6475933194160461,1.0,0.09679280407726765,0.0
8009,2020,15748,1576,Giorgio Chiellini,a,DC,1057.0,0.0,1.0,4.0,2.0,0.0,0.2023148108273743,0.6475933194160461,1.0,0.2545377518981694,0.0
8631,2020,15771,1576,Giorgio Chiellini,h,DC,1147.0,0.0,1.0,4.0,2.0,0.0,0.2023148108273743,0.6475933194160461,1.0,0.2545377518981694,0.0
8960,2020,15790,1576,Giorgio Chiellini,h,DC,1237.0,0.0,1.0,6.0,3.0,0.0,0.5776772666722534,0.6716464981436729,1.0,0.9046782981604337,0.0
9329,2020,15799,1576,Giorgio Chiellini,a,DC,1327.0,0.0,1.0,6.0,4.0,0.0,0.5776772666722534,0.6716464981436729,1.0,0.40467829816043366,0.0
