,season,matchId,playerId,player,homeOrAway,position,time,goals,assists,shots,yellowCard,redCard,xG,xA,bonus,xB,lastBonus
604,2020,15451,1185,Iago Falque,h,AMC,0.0,0.0,0.0,0.0,0.0,0.0,0.0,0.0,0.0,0.0,0.0
912,2020,15464,1185,Iago Falque,a,AMC,76.0,0.0,0.0,2.0,0.0,0.0,0.0400097891688346,0.0,0.0,0.120029367506504,0.0
2706,2020,15536,1185,Iago Falque,h,Sub,126.0,0.0,0.0,2.0,0.0,0.0,0.0400097891688346,0.0,0.0,0.120029367506504,0.0
5187,2020,15637,1185,Iago Falque,a,AMC,145.0,0.0,0.0,2.0,0.0,0.0,0.0400097891688346,0.0449794232845306,0.0,0.1650087907910346,0.0
7979,2020,15754,1185,Iago Falque,h,Sub,216.0,0.0,0.0,3.0,0.0,0.0,0.085157450288534,0.24712848663330073,0.0,0.5026008374989032,0.0
8227,2020,15757,1185,Iago Falque,a,AMC,246.0,0.0,1.0,5.0,0.0,0.0,0.17500110343098618,0.5656929612159729,1.0,1.0906962715089321,1.0
