,season,matchId,playerId,player,homeOrAway,position,time,goals,assists,shots,yellowCard,redCard,xG,xA,bonus,xB,lastBonus
811,2020,15460,1458,Ibrahima Mbaye,h,Sub,0.0,0.0,0.0,0.0,0.0,0.0,0.0,0.0,0.0,0.0,0.0
2579,2020,15527,1458,Ibrahima Mbaye,h,DL,23.0,0.0,0.0,0.0,1.0,0.0,0.0,0.0,0.0,-0.5,0.0
5687,2020,15662,1458,Ibrahima Mbaye,h,DL,71.0,0.0,0.0,0.0,1.0,0.0,0.0,0.0,0.0,-0.5,0.0
6046,2020,15674,1458,Ibrahima Mbaye,a,DL,161.0,1.0,0.0,1.0,1.0,0.0,0.5738174319267273,0.0,3.0,1.221452295780182,3.0
6318,2020,15678,1458,Ibrahima Mbaye,a,DL,226.0,1.0,0.0,1.0,1.0,0.0,0.5738174319267273,0.024622369557619,3.0,1.2460746653378012,0.0
7817,2020,15745,1458,Ibrahima Mbaye,h,DR,303.0,1.0,0.0,1.0,1.0,0.0,0.5738174319267273,0.024622369557619,3.0,1.2460746653378012,0.0
8099,2020,15746,1458,Ibrahima Mbaye,a,Sub,393.0,1.0,0.0,1.0,2.0,0.0,0.5738174319267273,0.024622369557619,3.0,0.7460746653378012,0.0
