,season,matchId,playerId,player,homeOrAway,position,time,goals,assists,shots,yellowCard,redCard,xG,xA,bonus,xB,lastBonus
2118,2020,15492,8831,Iyenoma Destiny Udogie,a,Sub,0.0,0.0,0.0,0.0,0.0,0.0,0.0,0.0,0.0,0.0,0.0
2346,2020,15505,8831,Iyenoma Destiny Udogie,h,Sub,21.0,0.0,0.0,0.0,0.0,0.0,0.0,0.0,0.0,0.0,0.0
6102,2020,15623,8831,Iyenoma Destiny Udogie,a,Sub,41.0,0.0,0.0,1.0,0.0,0.0,0.4777647852897644,0.025652103126049,0.0,1.4589464589953425,0.0
8324,2020,15696,8831,Iyenoma Destiny Udogie,h,Sub,49.0,0.0,0.0,1.0,0.0,0.0,0.4777647852897644,0.025652103126049,0.0,1.4589464589953425,0.0
9953,2020,15755,8831,Iyenoma Destiny Udogie,a,Sub,92.0,0.0,0.0,1.0,0.0,0.0,0.4777647852897644,0.025652103126049,0.0,1.4589464589953425,0.0
11643,2020,15805,8831,Iyenoma Destiny Udogie,a,Sub,110.0,0.0,0.0,1.0,0.0,0.0,0.4777647852897644,0.025652103126049,0.0,1.4589464589953425,0.0
