,season,matchId,playerId,player,homeOrAway,position,time,goals,assists,shots,yellowCard,redCard,xG,xA,bonus,xB,lastBonus
268,2020,14127,1221,Jacopo Sala,h,DR,0.0,0.0,0.0,0.0,0.0,0.0,0.0,0.0,0.0,0.0,0.0
687,2020,15454,1221,Jacopo Sala,a,DR,86.0,0.0,0.0,0.0,1.0,0.0,0.0,0.4771779477596283,0.0,-0.0228220522403717,0.0
825,2020,15461,1221,Jacopo Sala,h,DR,176.0,0.0,0.0,0.0,1.0,0.0,0.0,0.4771779477596283,0.0,-0.0228220522403717,0.0
1108,2020,15474,1221,Jacopo Sala,a,DR,241.0,0.0,0.0,0.0,1.0,0.0,0.0,0.4771779477596283,0.0,-0.0228220522403717,0.0
2127,2020,15509,1221,Jacopo Sala,a,Sub,296.0,0.0,0.0,0.0,1.0,0.0,0.0,0.4771779477596283,0.0,-0.0228220522403717,0.0
2469,2020,15529,1221,Jacopo Sala,a,Sub,339.0,0.0,0.0,0.0,1.0,0.0,0.0,0.8362631499767303,0.0,0.3362631499767303,0.0
