,season,matchId,playerId,player,homeOrAway,position,time,goals,assists,shots,yellowCard,redCard,xG,xA,bonus,xB,lastBonus
9083,2020,15717,3295,Javier Pastore,h,Sub,0.0,0.0,0.0,0.0,0.0,0.0,0.0,0.0,0.0,0.0,0.0
9436,2020,15732,3295,Javier Pastore,a,Sub,6.0,0.0,0.0,0.0,0.0,0.0,0.0,0.0,0.0,0.0,0.0
10349,2020,15764,3295,Javier Pastore,a,Sub,14.0,0.0,0.0,0.0,0.0,0.0,0.0,0.0,0.0,0.0,0.0
10643,2020,15769,3295,Javier Pastore,h,Sub,34.0,0.0,0.0,0.0,0.0,0.0,0.0,0.0242432970553636,0.0,0.0242432970553636,0.0
11609,2020,15803,3295,Javier Pastore,a,Sub,55.0,0.0,0.0,0.0,0.0,0.0,0.0,0.0242432970553636,0.0,0.0242432970553636,0.0
