,season,matchId,playerId,player,homeOrAway,position,time,goals,assists,shots,yellowCard,redCard,xG,xA,bonus,xB,lastBonus
7187,2020,15659,9334,Jayden Braaf,h,Sub,0.0,0.0,0.0,0.0,0.0,0.0,0.0,0.0,0.0,0.0,0.0
8699,2020,15714,9334,Jayden Braaf,a,FW,12.0,0.0,0.0,0.0,0.0,0.0,0.0,0.0185455717146396,0.0,0.0185455717146396,0.0
9574,2020,15738,9334,Jayden Braaf,h,Sub,82.0,0.0,0.0,0.0,0.0,0.0,0.0,0.0185455717146396,0.0,0.0185455717146396,0.0
9893,2020,15754,9334,Jayden Braaf,a,Sub,90.0,0.0,0.0,1.0,0.0,0.0,0.0301212836056947,0.0185455717146396,0.0,0.10890942253172389,0.0
