,season,matchId,playerId,player,homeOrAway,position,time,goals,assists,shots,yellowCard,redCard,xG,xA,bonus,xB,lastBonus
582,2020,15450,6242,Johan Mojica,h,Sub,0.0,0.0,0.0,0.0,0.0,0.0,0.0,0.0,0.0,0.0,0.0
723,2020,15456,6242,Johan Mojica,a,Sub,16.0,0.0,0.0,0.0,0.0,0.0,0.0,0.0,0.0,0.0,0.0
972,2020,15466,6242,Johan Mojica,h,ML,59.0,0.0,0.0,0.0,0.0,0.0,0.0,0.0766951143741607,0.0,0.0766951143741607,0.0
1209,2020,15477,6242,Johan Mojica,a,DML,106.0,0.0,0.0,0.0,1.0,0.0,0.0,0.0766951143741607,0.0,-0.4233048856258393,0.0
2009,2020,15506,6242,Johan Mojica,h,DML,196.0,0.0,0.0,1.0,1.0,0.0,0.0421174317598342,0.5830505788326262,0.0,0.20940287411212916,0.0
