,season,matchId,playerId,player,homeOrAway,position,time,goals,assists,shots,yellowCard,redCard,xG,xA,bonus,xB,lastBonus
271,2020,14127,8909,Juan Ramos,h,DL,0.0,0.0,0.0,0.0,0.0,0.0,0.0,0.0,0.0,0.0,0.0
462,2020,14134,8909,Juan Ramos,a,DL,90.0,0.0,0.0,1.0,0.0,0.0,0.0157950352877378,0.1525690853595733,0.0,0.1999541912227869,0.0
5436,2020,15652,8909,Juan Ramos,a,Sub,180.0,0.0,0.0,1.0,1.0,0.0,0.0157950352877378,0.1525690853595733,0.0,-0.3000458087772131,0.0
9401,2020,15803,8909,Juan Ramos,h,Sub,260.0,0.0,0.0,1.0,1.0,0.0,0.0157950352877378,0.2173146456480025,0.0,-0.2353002484887839,0.0
