,season,matchId,playerId,player,homeOrAway,position,time,goals,assists,shots,yellowCard,redCard,xG,xA,bonus,xB,lastBonus
883,2020,15456,3632,Kevin Malcuit,h,Sub,0.0,0.0,0.0,0.0,0.0,0.0,0.0,0.0,0.0,0.0,0.0
3919,2020,15551,3632,Kevin Malcuit,a,Sub,14.0,0.0,0.0,0.0,0.0,0.0,0.0,0.0,0.0,0.0,0.0
6118,2020,15629,3632,Kevin Malcuit,h,Sub,30.0,0.0,0.0,0.0,0.0,0.0,0.0,0.0,0.0,0.0,0.0
6622,2020,15638,3632,Kevin Malcuit,a,Sub,47.0,0.0,0.0,1.0,0.0,0.0,0.0279511492699384,0.0,0.0,0.0838534478098154,0.0
7194,2020,15659,3632,Kevin Malcuit,a,DMR,53.0,0.0,0.0,1.0,0.0,0.0,0.0279511492699384,0.0765315741300582,0.0,0.1603850219398736,0.0
7730,2020,15683,3632,Kevin Malcuit,h,DMR,133.0,0.0,0.0,2.0,0.0,0.0,0.0997651424258946,0.0765315741300582,0.0,0.3758270014077424,0.0
9252,2020,15727,3632,Kevin Malcuit,a,Sub,223.0,0.0,0.0,2.0,0.0,0.0,0.0997651424258946,0.0765315741300582,0.0,0.3758270014077424,0.0
