,season,matchId,playerId,player,homeOrAway,position,time,goals,assists,shots,yellowCard,redCard,xG,xA,bonus,xB,lastBonus
7173,2020,15658,1587,Kwadwo Asamoah,a,Sub,0.0,0.0,0.0,0.0,0.0,0.0,0.0,0.0,0.0,0.0,0.0
7493,2020,15674,1587,Kwadwo Asamoah,h,Sub,10.0,0.0,0.0,0.0,0.0,0.0,0.0,0.0,0.0,0.0,0.0
8136,2020,15689,1587,Kwadwo Asamoah,h,Sub,17.0,0.0,0.0,0.0,0.0,0.0,0.0,0.0,0.0,0.0,0.0
8717,2020,15715,1587,Kwadwo Asamoah,h,Sub,34.0,0.0,0.0,0.0,0.0,0.0,0.0,0.0,0.0,0.0,0.0
8975,2020,15718,1587,Kwadwo Asamoah,a,Sub,63.0,0.0,0.0,0.0,0.0,0.0,0.0,0.0,0.0,0.0,0.0
9582,2020,15738,1587,Kwadwo Asamoah,a,DML,81.0,0.0,0.0,0.0,0.0,0.0,0.0,0.0,0.0,0.0,0.0
10261,2020,15758,1587,Kwadwo Asamoah,a,Sub,171.0,0.0,0.0,1.0,0.0,0.0,0.0205619987100362,0.0,0.0,0.0616859961301088,0.0
10595,2020,15768,1587,Kwadwo Asamoah,a,Sub,190.0,0.0,0.0,2.0,0.0,0.0,0.045883685350418,0.0,0.0,0.1376510560512542,0.0
11268,2020,15788,1587,Kwadwo Asamoah,a,Sub,201.0,0.0,0.0,2.0,0.0,0.0,0.045883685350418,0.0,0.0,0.1376510560512542,0.0
