,season,matchId,playerId,player,homeOrAway,position,time,goals,assists,shots,yellowCard,redCard,xG,xA,bonus,xB,lastBonus
354,2020,14127,6181,Luca Mora,h,Sub,0.0,0.0,0.0,0.0,0.0,0.0,0.0,0.0,0.0,0.0,0.0
866,2020,15454,6181,Luca Mora,a,Sub,11.0,0.0,0.0,1.0,0.0,0.0,0.0999052375555038,0.0,0.0,0.2997157126665115,0.0
1909,2020,15487,6181,Luca Mora,a,Sub,21.0,0.0,0.0,1.0,0.0,0.0,0.0999052375555038,0.0,0.0,0.2997157126665115,0.0
3817,2020,15550,6181,Luca Mora,a,MC,27.0,0.0,0.0,1.0,0.0,0.0,0.0999052375555038,0.0,0.0,0.2997157126665115,0.0
