,season,matchId,playerId,player,homeOrAway,position,time,goals,assists,shots,yellowCard,redCard,xG,xA,bonus,xB,lastBonus
103,2020,14120,3893,Lukas Haraslin,h,AML,0.0,0.0,0.0,0.0,0.0,0.0,0.0,0.0,0.0,0.0,0.0
2351,2020,15521,3893,Lukas Haraslin,a,Sub,65.0,0.0,0.0,4.0,0.0,0.0,0.3437597751617431,0.2056644111871719,0.0,1.2369437366724014,0.0
2431,2020,15534,3893,Lukas Haraslin,h,ML,80.0,0.0,0.0,4.0,0.0,0.0,0.3437597751617431,0.27010324597358704,0.0,1.3013825714588165,0.0
4308,2020,15604,3893,Lukas Haraslin,h,Sub,129.0,0.0,0.0,5.0,0.0,1.0,0.4329727739095687,0.27010324597358704,0.0,1.0690215677022934,0.0
4635,2020,15610,3893,Lukas Haraslin,a,Sub,146.0,0.0,0.0,5.0,0.0,1.0,0.4329727739095687,0.27010324597358704,0.0,1.0690215677022934,0.0
4952,2020,15633,3893,Lukas Haraslin,h,Sub,189.0,0.0,0.0,6.0,0.0,1.0,0.45319116488099076,0.31199282035231585,0.0,1.1715663149952888,0.0
7143,2020,15703,3893,Lukas Haraslin,a,Sub,235.0,0.0,0.0,7.0,0.0,1.0,0.5528414435684679,0.31199282035231585,0.0,1.4705171510577202,0.0
7392,2020,15724,3893,Lukas Haraslin,a,Sub,250.0,0.0,0.0,8.0,0.0,1.0,0.5763460975140331,0.31199282035231585,0.0,1.5410311128944159,0.0
8523,2020,15774,3893,Lukas Haraslin,a,Sub,271.0,0.0,0.0,9.0,0.0,1.0,0.6449557598680256,0.45103323087096203,0.0,1.8859005104750395,0.0
