,season,matchId,playerId,player,homeOrAway,position,time,goals,assists,shots,yellowCard,redCard,xG,xA,bonus,xB,lastBonus
280,2020,14124,1207,Marco Parolo,a,Sub,0.0,0.0,0.0,0.0,0.0,0.0,0.0,0.0,0.0,0.0,0.0
788,2020,15452,1207,Marco Parolo,h,Sub,1.0,0.0,0.0,0.0,0.0,0.0,0.0,0.0,0.0,0.0,0.0
948,2020,15458,1207,Marco Parolo,a,DMR,43.0,0.0,0.0,2.0,0.0,0.0,0.1748469173908233,0.0,0.0,0.5245407521724701,0.0
1278,2020,15472,1207,Marco Parolo,h,Sub,89.0,0.0,0.0,3.0,1.0,0.0,0.20128891430795182,0.0,-0.5,0.10386674292385578,-0.5
1653,2020,15483,1207,Marco Parolo,a,MC,98.0,0.0,0.0,3.0,1.0,0.0,0.20128891430795182,0.0,-0.5,0.10386674292385578,0.0
2140,2020,15496,1207,Marco Parolo,a,MC,145.0,0.0,0.0,3.0,1.0,0.0,0.20128891430795182,0.0,-0.5,0.10386674292385578,0.0
2527,2020,15511,1207,Marco Parolo,h,MC,192.0,0.0,1.0,6.0,2.0,0.0,0.3301212843507527,0.2163149416446685,0.0,0.206678794696927,0.5
2756,2020,15523,1207,Marco Parolo,a,Sub,242.0,0.0,1.0,6.0,2.0,0.0,0.3301212843507527,0.2163149416446685,0.0,0.206678794696927,0.0
3098,2020,15531,1207,Marco Parolo,h,DC,258.0,0.0,1.0,6.0,2.0,0.0,0.3301212843507527,0.2163149416446685,0.0,0.206678794696927,0.0
5748,2020,15610,1207,Marco Parolo,h,Sub,348.0,0.0,1.0,6.0,2.0,0.0,0.3301212843507527,0.2163149416446685,0.0,0.206678794696927,0.0
6396,2020,15627,1207,Marco Parolo,h,Sub,370.0,0.0,1.0,6.0,2.0,0.0,0.3301212843507527,0.2163149416446685,0.0,0.206678794696927,0.0
6682,2020,15641,1207,Marco Parolo,a,Sub,378.0,0.0,1.0,6.0,3.0,0.0,0.3301212843507527,0.2411039061844348,-0.5,-0.26853224076330673,-0.5
9037,2020,15721,1207,Marco Parolo,a,Sub,419.0,0.0,1.0,6.0,3.0,0.0,0.3301212843507527,0.2411039061844348,-0.5,-0.26853224076330673,0.0
9330,2020,15726,1207,Marco Parolo,h,Sub,425.0,0.0,1.0,6.0,3.0,0.0,0.3301212843507527,0.2411039061844348,-0.5,-0.26853224076330673,0.0
10188,2020,15760,1207,Marco Parolo,h,Sub,459.0,0.0,2.0,6.0,4.0,0.0,0.3301212843507527,0.8176244683563708,0.0,-0.19201167859137075,0.5
10881,2020,15781,1207,Marco Parolo,h,MC,467.0,0.0,2.0,6.0,4.0,0.0,0.3301212843507527,0.8176244683563708,0.0,-0.19201167859137075,0.0
11316,2020,15671,1207,Marco Parolo,h,Sub,542.0,0.0,2.0,6.0,4.0,0.0,0.3301212843507527,0.8176244683563708,0.0,-0.19201167859137075,0.0
11538,2020,15800,1207,Marco Parolo,a,DC,555.0,0.0,2.0,7.0,4.0,0.0,0.4395402278751133,0.8176244683563708,0.0,0.13624515198171117,0.0
