,season,matchId,playerId,player,homeOrAway,position,time,goals,assists,shots,yellowCard,redCard,xG,xA,bonus,xB,lastBonus
494,2020,14135,1134,Mario Pasalic,a,MC,0.0,0.0,0.0,0.0,0.0,0.0,0.0,0.0,0.0,0.0,0.0
575,2020,15450,1134,Mario Pasalic,h,MC,57.0,0.0,0.0,0.0,0.0,0.0,0.0,0.0,0.0,0.0,0.0
716,2020,15456,1134,Mario Pasalic,a,MC,147.0,1.0,1.0,2.0,0.0,0.0,0.5819609761238098,1.250468134880066,4.0,2.996351063251496,4.0
970,2020,15466,1134,Mario Pasalic,h,MC,237.0,1.0,1.0,3.0,0.0,0.0,0.6000136900693178,1.250468134880066,4.0,3.05050920508802,0.0
1210,2020,15477,1134,Mario Pasalic,a,MC,327.0,1.0,1.0,3.0,0.0,0.0,0.6000136900693178,1.2945740669965744,4.0,3.0946151372045283,0.0
1591,2020,15486,1134,Mario Pasalic,h,MC,417.0,1.0,1.0,3.0,0.0,0.0,0.6000136900693178,1.3757244870066643,4.0,3.175765557214618,0.0
1757,2020,15503,1134,Mario Pasalic,a,Sub,476.0,1.0,1.0,3.0,0.0,0.0,0.6000136900693178,1.3757244870066643,4.0,3.175765557214618,0.0
4826,2020,15618,1134,Mario Pasalic,h,Sub,518.0,1.0,1.0,5.0,1.0,0.0,1.1375861335545778,1.7133299335837364,4.0,4.62608833424747,0.0
5307,2020,15636,1134,Mario Pasalic,a,AMC,554.0,2.0,1.0,6.0,1.0,0.0,1.8254065085202456,1.7133299335837364,7.0,6.689549459144473,3.0
5754,2020,15656,1134,Mario Pasalic,a,MC,600.0,2.0,1.0,6.0,1.0,0.0,1.8254065085202456,1.7669435106217861,7.0,6.743163036182523,0.0
6066,2020,15675,1134,Mario Pasalic,h,Sub,659.0,2.0,1.0,8.0,1.0,0.0,1.9808490592986345,1.7669435106217861,7.0,7.20949068851769,0.0
6383,2020,15693,1134,Mario Pasalic,h,AMC,685.0,2.0,1.0,8.0,1.0,0.0,1.9808490592986345,1.7669435106217861,7.0,7.20949068851769,0.0
6722,2020,15696,1134,Mario Pasalic,a,Sub,775.0,4.0,1.0,12.0,1.0,0.0,3.0329563934355974,1.947557743638754,13.0,10.546426923945546,6.0
7362,2020,15716,1134,Mario Pasalic,a,AMC,800.0,4.0,1.0,12.0,1.0,0.0,3.0329563934355974,1.947557743638754,13.0,10.546426923945546,0.0
7560,2020,15730,1134,Mario Pasalic,h,Sub,890.0,4.0,1.0,13.0,1.0,0.0,3.3891425151377916,2.223207827657461,13.0,11.890635373070836,0.0
7865,2020,15736,1134,Mario Pasalic,a,Sub,933.0,4.0,1.0,14.0,1.0,0.0,3.4134633503854275,2.223207827657461,13.0,11.963597878813744,0.0
8711,2020,15776,1134,Mario Pasalic,h,Sub,963.0,4.0,1.0,15.0,1.0,0.0,3.5226133950054646,2.296634864062071,13.0,12.364475049078465,0.0
8930,2020,15786,1134,Mario Pasalic,a,Sub,993.0,5.0,1.0,16.0,1.0,0.0,4.012366194278002,2.296634864062071,16.0,13.833733446896076,3.0
