,season,matchId,playerId,player,homeOrAway,position,time,goals,assists,shots,yellowCard,redCard,xG,xA,bonus,xB,lastBonus
4475,2020,15611,1295,Mario Mandzukic,h,Sub,0.0,0.0,0.0,0.0,0.0,0.0,0.0,0.0,0.0,0.0,0.0
4710,2020,15619,1295,Mario Mandzukic,a,Sub,20.0,0.0,0.0,2.0,0.0,0.0,0.4902435839176178,0.0512978918850421,0.0,1.5220286436378956,0.0
5263,2020,15642,1295,Mario Mandzukic,a,Sub,37.0,0.0,0.0,2.0,0.0,0.0,0.4902435839176178,0.0512978918850421,0.0,1.5220286436378956,0.0
7505,2020,15728,1295,Mario Mandzukic,h,Sub,63.0,0.0,0.0,3.0,0.0,0.0,0.7058438211679459,0.0512978918850421,0.0,2.1688293553888798,0.0
7685,2020,15744,1295,Mario Mandzukic,h,Sub,89.0,0.0,0.0,3.0,0.0,0.0,0.7058438211679459,0.0512978918850421,0.0,2.1688293553888798,0.0
8149,2020,15749,1295,Mario Mandzukic,a,FW,105.0,0.0,0.0,3.0,0.0,0.0,0.7058438211679459,0.0512978918850421,0.0,2.1688293553888798,0.0
