,season,matchId,playerId,player,homeOrAway,position,time,goals,assists,shots,yellowCard,redCard,xG,xA,bonus,xB,lastBonus
1590,2020,15486,8872,Matteo Ruggeri,h,DML,0.0,0.0,0.0,0.0,0.0,0.0,0.0,0.0,0.0,0.0,0.0
4820,2020,15618,8872,Matteo Ruggeri,h,DML,90.0,0.0,0.0,1.0,0.0,0.0,0.0275986827909946,0.0,0.0,0.0827960483729839,0.0
4970,2020,15634,8872,Matteo Ruggeri,h,DML,136.0,0.0,0.0,2.0,0.0,0.0,0.0672319158911704,0.0,0.0,0.2016957476735114,0.0
