,season,matchId,playerId,player,homeOrAway,position,time,goals,assists,shots,yellowCard,redCard,xG,xA,bonus,xB,lastBonus
236,2020,14123,1486,Mattia Caldara,a,DC,0.0,0.0,0.0,0.0,0.0,0.0,0.0,0.0,0.0,0.0,0.0
4580,2020,15576,1486,Mattia Caldara,h,Sub,47.0,0.0,0.0,0.0,1.0,0.0,0.0,0.0,-0.5,-0.5,-0.5
5581,2020,15611,1486,Mattia Caldara,a,Sub,54.0,0.0,0.0,1.0,1.0,0.0,0.3216035664081573,0.0,-0.5,0.46481069922447205,0.0
5991,2020,15618,1486,Mattia Caldara,h,Sub,55.0,0.0,0.0,1.0,1.0,0.0,0.3216035664081573,0.0,-0.5,0.46481069922447205,0.0
7529,2020,15675,1486,Mattia Caldara,h,Sub,67.0,0.0,0.0,2.0,1.0,0.0,0.4260245487093925,0.0,-0.5,0.7780736461281776,0.0
10000,2020,15746,1486,Mattia Caldara,h,Sub,87.0,0.0,0.0,2.0,1.0,0.0,0.4260245487093925,0.0,-0.5,0.7780736461281776,0.0
