,season,matchId,playerId,player,homeOrAway,position,time,goals,assists,shots,yellowCard,redCard,xG,xA,bonus,xB,lastBonus
139,2020,14121,6211,Mehdi Leris,a,ML,0.0,0.0,0.0,0.0,0.0,0.0,0.0,0.0,0.0,0.0,0.0
522,2020,15446,6211,Mehdi Leris,a,Sub,46.0,0.0,0.0,0.0,0.0,0.0,0.0,0.0205926429480314,0.0,0.0205926429480314,0.0
993,2020,15466,6211,Mehdi Leris,a,Sub,66.0,0.0,0.0,0.0,0.0,0.0,0.0,0.048000803217291804,0.0,0.048000803217291804,0.0
3347,2020,15562,6211,Mehdi Leris,h,Sub,82.0,0.0,0.0,0.0,0.0,0.0,0.0,0.048000803217291804,0.0,0.048000803217291804,0.0
6493,2020,15692,6211,Mehdi Leris,a,Sub,97.0,0.0,0.0,0.0,0.0,0.0,0.0,0.048000803217291804,0.0,0.048000803217291804,0.0
9073,2020,15793,6211,Mehdi Leris,a,DR,115.0,0.0,0.0,2.0,0.0,0.0,0.0802091434597969,0.055576591286808204,0.0,0.2962040216661989,0.0
9234,2020,15802,6211,Mehdi Leris,h,DR,181.0,0.0,0.0,2.0,0.0,0.0,0.0802091434597969,0.0955079779960214,0.0,0.3361354083754121,0.0
