,season,matchId,playerId,player,homeOrAway,position,time,goals,assists,shots,yellowCard,redCard,xG,xA,bonus,xB,lastBonus
28,2020,14117,1098,Miguel Veloso,h,MC,0.0,0.0,0.0,0.0,0.0,0.0,0.0,0.0,0.0,0.0,0.0
295,2020,14129,1098,Miguel Veloso,h,MC,90.0,0.0,0.0,0.0,0.0,0.0,0.0,0.0,0.0,0.0,0.0
1892,2020,15505,1098,Miguel Veloso,h,Sub,180.0,0.0,0.0,0.0,0.0,0.0,0.0,0.0,0.0,0.0,0.0
2032,2020,15506,1098,Miguel Veloso,a,Sub,200.0,0.0,0.0,1.0,0.0,0.0,0.0663908794522285,0.0143067361786961,0.0,0.2134793745353818,0.0
2288,2020,15525,1098,Miguel Veloso,h,MC,243.0,1.0,1.0,3.0,1.0,0.0,0.846461720764637,0.3140883864834904,4.0,2.353473548777402,4.0
2517,2020,15531,1098,Miguel Veloso,a,DMC,333.0,1.0,1.0,3.0,1.0,0.0,0.846461720764637,0.3250714018940924,4.0,2.364456564188004,0.0
2869,2020,15545,1098,Miguel Veloso,h,MC,423.0,1.0,1.0,3.0,1.0,0.0,0.846461720764637,0.4570906832814215,4.0,2.496475845575333,0.0
2935,2020,15549,1098,Miguel Veloso,a,MC,485.0,1.0,1.0,5.0,1.0,0.0,0.8862958066165447,0.4570906832814215,4.0,2.6159781031310563,0.0
3218,2020,15565,1098,Miguel Veloso,h,MC,575.0,2.0,1.0,6.0,1.0,0.0,1.647594641894102,0.4570906832814215,7.0,4.899874608963728,3.0
3604,2020,15575,1098,Miguel Veloso,a,MC,665.0,2.0,1.0,6.0,1.0,0.0,1.647594641894102,0.4851464871317146,7.0,4.927930412814021,0.0
3849,2020,15585,1098,Miguel Veloso,a,MC,755.0,2.0,1.0,6.0,1.0,0.0,1.647594641894102,0.4851464871317146,7.0,4.927930412814021,0.0
5723,2020,15661,1098,Miguel Veloso,h,Sub,779.0,2.0,1.0,6.0,1.0,0.0,1.647594641894102,0.4973503882065413,7.0,4.940134313888848,0.0
6026,2020,15673,1098,Miguel Veloso,a,MC,822.0,2.0,1.0,8.0,1.0,0.0,1.6952571086585522,0.5612693810835478,7.0,5.147040707059205,0.0
6212,2020,15682,1098,Miguel Veloso,h,MC,912.0,2.0,1.0,8.0,1.0,0.0,1.6952571086585522,0.5790410982444879,7.0,5.164812424220145,0.0
6419,2020,15695,1098,Miguel Veloso,a,MC,969.0,2.0,1.0,8.0,1.0,0.0,1.6952571086585522,0.5790410982444879,7.0,5.164812424220145,0.0
6703,2020,15696,1098,Miguel Veloso,h,MC,1059.0,2.0,1.0,8.0,1.0,0.0,1.6952571086585522,0.6009958377107975,7.0,5.186767163686454,0.0
7040,2020,15715,1098,Miguel Veloso,a,MC,1106.0,2.0,1.0,9.0,1.0,0.0,1.7073262091726065,0.6009958377107975,7.0,5.222974465228617,0.0
7278,2020,15721,1098,Miguel Veloso,h,MC,1196.0,2.0,2.0,11.0,1.0,0.0,1.7533491384238005,0.6269579427316782,8.0,5.38700535800308,1.0
9149,2020,15787,1098,Miguel Veloso,h,Sub,1266.0,2.0,2.0,11.0,1.0,0.0,1.7533491384238005,0.6269579427316782,8.0,5.38700535800308,0.0
