,season,matchId,playerId,player,homeOrAway,position,time,goals,assists,shots,yellowCard,redCard,xG,xA,bonus,xB,lastBonus
3202,2020,15527,6973,Nehuén Paz,h,Sub,0.0,0.0,0.0,0.0,0.0,0.0,0.0,0.0,0.0,0.0,0.0
3539,2020,15543,6973,Nehuén Paz,a,DC,42.0,0.0,0.0,0.0,0.0,0.0,0.0,0.0,0.0,0.0,0.0
4025,2020,15556,6973,Nehuén Paz,h,Sub,132.0,0.0,0.0,0.0,0.0,0.0,0.0,0.0,0.0,0.0,0.0
4352,2020,15569,6973,Nehuén Paz,a,Sub,143.0,1.0,0.0,1.0,0.0,0.0,0.4608807563781738,0.0,3.0,1.3826422691345217,3.0
4601,2020,15577,6973,Nehuén Paz,h,DC,187.0,1.0,0.0,1.0,0.0,0.0,0.4608807563781738,0.0,3.0,1.3826422691345217,0.0
4898,2020,15588,6973,Nehuén Paz,a,DC,277.0,1.0,0.0,2.0,0.0,0.0,0.47316591627895815,0.0130970859900116,3.0,1.4325948348268869,0.0
