,season,matchId,playerId,player,homeOrAway,position,time,goals,assists,shots,yellowCard,redCard,xG,xA,bonus,xB,lastBonus
511,2020,15446,4918,Patrick Cutrone,h,Sub,0.0,0.0,0.0,0.0,0.0,0.0,0.0,0.0,0.0,0.0,0.0
849,2020,15461,4918,Patrick Cutrone,a,Sub,31.0,0.0,0.0,1.0,0.0,0.0,0.0766187012195587,0.0,0.0,0.2298561036586761,0.0
1133,2020,15469,4918,Patrick Cutrone,h,Sub,48.0,0.0,0.0,1.0,0.0,0.0,0.0766187012195587,0.0,0.0,0.2298561036586761,0.0
1561,2020,15493,4918,Patrick Cutrone,a,Sub,71.0,0.0,0.0,1.0,0.0,0.0,0.0766187012195587,0.0,0.0,0.2298561036586761,0.0
1797,2020,15497,4918,Patrick Cutrone,h,Sub,92.0,0.0,0.0,1.0,0.0,0.0,0.0766187012195587,0.0,0.0,0.2298561036586761,0.0
2104,2020,15512,4918,Patrick Cutrone,a,Sub,125.0,0.0,0.0,1.0,0.0,0.0,0.0766187012195587,0.0,0.0,0.2298561036586761,0.0
