,season,matchId,playerId,player,homeOrAway,position,time,goals,assists,shots,yellowCard,redCard,xG,xA,bonus,xB,lastBonus
15,2020,14116,1461,Pol Lirola,h,Sub,0.0,0.0,0.0,0.0,0.0,0.0,0.0,0.0,0.0,0.0,0.0
340,2020,14126,1461,Pol Lirola,a,Sub,4.0,0.0,0.0,0.0,0.0,0.0,0.0,0.0922375097870826,0.0,0.0922375097870826,0.0
1040,2020,15461,1461,Pol Lirola,a,DMR,23.0,0.0,0.0,0.0,0.0,0.0,0.0,0.1170191299170254,0.0,0.1170191299170254,0.0
1396,2020,15469,1461,Pol Lirola,h,DMR,113.0,0.0,1.0,1.0,1.0,0.0,0.1127096563577652,0.1507584210485218,0.5,-0.011112609878182494,0.5
1713,2020,15480,1461,Pol Lirola,a,DMR,194.0,0.0,1.0,1.0,1.0,0.0,0.1127096563577652,0.1507584210485218,0.5,-0.011112609878182494,0.0
1937,2020,15493,1461,Pol Lirola,a,Sub,284.0,0.0,1.0,1.0,2.0,0.0,0.1127096563577652,0.1976639535278079,0.0,-0.46420707739889633,-0.5
2229,2020,15497,1461,Pol Lirola,h,Sub,301.0,0.0,1.0,1.0,2.0,0.0,0.1127096563577652,0.1976639535278079,0.0,-0.46420707739889633,0.0
2605,2020,15512,1461,Pol Lirola,a,Sub,332.0,0.0,1.0,1.0,3.0,0.0,0.1127096563577652,0.6781414952129122,-0.5,-0.4837295357137919,-0.5
3181,2020,15526,1461,Pol Lirola,a,AMR,360.0,0.0,1.0,1.0,3.0,0.0,0.1127096563577652,0.6781414952129122,-0.5,-0.4837295357137919,0.0
3623,2020,15549,1461,Pol Lirola,h,Sub,420.0,0.0,1.0,1.0,3.0,0.0,0.1127096563577652,0.7172346320003268,-0.5,-0.4446363989263774,0.0
4339,2020,15569,1461,Pol Lirola,h,Sub,448.0,0.0,1.0,1.0,3.0,0.0,0.1127096563577652,0.7172346320003268,-0.5,-0.4446363989263774,0.0
4689,2020,15580,1461,Pol Lirola,a,Sub,466.0,0.0,1.0,2.0,3.0,0.0,0.1243888745084404,0.7172346320003268,-0.5,-0.40959874447435163,0.0
