,season,matchId,playerId,player,homeOrAway,position,time,goals,assists,shots,yellowCard,redCard,xG,xA,bonus,xB,lastBonus
1795,2020,15497,1313,Riccardo Saponara,h,Sub,0.0,0.0,0.0,0.0,0.0,0.0,0.0,0.0,0.0,0.0,0.0
4773,2020,15622,1313,Riccardo Saponara,h,Sub,47.0,0.0,0.0,0.0,0.0,0.0,0.0,0.0,0.0,0.0,0.0
5250,2020,15642,1313,Riccardo Saponara,h,FWL,70.0,0.0,0.0,0.0,0.0,1.0,0.0,0.0,0.0,-0.5,0.0
5432,2020,15652,1313,Riccardo Saponara,a,FWL,160.0,0.0,0.0,3.0,0.0,1.0,0.149371713399887,0.0828101858496666,0.0,0.03092532604932785,0.0
5667,2020,15664,1313,Riccardo Saponara,h,FWL,229.0,0.0,0.0,5.0,0.0,1.0,0.2462523654103278,0.0828101858496666,0.0,0.32156728208065033,0.0
8872,2020,15783,1313,Riccardo Saponara,a,MR,255.0,0.0,0.0,5.0,0.0,1.0,0.2462523654103278,0.0828101858496666,0.0,0.32156728208065033,0.0
8941,2020,15795,1313,Riccardo Saponara,h,FWL,345.0,0.0,0.0,5.0,0.0,1.0,0.2462523654103278,0.5102180168032646,0.0,0.7489751130342484,0.0
