,season,matchId,playerId,player,homeOrAway,position,time,goals,assists,shots,yellowCard,redCard,xG,xA,bonus,xB,lastBonus
70,2020,14118,1340,Roberto Inglese,h,FW,0.0,0.0,0.0,0.0,0.0,0.0,0.0,0.0,0.0,0.0,0.0
1538,2020,15478,1340,Roberto Inglese,a,Sub,69.0,0.0,0.0,1.0,0.0,0.0,0.0209205914288759,0.0,0.0,0.0627617742866277,0.0
1921,2020,15493,1340,Roberto Inglese,h,FW,111.0,0.0,1.0,1.0,0.0,0.0,0.0209205914288759,0.3739456832408905,1.0,0.4367074575275182,1.0
2300,2020,15501,1340,Roberto Inglese,a,FW,166.0,0.0,1.0,1.0,0.0,0.0,0.0209205914288759,0.3739456832408905,1.0,0.4367074575275182,0.0
2866,2020,15520,1340,Roberto Inglese,h,Sub,256.0,0.0,1.0,1.0,0.0,0.0,0.0209205914288759,0.3739456832408905,1.0,0.4367074575275182,0.0
3309,2020,15532,1340,Roberto Inglese,a,Sub,258.0,0.0,1.0,1.0,0.0,0.0,0.0209205914288759,0.3739456832408905,1.0,0.4367074575275182,0.0
3498,2020,15541,1340,Roberto Inglese,h,FW,278.0,0.0,1.0,1.0,1.0,0.0,0.0209205914288759,0.3739456832408905,0.5,-0.06329254247248178,-0.5
3688,2020,15552,1340,Roberto Inglese,h,Sub,351.0,0.0,1.0,3.0,1.0,0.0,0.4454873073846101,0.3739456832408905,0.5,1.210407605394721,0.0
3946,2020,15557,1340,Roberto Inglese,a,FW,380.0,0.0,1.0,4.0,1.0,0.0,0.45843095146119583,0.3739456832408905,0.5,1.2492385376244783,0.0
4399,2020,15573,1340,Roberto Inglese,h,Sub,441.0,0.0,1.0,5.0,2.0,0.0,0.5044822860509155,0.7168425619602203,0.0,1.2302894201129675,-0.5
4595,2020,15576,1340,Roberto Inglese,a,FW,470.0,0.0,1.0,8.0,2.0,0.0,0.5732135120779273,1.0489747822284698,0.0,1.7686153184622526,0.0
4983,2020,15591,1340,Roberto Inglese,h,Sub,518.0,0.0,1.0,8.0,2.0,0.0,0.5732135120779273,1.0489747822284698,0.0,1.7686153184622526,0.0
7560,2020,15666,1340,Roberto Inglese,h,Sub,543.0,0.0,1.0,8.0,2.0,0.0,0.5732135120779273,1.0489747822284698,0.0,1.7686153184622526,0.0
7754,2020,15683,1340,Roberto Inglese,a,Sub,564.0,0.0,1.0,8.0,2.0,0.0,0.5732135120779273,1.0489747822284698,0.0,1.7686153184622526,0.0
