,season,matchId,playerId,player,homeOrAway,position,time,goals,assists,shots,yellowCard,redCard,xG,xA,bonus,xB,lastBonus
922,2020,15465,7097,Ronaldo Vieira,h,MC,0.0,0.0,0.0,0.0,0.0,0.0,0.0,0.0,0.0,0.0,0.0
1164,2020,15471,7097,Ronaldo Vieira,a,MC,90.0,0.0,0.0,2.0,0.0,0.0,0.0459558255970478,0.0309836510568857,0.0,0.1688511278480291,0.0
5510,2020,15655,7097,Ronaldo Vieira,a,Sub,180.0,0.0,0.0,2.0,1.0,0.0,0.0459558255970478,0.0309836510568857,0.0,-0.33114887215197086,0.0
5722,2020,15661,7097,Ronaldo Vieira,h,Sub,200.0,0.0,0.0,2.0,1.0,0.0,0.0459558255970478,0.0309836510568857,0.0,-0.33114887215197086,0.0
