,season,matchId,playerId,player,homeOrAway,position,time,goals,assists,shots,yellowCard,redCard,xG,xA,bonus,xB,lastBonus
358,2020,14127,8914,Salvador Ferrer,h,Sub,0.0,0.0,0.0,0.0,0.0,0.0,0.0,0.0,0.0,0.0,0.0
574,2020,14134,8914,Salvador Ferrer,a,DR,4.0,0.0,0.0,0.0,0.0,0.0,0.0,0.0,0.0,0.0,0.0
1035,2020,15461,8914,Salvador Ferrer,h,Sub,94.0,0.0,0.0,0.0,1.0,0.0,0.0,0.0,-0.5,-0.5,-0.5
1391,2020,15474,8914,Salvador Ferrer,a,Sub,119.0,0.0,0.0,1.0,1.0,0.0,0.0196828860789537,0.0,-0.5,-0.44095134176313877,0.0
1602,2020,15482,8914,Salvador Ferrer,h,DR,154.0,0.0,0.0,1.0,2.0,0.0,0.0196828860789537,0.0,-1.0,-0.9409513417631388,-0.5
1897,2020,15487,8914,Salvador Ferrer,a,DR,244.0,0.0,0.0,1.0,2.0,0.0,0.0196828860789537,0.0647738128900528,-1.0,-0.876177528873086,0.0
2624,2020,15509,8914,Salvador Ferrer,a,DR,334.0,0.0,1.0,1.0,2.0,0.0,0.0196828860789537,0.38648109138011927,0.0,-0.5544702503830194,1.0
2730,2020,15523,8914,Salvador Ferrer,h,DR,381.0,0.0,1.0,1.0,3.0,0.0,0.0196828860789537,0.38648109138011927,-0.5,-1.0544702503830194,-0.5
3051,2020,15529,8914,Salvador Ferrer,a,DR,471.0,0.0,1.0,1.0,3.0,0.0,0.0196828860789537,0.38648109138011927,-0.5,-1.0544702503830194,0.0
3522,2020,15543,8914,Salvador Ferrer,h,DR,517.0,0.0,1.0,1.0,4.0,0.0,0.0196828860789537,0.38648109138011927,-1.0,-1.5544702503830194,-0.5
5140,2020,15593,8914,Salvador Ferrer,h,Sub,607.0,0.0,1.0,1.0,4.0,0.0,0.0196828860789537,0.4458244964480399,-1.0,-1.4951268453150988,0.0
7576,2020,15677,8914,Salvador Ferrer,h,DR,614.0,0.0,1.0,1.0,4.0,0.0,0.0196828860789537,0.4458244964480399,-1.0,-1.4951268453150988,0.0
8279,2020,15698,8914,Salvador Ferrer,h,DR,704.0,0.0,1.0,2.0,4.0,0.0,0.0794501286000012,0.6571204289793967,-1.0,-1.1045291852205992,0.0
8659,2020,15713,8914,Salvador Ferrer,a,DR,794.0,0.0,1.0,2.0,4.0,0.0,0.0794501286000012,0.7150683179497717,-1.0,-1.0465812962502241,0.0
8856,2020,15719,8914,Salvador Ferrer,h,DR,884.0,0.0,1.0,2.0,4.0,0.0,0.0794501286000012,0.826177157461643,-1.0,-0.9354724567383528,0.0
9593,2020,15740,8914,Salvador Ferrer,h,DR,957.0,0.0,1.0,2.0,4.0,0.0,0.0794501286000012,0.8441788144409654,-1.0,-0.9174707997590303,0.0
10950,2020,15783,8914,Salvador Ferrer,a,DR,1003.0,0.0,1.0,2.0,4.0,0.0,0.0794501286000012,0.8441788144409654,-1.0,-0.9174707997590303,0.0
11027,2020,15795,8914,Salvador Ferrer,h,DR,1093.0,0.0,1.0,3.0,4.0,0.0,0.0967015083879231,0.9996822215616701,-1.0,-0.71021325327456,0.0
