,season,matchId,playerId,player,homeOrAway,position,time,goals,assists,shots,yellowCard,redCard,xG,xA,bonus,xB,lastBonus
391,2020,14129,1431,Sebastien De Maio,a,DC,0.0,0.0,0.0,0.0,0.0,0.0,0.0,0.0,0.0,0.0,0.0
561,2020,14134,1431,Sebastien De Maio,h,DC,80.0,0.0,0.0,1.0,0.0,0.0,0.0299143567681312,0.0,0.0,0.0897430703043937,0.0
684,2020,15449,1431,Sebastien De Maio,h,DC,170.0,0.0,0.0,1.0,0.0,0.0,0.0299143567681312,0.0,0.0,0.0897430703043937,0.0
1085,2020,15463,1431,Sebastien De Maio,h,DC,260.0,0.0,0.0,1.0,0.0,0.0,0.0299143567681312,0.0,0.0,0.0897430703043937,0.0
1410,2020,15469,1431,Sebastien De Maio,a,DC,350.0,0.0,0.0,2.0,0.0,0.0,0.0785079263150691,0.0,0.0,0.23552377894520748,0.0
1572,2020,15484,1431,Sebastien De Maio,h,DC,440.0,0.0,0.0,4.0,0.0,0.0,0.1561446003615855,0.0,0.0,0.4684338010847567,0.0
3794,2020,15548,1431,Sebastien De Maio,a,Sub,530.0,0.0,0.0,4.0,0.0,0.0,0.1561446003615855,0.0,0.0,0.4684338010847567,0.0
4523,2020,15572,1431,Sebastien De Maio,a,DC,531.0,0.0,0.0,4.0,0.0,0.0,0.1561446003615855,0.0,0.0,0.4684338010847567,0.0
5472,2020,15524,1431,Sebastien De Maio,h,Sub,597.0,0.0,0.0,4.0,0.0,0.0,0.1561446003615855,0.0,0.0,0.4684338010847567,0.0
5593,2020,15614,1431,Sebastien De Maio,h,Sub,598.0,0.0,0.0,4.0,0.0,0.0,0.1561446003615855,0.0,0.0,0.4684338010847567,0.0
5947,2020,15622,1431,Sebastien De Maio,a,Sub,624.0,0.0,0.0,4.0,0.0,0.0,0.1561446003615855,0.0,0.0,0.4684338010847567,0.0
7188,2020,15659,1431,Sebastien De Maio,h,Sub,625.0,0.0,0.0,4.0,1.0,0.0,0.1561446003615855,0.0,-0.5,-0.031566198915243315,-0.5
7609,2020,15684,1431,Sebastien De Maio,h,DC,626.0,0.0,0.0,4.0,1.0,0.0,0.1561446003615855,0.0,-0.5,-0.031566198915243315,0.0
8017,2020,15694,1431,Sebastien De Maio,a,DC,716.0,0.0,0.0,4.0,1.0,0.0,0.1561446003615855,0.0,-0.5,-0.031566198915243315,0.0
10392,2020,15767,1431,Sebastien De Maio,h,Sub,806.0,0.0,0.0,5.0,1.0,0.0,0.2212956883013247,0.0,-0.5,0.16388706490397428,0.0
