,season,matchId,playerId,player,homeOrAway,position,time,goals,assists,shots,yellowCard,redCard,xG,xA,bonus,xB,lastBonus
511,2020,14132,1306,Vincent Laurini,a,DR,0.0,0.0,0.0,0.0,0.0,0.0,0.0,0.0,0.0,0.0,0.0
808,2020,15453,1306,Vincent Laurini,h,DR,90.0,0.0,0.0,0.0,1.0,0.0,0.0,0.0,-0.5,-0.5,-0.5
1098,2020,15463,1306,Vincent Laurini,a,DR,155.0,0.0,0.0,0.0,1.0,0.0,0.0,0.0,-0.5,-0.5,0.0
2727,2020,15510,1306,Vincent Laurini,a,Sub,245.0,0.0,0.0,0.0,1.0,0.0,0.0,0.0,-0.5,-0.5,0.0
6883,2020,15654,1306,Vincent Laurini,h,Sub,317.0,0.0,0.0,0.0,1.0,0.0,0.0,0.0,-0.5,-0.5,0.0
7740,2020,15683,1306,Vincent Laurini,a,DR,327.0,0.0,0.0,0.0,1.0,0.0,0.0,0.0,-0.5,-0.5,0.0
8103,2020,15691,1306,Vincent Laurini,h,Sub,417.0,0.0,0.0,0.0,1.0,0.0,0.0,0.0,-0.5,-0.5,0.0
8600,2020,15710,1306,Vincent Laurini,a,DR,424.0,0.0,0.0,0.0,1.0,0.0,0.0,0.0,-0.5,-0.5,0.0
9270,2020,15731,1306,Vincent Laurini,a,DR,472.0,0.0,0.0,1.0,1.0,0.0,0.0123879788443446,0.0,-0.5,-0.4628360634669662,0.0
9638,2020,15742,1306,Vincent Laurini,a,DR,533.0,0.0,0.0,1.0,1.0,0.0,0.0123879788443446,0.0,-0.5,-0.4628360634669662,0.0
10365,2020,15763,1306,Vincent Laurini,a,DR,623.0,0.0,0.0,1.0,1.0,0.0,0.0123879788443446,0.0,-0.5,-0.4628360634669662,0.0
10903,2020,15781,1306,Vincent Laurini,a,Sub,700.0,0.0,0.0,1.0,1.0,0.0,0.0123879788443446,0.0407537221908569,-0.5,-0.42208234127610933,0.0
11211,2020,15794,1306,Vincent Laurini,h,DMR,725.0,0.0,0.0,1.0,1.0,0.0,0.0123879788443446,0.0407537221908569,-0.5,-0.42208234127610933,0.0
11413,2020,15802,1306,Vincent Laurini,a,DMR,803.0,0.0,0.0,2.0,1.0,0.0,0.2992831645533442,0.0407537221908569,-0.5,0.43860321585088957,0.0
