,season,matchId,playerId,player,homeOrAway,position,time,goals,assists,shots,yellowCard,redCard,xG,xA,bonus,xB,lastBonus
34,2020,14117,8007,Yildirim Mert Cetin,h,DC,0.0,0.0,0.0,0.0,0.0,0.0,0.0,0.0,0.0,0.0,0.0
378,2020,14129,8007,Yildirim Mert Cetin,h,DC,90.0,0.0,0.0,0.0,0.0,0.0,0.0,0.0,0.0,0.0,0.0
823,2020,15453,8007,Yildirim Mert Cetin,a,DC,180.0,0.0,0.0,1.0,0.0,0.0,0.0224835146218538,0.0,0.0,0.0674505438655614,0.0
2116,2020,15492,8007,Yildirim Mert Cetin,a,Sub,268.0,0.0,0.0,1.0,0.0,0.0,0.0224835146218538,0.0,0.0,0.0674505438655614,0.0
6689,2020,15643,8007,Yildirim Mert Cetin,h,DC,285.0,0.0,0.0,1.0,0.0,0.0,0.0224835146218538,0.0,0.0,0.0674505438655614,0.0
6838,2020,15655,8007,Yildirim Mert Cetin,a,Sub,375.0,0.0,0.0,1.0,0.0,0.0,0.0224835146218538,0.0,0.0,0.0674505438655614,0.0
