,season,matchId,playerId,player,homeOrAway,position,time,goals,assists,shots,yellowCard,redCard,xG,xA,bonus,xB,lastBonus
6094,2014,4935,3818,Alassane Tambe,a,Sub,0.0,0.0,0.0,0.0,0.0,0.0,0.0,0.0,0.0,0.0,0.0
8331,2014,4850,3818,Alassane Tambe,h,MR,11.0,0.0,0.0,0.0,0.0,0.0,0.0,0.0,0.0,0.0,0.0
9262,2014,4781,3818,Alassane Tambe,a,DL,73.0,0.0,0.0,1.0,0.0,0.0,0.179180696606636,0.0,0.0,0.5375420898199081,0.0
9883,2014,4803,3818,Alassane Tambe,a,Sub,119.0,0.0,0.0,1.0,0.0,0.0,0.179180696606636,0.0,0.0,0.5375420898199081,0.0
10065,2014,4810,3818,Alassane Tambe,h,Sub,120.0,0.0,0.0,1.0,0.0,0.0,0.179180696606636,0.0,0.0,0.5375420898199081,0.0
10499,2014,4825,3818,Alassane Tambe,a,Sub,121.0,0.0,0.0,1.0,0.0,0.0,0.179180696606636,0.0,0.0,0.5375420898199081,0.0
