,season,matchId,playerId,player,homeOrAway,position,time,goals,assists,shots,yellowCard,redCard,xG,xA,bonus,xB,lastBonus
914,2014,5137,1330,Alessandro Gamberini,a,DC,0.0,0.0,0.0,0.0,0.0,0.0,0.0,0.0,0.0,0.0,0.0
2431,2014,5043,1330,Alessandro Gamberini,h,DC,61.0,0.0,0.0,0.0,0.0,0.0,0.0,0.0,0.0,0.0,0.0
2676,2014,5053,1330,Alessandro Gamberini,a,DC,151.0,0.0,0.0,1.0,1.0,0.0,0.0626501366496086,0.0,0.0,-0.3120495900511741,0.0
2847,2014,5061,1330,Alessandro Gamberini,h,DC,241.0,0.0,0.0,1.0,1.0,0.0,0.0626501366496086,0.0,0.0,-0.3120495900511741,0.0
3253,2014,5008,1330,Alessandro Gamberini,a,DC,331.0,0.0,0.0,2.0,1.0,0.0,0.12463491410017011,0.0,0.0,-0.12609525769948962,0.0
3498,2014,5019,1330,Alessandro Gamberini,h,DC,421.0,0.0,0.0,2.0,1.0,0.0,0.12463491410017011,0.0,0.0,-0.12609525769948962,0.0
3625,2014,5024,1330,Alessandro Gamberini,a,DC,511.0,0.0,0.0,3.0,1.0,0.0,0.17031804472208012,0.0650169849395752,0.0,0.07597111910581578,0.0
4077,2014,4970,1330,Alessandro Gamberini,a,Sub,586.0,0.0,0.0,3.0,1.0,0.0,0.17031804472208012,0.0650169849395752,0.0,0.07597111910581578,0.0
4332,2014,4982,1330,Alessandro Gamberini,h,DC,628.0,0.0,0.0,3.0,1.0,0.0,0.17031804472208012,0.0650169849395752,0.0,0.07597111910581578,0.0
4579,2014,4992,1330,Alessandro Gamberini,a,DC,718.0,0.0,0.0,3.0,1.0,0.0,0.17031804472208012,0.0650169849395752,0.0,0.07597111910581578,0.0
4802,2014,4922,1330,Alessandro Gamberini,h,DC,808.0,0.0,0.0,4.0,1.0,0.0,0.2398490980267523,0.0650169849395752,0.0,0.2845642790198325,0.0
5142,2014,4936,1330,Alessandro Gamberini,a,DC,898.0,0.0,0.0,5.0,1.0,0.0,0.3534502014517782,0.0650169849395752,0.0,0.6253675892949103,0.0
5442,2014,4949,1330,Alessandro Gamberini,a,DC,988.0,0.0,0.0,6.0,1.0,0.0,0.4064572341740129,0.0650169849395752,0.0,0.7843886874616144,0.0
6101,2014,4901,1330,Alessandro Gamberini,a,Sub,1078.0,0.0,0.0,6.0,1.0,0.0,0.4064572341740129,0.0650169849395752,0.0,0.7843886874616144,0.0
6679,2014,4836,1330,Alessandro Gamberini,a,DC,1099.0,0.0,0.0,6.0,1.0,0.0,0.4064572341740129,0.0650169849395752,0.0,0.7843886874616144,0.0
7603,2014,4876,1330,Alessandro Gamberini,h,DC,1189.0,0.0,0.0,6.0,2.0,0.0,0.4064572341740129,0.1186803169548511,0.0,0.3380520194768904,0.0
7819,2014,4782,1330,Alessandro Gamberini,a,Sub,1258.0,0.0,0.0,6.0,2.0,0.0,0.4064572341740129,0.1186803169548511,0.0,0.3380520194768904,0.0
8358,2014,4805,1330,Alessandro Gamberini,a,DC,1290.0,0.0,0.0,6.0,2.0,0.0,0.4064572341740129,0.1186803169548511,0.0,0.3380520194768904,0.0
