,season,matchId,playerId,player,homeOrAway,position,time,goals,assists,shots,yellowCard,redCard,xG,xA,bonus,xB,lastBonus
3525,2014,5066,3857,Andrea Tabanelli,h,Sub,0.0,0.0,0.0,0.0,0.0,0.0,0.0,0.0,0.0,0.0,0.0
3820,2014,5006,3857,Andrea Tabanelli,a,Sub,35.0,0.0,0.0,3.0,0.0,0.0,0.1037885546684265,0.0,0.0,0.3113656640052795,0.0
4084,2014,5016,3857,Andrea Tabanelli,h,Sub,40.0,0.0,0.0,4.0,0.0,0.0,0.1272077243775129,0.0,0.0,0.3816231731325387,0.0
9617,2014,4794,3857,Andrea Tabanelli,h,Sub,55.0,0.0,0.0,4.0,0.0,0.0,0.1272077243775129,0.0,0.0,0.3816231731325387,0.0
10019,2014,4808,3857,Andrea Tabanelli,a,AMR,76.0,0.0,0.0,7.0,0.0,0.0,0.5931497197598218,0.0,0.0,1.7794491592794657,0.0
10145,2014,4813,3857,Andrea Tabanelli,h,AMR,135.0,0.0,1.0,7.0,0.0,0.0,0.5931497197598218,0.0217561200261116,1.0,1.8012052793055773,1.0
10553,2014,4827,3857,Andrea Tabanelli,a,AML,209.0,0.0,1.0,9.0,0.0,0.0,0.6335084568709134,0.0217561200261116,1.0,1.9222814906388521,0.0
