,season,matchId,playerId,player,homeOrAway,position,time,goals,assists,shots,yellowCard,redCard,xG,xA,bonus,xB,lastBonus
6044,2014,4899,1286,Andrea Barzagli,a,DC,0.0,0.0,0.0,0.0,0.0,0.0,0.0,0.0,0.0,0.0,0.0
6342,2014,4912,1286,Andrea Barzagli,h,DC,90.0,0.0,0.0,0.0,1.0,0.0,0.0,0.0,0.0,-0.5,0.0
6715,2014,4838,1286,Andrea Barzagli,h,DC,180.0,0.0,0.0,0.0,1.0,0.0,0.0,0.0,0.0,-0.5,0.0
7039,2014,4852,1286,Andrea Barzagli,h,DC,270.0,0.0,0.0,0.0,2.0,0.0,0.0,0.0,0.0,-1.0,0.0
7629,2014,4877,1286,Andrea Barzagli,h,DC,360.0,0.0,0.0,0.0,2.0,0.0,0.0,0.0280436351895332,0.0,-0.9719563648104668,0.0
7736,2014,4779,1286,Andrea Barzagli,a,DC,450.0,0.0,0.0,0.0,2.0,0.0,0.0,0.0280436351895332,0.0,-0.9719563648104668,0.0
7964,2014,4789,1286,Andrea Barzagli,h,DC,540.0,0.0,0.0,0.0,2.0,0.0,0.0,0.0280436351895332,0.0,-0.9719563648104668,0.0
8219,2014,4799,1286,Andrea Barzagli,a,DC,630.0,0.0,0.0,0.0,2.0,0.0,0.0,0.0280436351895332,0.0,-0.9719563648104668,0.0
8437,2014,4809,1286,Andrea Barzagli,h,DC,720.0,0.0,0.0,0.0,2.0,0.0,0.0,0.0488687381148337,0.0,-0.9511312618851663,0.0
