,season,matchId,playerId,player,homeOrAway,position,time,goals,assists,shots,yellowCard,redCard,xG,xA,bonus,xB,lastBonus
1507,2014,5072,1096,Armando Izzo,a,Sub,0.0,0.0,0.0,0.0,0.0,0.0,0.0,0.0,0.0,0.0,0.0
2872,2014,5042,1096,Armando Izzo,a,Sub,29.0,0.0,0.0,0.0,0.0,0.0,0.0,0.0,0.0,0.0,0.0
3530,2014,5066,1096,Armando Izzo,a,DC,35.0,0.0,0.0,0.0,0.0,0.0,0.0,0.0,0.0,0.0,0.0
3768,2014,5005,1096,Armando Izzo,h,DC,124.0,0.0,0.0,0.0,0.0,0.0,0.0,0.0,0.0,0.0,0.0
4432,2014,5028,1096,Armando Izzo,a,Sub,208.0,0.0,0.0,0.0,0.0,0.0,0.0,0.0,0.0,0.0,0.0
4808,2014,4969,1096,Armando Izzo,a,DC,236.0,0.0,0.0,0.0,0.0,0.0,0.0,0.0,0.0,0.0,0.0
5128,2014,4981,1096,Armando Izzo,h,DC,326.0,1.0,0.0,1.0,0.0,0.0,0.7726109623908997,0.0,3.0,2.317832887172699,3.0
5582,2014,4997,1096,Armando Izzo,h,Sub,416.0,1.0,0.0,1.0,0.0,0.0,0.7726109623908997,0.0,3.0,2.317832887172699,0.0
6083,2014,4935,1096,Armando Izzo,a,DC,417.0,1.0,0.0,1.0,0.0,0.0,0.7726109623908997,0.5274609923362732,3.0,2.845293879508972,0.0
6236,2014,4941,1096,Armando Izzo,h,DC,507.0,1.0,0.0,1.0,0.0,0.0,0.7726109623908997,0.6243287101387976,3.0,2.9421615973114967,0.0
6650,2014,4955,1096,Armando Izzo,a,Sub,597.0,1.0,0.0,1.0,0.0,0.0,0.7726109623908997,0.6243287101387976,3.0,2.9421615973114967,0.0
7041,2014,4893,1096,Armando Izzo,a,Sub,599.0,1.0,0.0,1.0,0.0,0.0,0.7726109623908997,0.6243287101387976,3.0,2.9421615973114967,0.0
8509,2014,4856,1096,Armando Izzo,a,DC,617.0,1.0,0.0,1.0,0.0,0.0,0.7726109623908997,0.6243287101387976,3.0,2.9421615973114967,0.0
8784,2014,4866,1096,Armando Izzo,h,Sub,707.0,1.0,0.0,1.0,0.0,0.0,0.7726109623908997,0.754350073635578,3.0,3.072182960808277,0.0
9120,2014,4878,1096,Armando Izzo,a,DC,714.0,1.0,0.0,1.0,0.0,0.0,0.7726109623908997,0.754350073635578,3.0,3.072182960808277,0.0
9261,2014,4781,1096,Armando Izzo,a,DC,804.0,1.0,0.0,1.0,0.0,0.0,0.7726109623908997,0.7812579050660131,3.0,3.0990907922387123,0.0
9730,2014,4798,1096,Armando Izzo,h,Sub,894.0,1.0,0.0,1.0,1.0,0.0,0.7726109623908997,0.7812579050660131,2.5,2.5990907922387123,-0.5
9875,2014,4803,1096,Armando Izzo,a,DC,898.0,1.0,0.0,1.0,1.0,0.0,0.7726109623908997,0.7812579050660131,2.5,2.5990907922387123,0.0
10067,2014,4810,1096,Armando Izzo,h,Sub,988.0,1.0,0.0,1.0,2.0,0.0,0.7726109623908997,0.7812579050660131,2.0,2.0990907922387123,-0.5
10491,2014,4825,1096,Armando Izzo,a,DC,995.0,1.0,0.0,1.0,2.0,0.0,0.7726109623908997,0.7812579050660131,2.0,2.0990907922387123,0.0
