,season,matchId,playerId,player,homeOrAway,position,time,goals,assists,shots,yellowCard,redCard,xG,xA,bonus,xB,lastBonus
1856,2014,5085,3915,Caio,h,Sub,0.0,0.0,0.0,0.0,0.0,0.0,0.0,0.0,0.0,0.0,0.0
3204,2014,5054,3915,Caio,a,Sub,21.0,0.0,0.0,1.0,0.0,0.0,0.0258693564683198,0.0156989712268114,0.0,0.093307040631771,0.0
4041,2014,5014,3915,Caio,a,Sub,22.0,0.0,0.0,1.0,0.0,0.0,0.0258693564683198,0.0156989712268114,0.0,0.093307040631771,0.0
4195,2014,5020,3915,Caio,h,Sub,42.0,0.0,0.0,2.0,0.0,0.0,0.0562120229005812,0.0156989712268114,0.0,0.1843350399285554,0.0
4859,2014,4971,3915,Caio,h,Sub,57.0,0.0,0.0,3.0,0.0,0.0,0.099685203284025,0.0156989712268114,0.0,0.3147545810788869,0.0
7223,2014,4900,3915,Caio,h,Sub,78.0,0.0,0.0,5.0,0.0,0.0,0.5831817202270029,0.1012668553739786,0.0,1.850812016054988,0.0
