,season,matchId,playerId,player,homeOrAway,position,time,goals,assists,shots,yellowCard,redCard,xG,xA,bonus,xB,lastBonus
974,2014,5133,3889,Constantin Nica,a,Sub,0.0,0.0,0.0,0.0,0.0,0.0,0.0,0.0,0.0,0.0,0.0
3247,2014,5056,3889,Constantin Nica,h,Sub,13.0,0.0,0.0,0.0,0.0,0.0,0.0,0.0,0.0,0.0,0.0
4075,2014,5016,3889,Constantin Nica,h,DMR,28.0,0.0,0.0,0.0,0.0,0.0,0.0,0.0,0.0,0.0,0.0
6384,2014,4946,3889,Constantin Nica,h,Sub,92.0,0.0,0.0,1.0,0.0,0.0,0.0133158806711435,0.0,0.0,0.0399476420134305,0.0
6444,2014,4948,3889,Constantin Nica,a,DR,122.0,0.0,0.0,2.0,1.0,0.0,0.028761818073689903,0.0993716418743133,-0.5,-0.3143429039046169,-0.5
6775,2014,4884,3889,Constantin Nica,h,Sub,191.0,0.0,0.0,2.0,2.0,0.0,0.028761818073689903,0.0993716418743133,-1.0,-0.8143429039046168,-0.5
8786,2014,4866,3889,Constantin Nica,a,DR,192.0,0.0,0.0,2.0,2.0,0.0,0.028761818073689903,0.0993716418743133,-1.0,-0.8143429039046168,0.0
10545,2014,4827,3889,Constantin Nica,a,DR,282.0,0.0,0.0,3.0,2.0,0.0,0.0421616081148385,0.0993716418743133,-1.0,-0.774143533781171,0.0
