,season,matchId,playerId,player,homeOrAway,position,time,goals,assists,shots,yellowCard,redCard,xG,xA,bonus,xB,lastBonus
2742,2014,5056,3889,Constantin Nica,h,Sub,0.0,0.0,0.0,0.0,0.0,0.0,0.0,0.0,0.0,0.0,0.0
3431,2014,5016,3889,Constantin Nica,h,DMR,15.0,0.0,0.0,0.0,0.0,0.0,0.0,0.0,0.0,0.0,0.0
5370,2014,4946,3889,Constantin Nica,h,Sub,79.0,0.0,0.0,1.0,0.0,0.0,0.0133158806711435,0.0,0.0,0.0399476420134305,0.0
5417,2014,4948,3889,Constantin Nica,a,DR,109.0,0.0,0.0,2.0,1.0,0.0,0.028761818073689903,0.0993716418743133,0.0,-0.3143429039046169,0.0
7382,2014,4866,3889,Constantin Nica,a,DR,178.0,0.0,0.0,2.0,2.0,0.0,0.028761818073689903,0.0993716418743133,0.0,-0.8143429039046168,0.0
8866,2014,4827,3889,Constantin Nica,a,DR,268.0,0.0,0.0,3.0,2.0,0.0,0.0421616081148385,0.0993716418743133,0.0,-0.774143533781171,0.0
