,season,matchId,playerId,player,homeOrAway,position,time,goals,assists,shots,yellowCard,redCard,xG,xA,bonus,xB,lastBonus
402,2014,5115,1499,Cristian Raimondi,a,Sub,0.0,0.0,0.0,0.0,0.0,0.0,0.0,0.0,0.0,0.0,0.0
2016,2014,5104,1499,Cristian Raimondi,h,MR,39.0,0.0,0.0,0.0,0.0,0.0,0.0,0.0,0.0,0.0,0.0
2378,2014,5040,1499,Cristian Raimondi,a,MR,116.0,0.0,1.0,0.0,1.0,0.0,0.0,0.6004684567451477,1.0,0.1004684567451477,1.0
2597,2014,5050,1499,Cristian Raimondi,h,MR,206.0,0.0,1.0,2.0,1.0,0.0,0.0675876140594482,0.6275638006627559,1.0,0.3303266428411007,0.0
