,season,matchId,playerId,player,homeOrAway,position,time,goals,assists,shots,yellowCard,redCard,xG,xA,bonus,xB,lastBonus
86,2014,5152,1133,Cristian Zapata,h,DC,0.0,0.0,0.0,0.0,0.0,0.0,0.0,0.0,0.0,0.0,0.0
528,2014,5117,1133,Cristian Zapata,a,Sub,90.0,0.0,0.0,0.0,0.0,0.0,0.0,0.0,0.0,0.0,0.0
588,2014,5120,1133,Cristian Zapata,h,DC,118.0,0.0,0.0,0.0,0.0,0.0,0.0,0.0,0.0,0.0,0.0
853,2014,5129,1133,Cristian Zapata,a,DC,208.0,0.0,0.0,1.0,0.0,0.0,0.0186628066003322,0.0,0.0,0.0559884198009967,0.0
1244,2014,5143,1133,Cristian Zapata,a,DC,298.0,0.0,0.0,2.0,1.0,0.0,0.0354763753712176,0.0,-0.5,-0.39357087388634693,-0.5
2209,2014,5098,1133,Cristian Zapata,h,DC,371.0,0.0,0.0,2.0,1.0,1.0,0.0354763753712176,0.0,-1.0,-0.8935708738863469,-0.5
2717,2014,5037,1133,Cristian Zapata,h,Sub,461.0,0.0,1.0,2.0,1.0,1.0,0.0354763753712176,0.3727211952209472,0.0,-0.5208496786653998,1.0
3292,2014,5058,1133,Cristian Zapata,h,DC,549.0,0.0,1.0,2.0,1.0,1.0,0.0354763753712176,0.3727211952209472,0.0,-0.5208496786653998,0.0
4112,2014,5017,1133,Cristian Zapata,h,Sub,639.0,0.0,1.0,2.0,1.0,1.0,0.0354763753712176,0.3727211952209472,0.0,-0.5208496786653998,0.0
4282,2014,5023,1133,Cristian Zapata,a,DC,663.0,0.0,1.0,2.0,1.0,1.0,0.0354763753712176,0.3727211952209472,0.0,-0.5208496786653998,0.0
4520,2014,4959,1133,Cristian Zapata,h,DC,753.0,0.0,1.0,2.0,1.0,1.0,0.0354763753712176,0.3891385290771722,0.0,-0.5044323448091748,0.0
10263,2014,4817,1133,Cristian Zapata,h,Sub,843.0,0.0,1.0,2.0,1.0,1.0,0.0354763753712176,0.3891385290771722,0.0,-0.5044323448091748,0.0
