,season,matchId,playerId,player,homeOrAway,position,time,goals,assists,shots,yellowCard,redCard,xG,xA,bonus,xB,lastBonus
247,2014,5109,4012,Davide Moro,h,Sub,0.0,0.0,0.0,0.0,0.0,0.0,0.0,0.0,0.0,0.0,0.0
496,2014,5119,4012,Davide Moro,a,Sub,28.0,0.0,0.0,1.0,0.0,0.0,0.0124168032780289,0.0,0.0,0.0372504098340868,0.0
1245,2014,5071,4012,Davide Moro,h,Sub,45.0,0.0,0.0,1.0,0.0,0.0,0.0124168032780289,0.0,0.0,0.0372504098340868,0.0
1674,2014,5089,4012,Davide Moro,h,Sub,68.0,0.0,0.0,1.0,0.0,0.0,0.0124168032780289,0.0,0.0,0.0372504098340868,0.0
