,season,matchId,playerId,player,homeOrAway,position,time,goals,assists,shots,yellowCard,redCard,xG,xA,bonus,xB,lastBonus
1053,2014,5143,3865,Davide Succi,h,FW,0.0,0.0,0.0,0.0,0.0,0.0,0.0,0.0,0.0,0.0,0.0
2009,2014,5103,3865,Davide Succi,a,FW,62.0,1.0,0.0,1.0,0.0,0.0,0.7624785900115967,0.0,3.0,2.28743577003479,3.0
6837,2014,4843,3865,Davide Succi,h,Sub,114.0,1.0,0.0,2.0,0.0,0.0,0.8031719103455542,0.0,3.0,2.409515731036663,0.0
7035,2014,4851,3865,Davide Succi,a,FW,137.0,1.0,0.0,3.0,0.0,0.0,0.8219283577054738,0.0,3.0,2.4657850731164217,0.0
7588,2014,4875,3865,Davide Succi,h,FW,227.0,1.0,0.0,3.0,0.0,0.0,0.8219283577054738,0.0,3.0,2.4657850731164217,0.0
