,season,matchId,playerId,player,homeOrAway,position,time,goals,assists,shots,yellowCard,redCard,xG,xA,bonus,xB,lastBonus
2913,2014,5044,1100,Diego Laxalt,h,Sub,0.0,0.0,0.0,0.0,0.0,0.0,0.0,0.0,0.0,0.0,0.0
3232,2014,5055,1100,Diego Laxalt,a,Sub,30.0,0.0,0.0,0.0,0.0,0.0,0.0,0.0,0.0,0.0,0.0
3413,2014,5062,1100,Diego Laxalt,h,Sub,45.0,0.0,0.0,0.0,0.0,0.0,0.0,0.0,0.0,0.0,0.0
3734,2014,5003,1100,Diego Laxalt,a,Sub,60.0,0.0,0.0,0.0,0.0,0.0,0.0,0.0,0.0,0.0,0.0
6247,2014,4941,1100,Diego Laxalt,h,Sub,88.0,0.0,0.0,1.0,1.0,0.0,0.0172957833856344,0.0,-0.5,-0.4481126498430967,-0.5
7571,2014,4912,1100,Diego Laxalt,a,Sub,111.0,0.0,1.0,1.0,2.0,0.0,0.0172957833856344,0.1306361705064773,0.0,-0.8174764793366193,0.5
8059,2014,4840,1100,Diego Laxalt,h,Sub,135.0,0.0,1.0,1.0,2.0,0.0,0.0172957833856344,0.1306361705064773,0.0,-0.8174764793366193,0.0
8518,2014,4856,1100,Diego Laxalt,a,Sub,139.0,0.0,1.0,2.0,2.0,0.0,0.1250524278730153,0.1306361705064773,0.0,-0.4942065458744764,0.0
8782,2014,4866,1100,Diego Laxalt,h,Sub,183.0,0.0,1.0,2.0,2.0,0.0,0.1250524278730153,0.1306361705064773,0.0,-0.4942065458744764,0.0
9266,2014,4781,1100,Diego Laxalt,a,FWR,203.0,0.0,1.0,2.0,2.0,0.0,0.1250524278730153,0.1306361705064773,0.0,-0.4942065458744764,0.0
10066,2014,4810,1100,Diego Laxalt,h,Sub,262.0,0.0,1.0,2.0,3.0,0.0,0.1250524278730153,0.1306361705064773,-0.5,-0.9942065458744764,-0.5
10500,2014,4825,1100,Diego Laxalt,a,Sub,275.0,0.0,1.0,2.0,3.0,0.0,0.1250524278730153,0.1306361705064773,-0.5,-0.9942065458744764,0.0
