,season,matchId,playerId,player,homeOrAway,position,time,goals,assists,shots,yellowCard,redCard,xG,xA,bonus,xB,lastBonus
1091,2014,5138,3922,Diego Novaretti,h,DC,0.0,0.0,0.0,0.0,0.0,0.0,0.0,0.0,0.0,0.0,0.0
1758,2014,5081,3922,Diego Novaretti,a,Sub,90.0,0.0,0.0,0.0,1.0,0.0,0.0,0.0190129708498716,-0.5,-0.4809870291501283,-0.5
7139,2014,4897,3922,Diego Novaretti,h,Sub,110.0,0.0,0.0,1.0,1.0,0.0,0.0287708304822444,0.0190129708498716,-0.5,-0.3946745377033949,0.0
8171,2014,4844,3922,Diego Novaretti,h,Sub,151.0,0.0,0.0,2.0,1.0,0.0,0.0858270451426505,0.0190129708498716,-0.5,-0.22350589372217658,0.0
8801,2014,4867,3922,Diego Novaretti,h,DC,173.0,0.0,0.0,2.0,1.0,1.0,0.0858270451426505,0.0190129708498716,-1.0,-0.7235058937221766,-0.5
