,season,matchId,playerId,player,homeOrAway,position,time,goals,assists,shots,yellowCard,redCard,xG,xA,bonus,xB,lastBonus
2773,2014,5039,3923,Ederson,h,Sub,0.0,0.0,0.0,0.0,0.0,0.0,0.0,0.0,0.0,0.0,0.0
2927,2014,5044,3923,Ederson,a,Sub,2.0,1.0,0.0,1.0,0.0,0.0,0.6180200576782227,0.0,3.0,1.854060173034668,3.0
7405,2014,4906,3923,Ederson,a,Sub,50.0,1.0,0.0,1.0,1.0,0.0,0.6180200576782227,0.0,2.5,1.354060173034668,-0.5
8811,2014,4867,3923,Ederson,h,Sub,60.0,1.0,0.0,1.0,1.0,0.0,0.6180200576782227,0.0,2.5,1.354060173034668,0.0
