,season,matchId,playerId,player,homeOrAway,position,time,goals,assists,shots,yellowCard,redCard,xG,xA,bonus,xB,lastBonus
308,2014,5112,1882,Edson Braafheid,h,DL,0.0,0.0,0.0,0.0,0.0,0.0,0.0,0.0,0.0,0.0,0.0
559,2014,5122,1882,Edson Braafheid,a,DL,90.0,0.0,1.0,1.0,1.0,0.0,0.0141687737777829,0.3838982880115509,1.0,-0.0735953906551003,1.0
928,2014,5138,1882,Edson Braafheid,h,DL,180.0,0.0,1.0,1.0,1.0,0.0,0.0141687737777829,1.0451076328754425,1.0,0.5876139542087913,0.0
1180,2014,5148,1882,Edson Braafheid,a,DL,260.0,0.0,1.0,2.0,1.0,0.0,0.0482808882370591,1.1569188833236694,1.0,0.8017615480348468,0.0
1334,2014,5075,1882,Edson Braafheid,h,DL,339.0,0.0,1.0,3.0,1.0,0.0,0.0687695601955056,1.1569188833236694,1.0,0.8632275639101863,0.0
2343,2014,5039,1882,Edson Braafheid,h,DL,429.0,0.0,1.0,3.0,1.0,0.0,0.0687695601955056,1.2010784596204758,1.0,0.9073871402069926,0.0
2469,2014,5044,1882,Edson Braafheid,a,DL,519.0,0.0,1.0,3.0,1.0,0.0,0.0687695601955056,1.2010784596204758,1.0,0.9073871402069926,0.0
2621,2014,5051,1882,Edson Braafheid,h,DL,579.0,0.0,1.0,3.0,1.0,0.0,0.0687695601955056,1.2010784596204758,1.0,0.9073871402069926,0.0
2860,2014,5061,1882,Edson Braafheid,a,DL,669.0,0.0,1.0,5.0,1.0,0.0,0.12471010256558651,1.2727708294987679,1.0,1.1469011371955276,0.0
3161,2014,5004,1882,Edson Braafheid,a,DL,759.0,0.0,1.0,6.0,1.0,0.0,0.13918011263012872,1.2964444514364004,1.0,1.213984789326787,0.0
6563,2014,4831,1882,Edson Braafheid,a,DL,796.0,0.0,1.0,8.0,1.0,0.0,0.20072394981980302,1.2964444514364004,1.0,1.3986163008958101,0.0
7051,2014,4852,1882,Edson Braafheid,a,DL,886.0,0.0,1.0,8.0,1.0,0.0,0.20072394981980302,1.2964444514364004,1.0,1.3986163008958101,0.0
7543,2014,4873,1882,Edson Braafheid,h,Sub,937.0,0.0,1.0,9.0,1.0,0.0,0.2161065088585016,1.2964444514364004,1.0,1.4447639780119061,0.0
7866,2014,4784,1882,Edson Braafheid,a,Sub,954.0,0.0,1.0,9.0,1.0,0.0,0.2161065088585016,1.2964444514364004,1.0,1.4447639780119061,0.0
8169,2014,4797,1882,Edson Braafheid,h,Sub,975.0,0.0,1.0,9.0,1.0,0.0,0.2161065088585016,1.2964444514364004,1.0,1.4447639780119061,0.0
