,season,matchId,playerId,player,homeOrAway,position,time,goals,assists,shots,yellowCard,redCard,xG,xA,bonus,xB,lastBonus
2640,2014,5051,1546,Federico Mattiello,a,Sub,0.0,0.0,0.0,0.0,0.0,0.0,0.0,0.0,0.0,0.0,0.0
5347,2014,4945,1546,Federico Mattiello,h,Sub,17.0,0.0,0.0,1.0,0.0,0.0,0.090080089867115,0.0,0.0,0.270240269601345,0.0
5592,2014,4956,1546,Federico Mattiello,h,DR,39.0,0.0,0.0,1.0,0.0,0.0,0.090080089867115,0.0,0.0,0.270240269601345,0.0
5869,2014,4892,1546,Federico Mattiello,h,DR,129.0,0.0,0.0,4.0,0.0,0.0,0.1618424504995345,0.0361972600221633,0.0,0.5217246115207671,0.0
