,season,matchId,playerId,player,homeOrAway,position,time,goals,assists,shots,yellowCard,redCard,xG,xA,bonus,xB,lastBonus
2940,2014,5045,1546,Federico Mattiello,h,Sub,0.0,0.0,0.0,0.0,0.0,0.0,0.0,0.0,0.0,0.0,0.0
3123,2014,5051,1546,Federico Mattiello,a,Sub,8.0,0.0,0.0,0.0,0.0,0.0,0.0,0.0,0.0,0.0,0.0
6359,2014,4945,1546,Federico Mattiello,h,Sub,25.0,0.0,0.0,1.0,0.0,0.0,0.090080089867115,0.0,0.0,0.270240269601345,0.0
6654,2014,4956,1546,Federico Mattiello,h,DR,47.0,0.0,0.0,1.0,0.0,0.0,0.090080089867115,0.0,0.0,0.270240269601345,0.0
6988,2014,4892,1546,Federico Mattiello,h,DR,137.0,0.0,0.0,4.0,0.0,0.0,0.1618424504995345,0.0361972600221633,0.0,0.5217246115207671,0.0
