,season,matchId,playerId,player,homeOrAway,position,time,goals,assists,shots,yellowCard,redCard,xG,xA,bonus,xB,lastBonus
364,2014,5114,1424,Federico Bernardeschi,h,Sub,0.0,0.0,0.0,0.0,0.0,0.0,0.0,0.0,0.0,0.0,0.0
746,2014,5130,1424,Federico Bernardeschi,h,Sub,33.0,0.0,0.0,1.0,0.0,0.0,0.5416704416275024,0.0,0.0,1.625011324882507,0.0
1388,2014,5077,1424,Federico Bernardeschi,h,Sub,54.0,0.0,0.0,1.0,1.0,0.0,0.5416704416275024,0.0,0.0,1.125011324882507,0.0
8152,2014,4796,1424,Federico Bernardeschi,a,FWR,79.0,0.0,0.0,1.0,1.0,0.0,0.5416704416275024,0.0,0.0,1.125011324882507,0.0
8887,2014,4828,1424,Federico Bernardeschi,h,Sub,125.0,0.0,0.0,2.0,1.0,0.0,0.5643362402915955,0.0,0.0,1.1930087208747862,0.0
