,season,matchId,playerId,player,homeOrAway,position,time,goals,assists,shots,yellowCard,redCard,xG,xA,bonus,xB,lastBonus
4871,2014,4924,3895,Fernandinho,a,Sub,0.0,0.0,0.0,0.0,0.0,0.0,0.0,0.0,0.0,0.0,0.0
8332,2014,4804,3895,Fernandinho,h,Sub,19.0,0.0,0.0,1.0,0.0,0.0,0.0236349813640117,0.0,0.0,0.0709049440920353,0.0
8522,2014,4812,3895,Fernandinho,a,FWL,72.0,0.0,0.0,1.0,1.0,0.0,0.0236349813640117,0.1479786187410354,0.0,-0.2811164371669292,0.0
