,season,matchId,playerId,player,homeOrAway,position,time,goals,assists,shots,yellowCard,redCard,xG,xA,bonus,xB,lastBonus
3781,2014,4958,1920,Gabriel Silva,h,DML,0.0,0.0,0.0,0.0,0.0,0.0,0.0,0.0,0.0,0.0,0.0
4000,2014,4967,1920,Gabriel Silva,a,DML,70.0,0.0,0.0,1.0,0.0,0.0,0.4765743017196655,0.0146097177639603,0.0,1.444332622922957,0.0
4407,2014,4985,1920,Gabriel Silva,h,DML,117.0,0.0,0.0,1.0,0.0,0.0,0.4765743017196655,0.0146097177639603,0.0,1.444332622922957,0.0
4759,2014,4920,1920,Gabriel Silva,h,DML,207.0,0.0,0.0,4.0,0.0,0.0,0.5717561393976212,0.0146097177639603,0.0,1.7298781359568238,0.0
5318,2014,4944,1920,Gabriel Silva,h,ML,273.0,0.0,0.0,5.0,0.0,0.0,0.5976839791983366,0.0146097177639603,0.0,1.8076616553589702,0.0
5950,2014,4895,1920,Gabriel Silva,h,Sub,326.0,0.0,0.0,5.0,0.0,0.0,0.5976839791983366,0.0146097177639603,0.0,1.8076616553589702,0.0
6436,2014,4916,1920,Gabriel Silva,h,DML,369.0,0.0,0.0,5.0,0.0,0.0,0.5976839791983366,0.0146097177639603,0.0,1.8076616553589702,0.0
6634,2014,4834,1920,Gabriel Silva,a,DML,426.0,0.0,0.0,5.0,0.0,0.0,0.5976839791983366,0.0146097177639603,0.0,1.8076616553589702,0.0
6903,2014,4846,1920,Gabriel Silva,h,DML,516.0,0.0,0.0,5.0,0.0,0.0,0.5976839791983366,0.0146097177639603,0.0,1.8076616553589702,0.0
