,season,matchId,playerId,player,homeOrAway,position,time,goals,assists,shots,yellowCard,redCard,xG,xA,bonus,xB,lastBonus
3930,2014,4964,1934,Gast贸n Silva,a,DC,0.0,0.0,0.0,0.0,0.0,0.0,0.0,0.0,0.0,0.0,0.0
6204,2014,4906,1934,Gast贸n Silva,h,DML,90.0,0.0,0.0,0.0,0.0,0.0,0.0,0.0,0.0,0.0,0.0
7568,2014,4874,1934,Gast贸n Silva,a,DC,153.0,0.0,0.0,0.0,0.0,0.0,0.0,0.0296129677444696,0.0,0.0296129677444696,0.0
8349,2014,4805,1934,Gast贸n Silva,h,DML,243.0,0.0,0.0,0.0,1.0,0.0,0.0,0.0296129677444696,0.0,-0.4703870322555304,0.0
