,season,matchId,playerId,player,homeOrAway,position,time,goals,assists,shots,yellowCard,redCard,xG,xA,bonus,xB,lastBonus
4672,2014,4964,1934,Gastón Silva,a,DC,0.0,0.0,0.0,0.0,0.0,0.0,0.0,0.0,0.0,0.0,0.0
7383,2014,4906,1934,Gastón Silva,h,DML,90.0,0.0,0.0,0.0,0.0,0.0,0.0,0.0,0.0,0.0,0.0
9010,2014,4874,1934,Gastón Silva,a,DC,153.0,0.0,0.0,0.0,0.0,0.0,0.0,0.0296129677444696,0.0,0.0296129677444696,0.0
9919,2014,4805,1934,Gastón Silva,h,DML,243.0,0.0,0.0,0.0,1.0,0.0,0.0,0.0296129677444696,-0.5,-0.4703870322555304,-0.5
10542,2014,4827,1934,Gastón Silva,h,Sub,318.0,0.0,0.0,2.0,2.0,0.0,0.029117364436388,0.0296129677444696,-1.0,-0.8830349389463663,-0.5
