,season,matchId,playerId,player,homeOrAway,position,time,goals,assists,shots,yellowCard,redCard,xG,xA,bonus,xB,lastBonus
5651,2014,4919,3872,George Puscas,a,Sub,0.0,0.0,0.0,0.0,0.0,0.0,0.0,0.0,0.0,0.0,0.0
7124,2014,4896,3872,George Puscas,a,Sub,12.0,0.0,0.0,1.0,0.0,0.0,0.036888338625431,0.0,0.0,0.1106650158762931,0.0
7777,2014,4830,3872,George Puscas,h,FW,17.0,0.0,0.0,1.0,0.0,0.0,0.036888338625431,0.0,0.0,0.1106650158762931,0.0
10079,2014,4810,3872,George Puscas,a,Sub,64.0,0.0,0.0,2.0,0.0,0.0,0.0936950035393237,0.1047407016158104,0.0,0.3858257122337817,0.0
