,season,matchId,playerId,player,homeOrAway,position,time,goals,assists,shots,yellowCard,redCard,xG,xA,bonus,xB,lastBonus
148,2014,5154,1314,Guido Marilungo,h,FW,0.0,0.0,0.0,0.0,0.0,0.0,0.0,0.0,0.0,0.0,0.0
385,2014,5112,1314,Guido Marilungo,a,FW,90.0,0.0,0.0,1.0,0.0,0.0,0.1404893398284912,0.015577495098114,0.0,0.4370455145835876,0.0
567,2014,5119,1314,Guido Marilungo,h,FW,180.0,0.0,0.0,2.0,0.0,0.0,0.16071864590048782,0.0627979189157485,0.0,0.5449538566172122,0.0
973,2014,5133,1314,Guido Marilungo,a,FW,270.0,1.0,0.0,6.0,0.0,0.0,2.0525222681462765,0.0627979189157485,3.0,6.220364723354578,3.0
1237,2014,5143,1314,Guido Marilungo,h,FW,360.0,1.0,0.0,7.0,0.0,0.0,2.0652703400701284,0.0627979189157485,3.0,6.258608939126134,0.0
1560,2014,5074,1314,Guido Marilungo,a,FW,450.0,1.0,0.0,8.0,0.0,0.0,2.1103113163262606,0.08168017305433739,3.0,6.412614122033119,0.0
1784,2014,5082,1314,Guido Marilungo,a,FW,540.0,1.0,0.0,9.0,0.0,0.0,2.549612568691373,0.4455009046941994,3.0,8.094338610768318,0.0
2189,2014,5097,1314,Guido Marilungo,h,FW,630.0,1.0,0.0,9.0,0.0,0.0,2.549612568691373,0.4455009046941994,3.0,8.094338610768318,0.0
