,season,matchId,playerId,player,homeOrAway,position,time,goals,assists,shots,yellowCard,redCard,xG,xA,bonus,xB,lastBonus
271,2014,5110,2054,Igor Bubnjic,a,DC,0.0,0.0,0.0,0.0,0.0,0.0,0.0,0.0,0.0,0.0,0.0
6749,2014,4839,2054,Igor Bubnjic,a,DC,90.0,0.0,0.0,0.0,0.0,0.0,0.0,0.0,0.0,0.0,0.0
7098,2014,4854,2054,Igor Bubnjic,a,DC,136.0,0.0,0.0,2.0,0.0,0.0,0.0877475962042808,0.0,0.0,0.2632427886128425,0.0
7833,2014,4783,2054,Igor Bubnjic,a,DC,199.0,0.0,0.0,2.0,0.0,0.0,0.0877475962042808,0.0,0.0,0.2632427886128425,0.0
8600,2014,4816,2054,Igor Bubnjic,h,DC,289.0,0.0,0.0,2.0,1.0,0.0,0.0877475962042808,0.4591581225395202,0.0,0.2224009111523628,0.0
