,season,matchId,playerId,player,homeOrAway,position,time,goals,assists,shots,yellowCard,redCard,xG,xA,bonus,xB,lastBonus
6369,2014,4945,1809,Joaquín Correa,a,AMC,0.0,0.0,0.0,0.0,0.0,0.0,0.0,0.0,0.0,0.0,0.0
6763,2014,4883,1809,Joaquín Correa,a,Sub,47.0,0.0,0.0,0.0,0.0,0.0,0.0,0.0,0.0,0.0,0.0
8366,2014,4851,1809,Joaquín Correa,h,Sub,58.0,0.0,0.0,0.0,0.0,0.0,0.0,0.0769386142492294,0.0,0.0769386142492294,0.0
9140,2014,4879,1809,Joaquín Correa,h,AMC,80.0,0.0,0.0,0.0,0.0,0.0,0.0,0.12394903600215901,0.0,0.12394903600215901,0.0
10109,2014,4811,1809,Joaquín Correa,a,Sub,129.0,0.0,0.0,1.0,0.0,0.0,0.0308222938328981,0.2063696831464766,0.0,0.298836564645171,0.0
10401,2014,4822,1809,Joaquín Correa,h,Sub,141.0,0.0,0.0,2.0,0.0,0.0,0.052600279450416496,0.2063696831464766,0.0,0.3641705214977262,0.0
