,season,matchId,playerId,player,homeOrAway,position,time,goals,assists,shots,yellowCard,redCard,xG,xA,bonus,xB,lastBonus
3081,2014,5001,1256,Kevin Strootman,h,MC,0.0,0.0,0.0,0.0,0.0,0.0,0.0,0.0,0.0,0.0,0.0
3794,2014,4958,1256,Kevin Strootman,a,MC,55.0,0.0,0.0,1.0,0.0,0.0,0.0180069599300622,0.1444670408964157,0.0,0.1984879206866026,0.0
4158,2014,4974,1256,Kevin Strootman,h,Sub,145.0,0.0,0.0,1.0,0.0,0.0,0.0180069599300622,0.5222513824701309,0.0,0.5762722622603178,0.0
4259,2014,4978,1256,Kevin Strootman,a,MC,188.0,0.0,1.0,2.0,0.0,0.0,0.0357990562915801,0.8196147233247757,1.0,0.9270118921995163,1.0
4633,2014,4994,1256,Kevin Strootman,a,MC,278.0,0.0,2.0,2.0,1.0,0.0,0.0357990562915801,1.4324608594179153,2.0,1.039858028292656,1.0
