,season,matchId,playerId,player,homeOrAway,position,time,goals,assists,shots,yellowCard,redCard,xG,xA,bonus,xB,lastBonus
3052,2014,5049,1256,Kevin Strootman,h,Sub,0.0,0.0,0.0,0.0,0.0,0.0,0.0,0.0,0.0,0.0,0.0
3659,2014,5001,1256,Kevin Strootman,h,MC,5.0,0.0,0.0,0.0,0.0,0.0,0.0,0.0,0.0,0.0,0.0
4508,2014,4958,1256,Kevin Strootman,a,MC,60.0,0.0,0.0,1.0,0.0,0.0,0.0180069599300622,0.1444670408964157,0.0,0.1984879206866026,0.0
4941,2014,4974,1256,Kevin Strootman,h,Sub,150.0,0.0,0.0,1.0,0.0,0.0,0.0180069599300622,0.5222513824701309,0.0,0.5762722622603178,0.0
5061,2014,4978,1256,Kevin Strootman,a,MC,193.0,0.0,1.0,2.0,0.0,0.0,0.0357990562915801,0.8196147233247757,1.0,0.9270118921995163,1.0
5506,2014,4994,1256,Kevin Strootman,a,MC,283.0,0.0,2.0,2.0,1.0,0.0,0.0357990562915801,1.4324608594179153,1.5,1.039858028292656,0.5
