,season,matchId,playerId,player,homeOrAway,position,time,goals,assists,shots,yellowCard,redCard,xG,xA,bonus,xB,lastBonus
85,2014,5152,3400,Lorik Cana,a,DC,0.0,0.0,0.0,0.0,0.0,0.0,0.0,0.0,0.0,0.0,0.0
566,2014,5122,3400,Lorik Cana,a,Sub,90.0,0.0,0.0,0.0,0.0,0.0,0.0,0.0474072359502315,0.0,0.0474072359502315,0.0
926,2014,5138,3400,Lorik Cana,h,DC,110.0,0.0,0.0,0.0,0.0,0.0,0.0,0.0474072359502315,0.0,0.0474072359502315,0.0
1178,2014,5148,3400,Lorik Cana,a,DC,200.0,0.0,0.0,1.0,0.0,0.0,0.0161521416157484,0.0662606544792651,0.0,0.11471707932651029,0.0
1333,2014,5075,3400,Lorik Cana,h,DC,290.0,0.0,0.0,1.0,1.0,0.0,0.0161521416157484,0.0662606544792651,0.0,-0.3852829206734897,0.0
2619,2014,5051,3400,Lorik Cana,h,DC,340.0,0.0,0.0,2.0,1.0,1.0,0.0322272609919309,0.0662606544792651,0.0,-0.8370575625449419,0.0
3168,2014,5004,3400,Lorik Cana,a,Sub,430.0,0.0,0.0,2.0,1.0,1.0,0.0322272609919309,0.0662606544792651,0.0,-0.8370575625449419,0.0
3310,2014,5011,3400,Lorik Cana,h,DC,483.0,0.0,0.0,2.0,1.0,1.0,0.0322272609919309,0.0662606544792651,0.0,-0.8370575625449419,0.0
3742,2014,5029,3400,Lorik Cana,a,DC,573.0,0.0,0.0,2.0,1.0,1.0,0.0322272609919309,0.0662606544792651,0.0,-0.8370575625449419,0.0
3753,2014,4957,3400,Lorik Cana,h,DC,663.0,0.0,0.0,2.0,1.0,1.0,0.0322272609919309,0.0662606544792651,0.0,-0.8370575625449419,0.0
4162,2014,4974,3400,Lorik Cana,a,DC,710.0,0.0,0.0,2.0,2.0,1.0,0.0322272609919309,0.0662606544792651,0.0,-1.337057562544942,0.0
4265,2014,4979,3400,Lorik Cana,h,DC,800.0,0.0,0.0,2.0,3.0,1.0,0.0322272609919309,0.0662606544792651,0.0,-1.837057562544942,0.0
4473,2014,4988,3400,Lorik Cana,h,DC,890.0,0.0,0.0,3.0,3.0,1.0,0.0805697944015263,0.0662606544792651,0.0,-1.6920299623161554,0.0
4790,2014,4921,3400,Lorik Cana,a,DC,980.0,0.0,0.0,3.0,3.0,1.0,0.0805697944015263,0.0662606544792651,0.0,-1.6920299623161554,0.0
5106,2014,4935,3400,Lorik Cana,h,DC,1070.0,0.0,0.0,3.0,3.0,1.0,0.0805697944015263,0.0662606544792651,0.0,-1.6920299623161554,0.0
6851,2014,4844,3400,Lorik Cana,h,DC,1160.0,0.0,0.0,3.0,4.0,1.0,0.0805697944015263,0.0662606544792651,0.0,-2.1920299623161554,0.0
7049,2014,4852,3400,Lorik Cana,a,DC,1250.0,0.0,0.0,3.0,5.0,1.0,0.0805697944015263,0.0662606544792651,0.0,-2.6920299623161554,0.0
