,season,matchId,playerId,player,homeOrAway,position,time,goals,assists,shots,yellowCard,redCard,xG,xA,bonus,xB,lastBonus
1487,2014,5072,3987,Lucas Souza,h,MC,0.0,0.0,0.0,0.0,0.0,0.0,0.0,0.0,0.0,0.0,0.0
1992,2014,5090,3987,Lucas Souza,h,AMC,90.0,0.0,0.0,1.0,0.0,0.0,0.0823935717344284,0.0,0.0,0.2471807152032852,0.0
3484,2014,5064,3987,Lucas Souza,a,Sub,180.0,0.0,0.0,3.0,0.0,0.0,0.1476063653826713,0.0,0.0,0.44281909614801396,0.0
