,season,matchId,playerId,player,homeOrAway,position,time,goals,assists,shots,yellowCard,redCard,xG,xA,bonus,xB,lastBonus
168,2014,5156,1482,Luca Antei,h,DC,0.0,0.0,0.0,0.0,0.0,0.0,0.0,0.0,0.0,0.0,0.0
595,2014,5124,1482,Luca Antei,h,DC,90.0,0.0,0.0,0.0,0.0,0.0,0.0,0.0,0.0,0.0,0.0
749,2014,5130,1482,Luca Antei,a,DC,180.0,0.0,0.0,0.0,1.0,0.0,0.0,0.0,0.0,-0.5,0.0
1343,2014,5075,1482,Luca Antei,a,DC,270.0,0.0,0.0,0.0,1.0,0.0,0.0,0.0,0.0,-0.5,0.0
1459,2014,5080,1482,Luca Antei,h,Sub,360.0,0.0,0.0,0.0,1.0,0.0,0.0,0.0667047426104545,0.0,-0.4332952573895455,0.0
2290,2014,5036,1482,Luca Antei,a,Sub,441.0,0.0,0.0,1.0,1.0,0.0,0.1041988357901573,0.0667047426104545,0.0,-0.1206987500190736,0.0
4741,2014,4919,1482,Luca Antei,h,Sub,488.0,0.0,0.0,2.0,2.0,0.0,0.2223090678453445,0.0667047426104545,0.0,-0.2663680538535119,0.0
