,season,matchId,playerId,player,homeOrAway,position,time,goals,assists,shots,yellowCard,redCard,xG,xA,bonus,xB,lastBonus
645,2014,5122,3990,Luca Antonini,h,DC,0.0,0.0,0.0,0.0,0.0,0.0,0.0,0.0,0.0,0.0,0.0
914,2014,5131,3990,Luca Antonini,a,ML,62.0,0.0,0.0,1.0,0.0,0.0,0.0389096140861511,0.0,0.0,0.1167288422584533,0.0
1506,2014,5072,3990,Luca Antonini,a,Sub,152.0,0.0,0.0,1.0,0.0,0.0,0.0389096140861511,0.0488352850079536,0.0,0.1655641272664069,0.0
1941,2014,5088,3990,Luca Antonini,h,Sub,239.0,0.0,0.0,1.0,0.0,0.0,0.0389096140861511,0.0488352850079536,0.0,0.1655641272664069,0.0
2469,2014,5107,3990,Luca Antonini,h,Sub,276.0,0.0,0.0,1.0,1.0,0.0,0.0389096140861511,0.0488352850079536,-0.5,-0.3344358727335931,-0.5
2672,2014,5035,3990,Luca Antonini,a,ML,285.0,1.0,0.0,2.0,1.0,0.0,0.9620249271392823,0.0488352850079536,2.5,2.4349100664258003,3.0
3776,2014,5005,3990,Luca Antonini,h,Sub,344.0,1.0,0.0,2.0,1.0,0.0,0.9620249271392823,0.0488352850079536,2.5,2.4349100664258003,0.0
