,season,matchId,playerId,player,homeOrAway,position,time,goals,assists,shots,yellowCard,redCard,xG,xA,bonus,xB,lastBonus
725,2014,5124,1457,Luca Rizzo,a,Sub,0.0,0.0,0.0,0.0,0.0,0.0,0.0,0.0,0.0,0.0,0.0
1067,2014,5137,1457,Luca Rizzo,h,MC,22.0,0.0,0.0,0.0,0.0,0.0,0.0,0.0,0.0,0.0,0.0
1519,2014,5073,1457,Luca Rizzo,h,Sub,69.0,0.0,0.0,0.0,1.0,0.0,0.0,0.0,-0.5,-0.5,-0.5
2023,2014,5091,1457,Luca Rizzo,h,Sub,95.0,0.0,0.0,0.0,1.0,0.0,0.0,0.0,-0.5,-0.5,0.0
2315,2014,5101,1457,Luca Rizzo,a,Sub,102.0,0.0,0.0,0.0,1.0,0.0,0.0,0.0,-0.5,-0.5,0.0
2603,2014,5033,1457,Luca Rizzo,h,MC,103.0,0.0,0.0,0.0,1.0,0.0,0.0,0.0,-0.5,-0.5,0.0
2829,2014,5041,1457,Luca Rizzo,h,Sub,176.0,1.0,0.0,3.0,2.0,0.0,0.2258031666278839,0.0,2.0,-0.32259050011634827,2.5
3603,2014,4999,1457,Luca Rizzo,h,MC,198.0,1.0,0.0,3.0,2.0,0.0,0.2258031666278839,0.0,2.0,-0.32259050011634827,0.0
3895,2014,5009,1457,Luca Rizzo,a,MC,277.0,1.0,0.0,3.0,2.0,0.0,0.2258031666278839,0.053824096918106,2.0,-0.26876640319824224,0.0
3981,2014,5012,1457,Luca Rizzo,a,MC,367.0,1.0,0.0,4.0,2.0,0.0,0.2523153480142354,0.6542716920375823,2.0,0.41121773608028883,0.0
4480,2014,4957,1457,Luca Rizzo,a,MC,457.0,1.0,0.0,4.0,2.0,0.0,0.2523153480142354,0.6542716920375823,2.0,0.41121773608028883,0.0
4971,2014,4975,1457,Luca Rizzo,h,Sub,504.0,1.0,0.0,4.0,2.0,0.0,0.2523153480142354,0.6542716920375823,2.0,0.41121773608028883,0.0
5361,2014,4989,1457,Luca Rizzo,h,Sub,512.0,1.0,0.0,4.0,2.0,0.0,0.2523153480142354,0.6542716920375823,2.0,0.41121773608028883,0.0
9195,2014,4779,1457,Luca Rizzo,h,MC,533.0,1.0,0.0,4.0,2.0,0.0,0.2523153480142354,0.6542716920375823,2.0,0.41121773608028883,0.0
9785,2014,4800,1457,Luca Rizzo,h,Sub,587.0,1.0,0.0,5.0,2.0,0.0,0.2754819132387637,0.6692768726497886,2.0,0.49572261236608023,0.0
