,season,matchId,playerId,player,homeOrAway,position,time,goals,assists,shots,yellowCard,redCard,xG,xA,bonus,xB,lastBonus
1611,2014,5086,1152,Lucas Evangelista,a,MC,0.0,0.0,0.0,0.0,0.0,0.0,0.0,0.0,0.0,0.0,0.0
2253,2014,5035,1152,Lucas Evangelista,h,Sub,53.0,0.0,0.0,0.0,0.0,0.0,0.0,0.0528730601072311,0.0,0.0528730601072311,0.0
3415,2014,5015,1152,Lucas Evangelista,h,Sub,79.0,0.0,0.0,1.0,0.0,0.0,0.0584336370229721,0.14946202933788288,0.0,0.32476294040679926,0.0
5322,2014,4944,1152,Lucas Evangelista,h,Sub,96.0,0.0,0.0,1.0,0.0,0.0,0.0584336370229721,0.1601470867171882,0.0,0.33544799778610457,0.0
