,season,matchId,playerId,player,homeOrAway,position,time,goals,assists,shots,yellowCard,redCard,xG,xA,bonus,xB,lastBonus
5653,2014,4919,1511,Marcelo Brozovic,a,Sub,0.0,0.0,0.0,0.0,0.0,0.0,0.0,0.0,0.0,0.0,0.0
6046,2014,4934,1511,Marcelo Brozovic,h,MC,20.0,0.0,0.0,0.0,0.0,0.0,0.0,0.5627462863922119,0.0,0.5627462863922119,0.0
6283,2014,4942,1511,Marcelo Brozovic,a,MC,110.0,0.0,0.0,2.0,0.0,0.0,0.0444110296666622,0.6580370888113976,0.0,0.7912701778113842,0.0
6618,2014,4954,1511,Marcelo Brozovic,a,MC,193.0,0.0,0.0,4.0,0.0,0.0,0.1170857585966586,0.6838288493454455,0.0,1.0350861251354218,0.0
6825,2014,4886,1511,Marcelo Brozovic,h,MC,276.0,0.0,0.0,7.0,1.0,0.0,0.3978377319872378,0.7154573947191237,-0.5,1.4089705906808376,-0.5
7119,2014,4896,1511,Marcelo Brozovic,a,MC,366.0,0.0,0.0,8.0,2.0,0.0,0.4291473403573034,0.7557829655706881,-1.0,1.043224986642599,-0.5
7621,2014,4914,1511,Marcelo Brozovic,a,MC,431.0,0.0,0.0,9.0,3.0,0.0,0.472237419337034,0.7557829655706881,-1.5,0.6724952235817909,-0.5
7775,2014,4830,1511,Marcelo Brozovic,h,MC,507.0,0.0,0.0,10.0,3.0,0.0,0.4886095542460677,0.7728164251893758,-1.5,0.7386450879275799,0.0
8122,2014,4842,1511,Marcelo Brozovic,a,MC,597.0,0.0,0.0,12.0,3.0,0.0,0.534115185961127,0.7728164251893758,-1.5,0.8751619830727577,0.0
8666,2014,4862,1511,Marcelo Brozovic,h,MC,687.0,0.0,0.0,14.0,4.0,0.0,0.6978779640048738,0.7728164251893758,-2.0,0.8664503172039986,-0.5
9279,2014,4782,1511,Marcelo Brozovic,h,MC,759.0,0.0,0.0,16.0,5.0,0.0,0.7303534168750043,0.8017747439444064,-2.5,0.49283499456942087,-0.5
9717,2014,4797,1511,Marcelo Brozovic,a,Sub,813.0,0.0,0.0,18.0,5.0,0.0,0.787067992612719,0.8017747439444064,-2.5,0.6629787217825651,0.0
9751,2014,4799,1511,Marcelo Brozovic,h,MC,814.0,0.0,0.0,19.0,5.0,0.0,0.9190447609871619,0.8017747439444064,-2.5,1.0589090269058943,0.0
10075,2014,4810,1511,Marcelo Brozovic,a,MC,896.0,0.0,1.0,23.0,6.0,0.0,1.0249626692384475,1.1509846784174442,-2.0,1.2258726861327887,0.5
10507,2014,4826,1511,Marcelo Brozovic,h,MC,972.0,0.0,1.0,26.0,7.0,0.0,1.4683754201978438,1.1509846784174442,-2.5,2.0561109390109777,-0.5
