,season,matchId,playerId,player,homeOrAway,position,time,goals,assists,shots,yellowCard,redCard,xG,xA,bonus,xB,lastBonus
233,2014,5157,4019,Marcelo Larrondo,h,FW,0.0,0.0,0.0,0.0,0.0,0.0,0.0,0.0,0.0,0.0,0.0
358,2014,5111,4019,Marcelo Larrondo,a,FW,90.0,0.0,0.0,2.0,0.0,0.0,0.8107344508171082,0.1132991388440132,0.0,2.5455024912953377,0.0
793,2014,5127,4019,Marcelo Larrondo,h,Sub,151.0,0.0,0.0,3.0,0.0,0.0,0.8904064446687697,0.1132991388440132,0.0,2.7845184728503227,0.0
1672,2014,5078,4019,Marcelo Larrondo,a,FW,167.0,0.0,0.0,5.0,0.0,0.0,1.0381115078926086,0.1132991388440132,0.0,3.227633662521839,0.0
3567,2014,5067,4019,Marcelo Larrondo,a,Sub,257.0,0.0,0.0,5.0,0.0,0.0,1.0381115078926086,0.1132991388440132,0.0,3.227633662521839,0.0
