,season,matchId,playerId,player,homeOrAway,position,time,goals,assists,shots,yellowCard,redCard,xG,xA,bonus,xB,lastBonus
53,2014,5151,1985,Marcelo Estigarribia,h,MR,0.0,0.0,0.0,0.0,0.0,0.0,0.0,0.0,0.0,0.0,0.0
395,2014,5115,1985,Marcelo Estigarribia,a,MR,82.0,0.0,0.0,1.0,0.0,0.0,0.0583353005349636,0.529445469379425,0.0,0.7044513709843159,0.0
644,2014,5126,1985,Marcelo Estigarribia,h,MR,172.0,1.0,0.0,2.0,1.0,0.0,0.42471184954047203,0.529445469379425,3.0,1.3035810180008411,3.0
800,2014,5132,1985,Marcelo Estigarribia,a,MR,262.0,1.0,0.0,4.0,1.0,0.0,0.49435934051871294,0.6136430129408835,3.0,1.5967210344970226,0.0
977,2014,5140,1985,Marcelo Estigarribia,h,MR,352.0,1.0,0.0,7.0,1.0,0.0,0.6310266517102717,0.6136430129408835,3.0,2.006722968071699,0.0
1300,2014,5073,1985,Marcelo Estigarribia,a,MR,403.0,1.0,0.0,9.0,1.0,0.0,0.7054578028619288,0.6136430129408835,3.0,2.2300164215266705,0.0
6954,2014,4848,1985,Marcelo Estigarribia,h,Sub,450.0,1.0,0.0,9.0,1.0,0.0,0.7054578028619288,0.6136430129408835,3.0,2.2300164215266705,0.0
7173,2014,4857,1985,Marcelo Estigarribia,a,MR,472.0,1.0,0.0,10.0,1.0,0.0,0.7305180188268421,0.6136430129408835,3.0,2.3051970694214106,0.0
7305,2014,4863,1985,Marcelo Estigarribia,h,AMR,562.0,1.0,0.0,12.0,1.0,0.0,0.7969448100775478,0.6136430129408835,3.0,2.5044774431735277,0.0
