,season,matchId,playerId,player,homeOrAway,position,time,goals,assists,shots,yellowCard,redCard,xG,xA,bonus,xB,lastBonus
404,2014,5116,2603,Marco Andreolli,h,DC,0.0,0.0,0.0,0.0,0.0,0.0,0.0,0.0,0.0,0.0,0.0
1096,2014,5145,2603,Marco Andreolli,h,DC,90.0,0.0,0.0,0.0,0.0,0.0,0.0,0.0,0.0,0.0,0.0
4033,2014,4969,2603,Marco Andreolli,h,DC,180.0,0.0,0.0,1.0,0.0,0.0,0.011812443844974,0.0406327545642852,0.0,0.0760700860992074,0.0
4241,2014,4977,2603,Marco Andreolli,a,Sub,270.0,0.0,0.0,1.0,0.0,0.0,0.011812443844974,0.0406327545642852,0.0,0.0760700860992074,0.0
4591,2014,4993,2603,Marco Andreolli,h,DC,313.0,0.0,0.0,1.0,0.0,0.0,0.011812443844974,0.0406327545642852,0.0,0.0760700860992074,0.0
6178,2014,4905,2603,Marco Andreolli,h,DC,356.0,0.0,0.0,1.0,0.0,0.0,0.011812443844974,0.0406327545642852,0.0,0.0760700860992074,0.0
