,season,matchId,playerId,player,homeOrAway,position,time,goals,assists,shots,yellowCard,redCard,xG,xA,bonus,xB,lastBonus
2954,2014,5045,3839,McDonald Mariga,a,Sub,0.0,0.0,0.0,0.0,0.0,0.0,0.0,0.0,0.0,0.0,0.0
5221,2014,4984,3839,McDonald Mariga,h,Sub,36.0,0.0,0.0,0.0,0.0,0.0,0.0,0.0,0.0,0.0,0.0
5839,2014,4926,3839,McDonald Mariga,a,MC,80.0,0.0,0.0,1.0,0.0,0.0,0.0144454687833786,0.0,0.0,0.0433364063501358,0.0
6103,2014,4936,3839,McDonald Mariga,h,MC,145.0,0.0,0.0,2.0,1.0,0.0,0.0378738716244697,0.0,-0.5,-0.3863783851265907,-0.5
6312,2014,4943,3839,McDonald Mariga,a,MC,217.0,0.0,0.0,3.0,1.0,0.0,0.1011868119239806,0.0309128910303115,-0.5,-0.16552667319774628,0.0
7049,2014,4894,3839,McDonald Mariga,h,MC,304.0,0.0,0.0,4.0,2.0,0.0,0.11358991265296921,0.048101333901286,-1.0,-0.6111289281398058,-0.5
8991,2014,4873,3839,McDonald Mariga,a,Sub,350.0,0.0,0.0,5.0,2.0,0.0,0.1465757004916666,0.048101333901286,-1.0,-0.5121715646237135,0.0
9646,2014,4795,3839,McDonald Mariga,h,Sub,365.0,0.0,0.0,5.0,2.0,0.0,0.1465757004916666,0.0959796961396931,-1.0,-0.4642932023853064,0.0
10416,2014,4822,3839,McDonald Mariga,a,Sub,384.0,0.0,0.0,7.0,2.0,0.0,0.3170984499156473,0.0959796961396931,-1.0,0.047275045886635725,0.0
