,season,matchId,playerId,player,homeOrAway,position,time,goals,assists,shots,yellowCard,redCard,xG,xA,bonus,xB,lastBonus
5617,2014,4881,1807,Modibo Diakité,h,DC,0.0,0.0,0.0,0.0,0.0,0.0,0.0,0.0,0.0,0.0,0.0
6056,2014,4900,1807,Modibo Diakité,h,DC,90.0,0.0,0.0,1.0,0.0,0.0,0.0289777498692274,0.0,0.0,0.0869332496076822,0.0
6307,2014,4910,1807,Modibo Diakité,a,DC,180.0,0.0,0.0,1.0,0.0,0.0,0.0289777498692274,0.0,0.0,0.0869332496076822,0.0
6549,2014,4831,1807,Modibo Diakité,h,DC,270.0,0.0,0.0,1.0,0.0,0.0,0.0289777498692274,0.0,0.0,0.0869332496076822,0.0
7452,2014,4869,1807,Modibo Diakité,a,DC,340.0,0.0,0.0,1.0,0.0,1.0,0.0289777498692274,0.0,0.0,-0.41306675039231777,0.0
7616,2014,4876,1807,Modibo Diakité,a,DC,430.0,0.0,0.0,2.0,0.0,1.0,0.0818783175200223,0.0,0.0,-0.2543650474399329,0.0
7986,2014,4789,1807,Modibo Diakité,a,Sub,520.0,0.0,0.0,2.0,0.0,1.0,0.0818783175200223,0.0,0.0,-0.2543650474399329,0.0
8277,2014,4802,1807,Modibo Diakité,h,DC,537.0,0.0,0.0,2.0,0.0,1.0,0.0818783175200223,0.0,0.0,-0.2543650474399329,0.0
8718,2014,4821,1807,Modibo Diakité,h,DC,627.0,0.0,0.0,3.0,1.0,1.0,0.0964064756408332,0.0,0.0,-0.7107805730774999,0.0
