,season,matchId,playerId,player,homeOrAway,position,time,goals,assists,shots,yellowCard,redCard,xG,xA,bonus,xB,lastBonus
118,2014,5153,1808,Nenad Krsticic,a,Sub,0.0,0.0,0.0,0.0,0.0,0.0,0.0,0.0,0.0,0.0,0.0
907,2014,5137,1808,Nenad Krsticic,h,MC,24.0,0.0,0.0,1.0,0.0,0.0,0.0165314301848411,0.0304416809231042,0.0,0.0800359714776277,0.0
2205,2014,5033,1808,Nenad Krsticic,h,Sub,114.0,0.0,0.0,4.0,0.0,0.0,0.3114927634596824,0.0734673012048005,0.0,1.007945591583848,0.0
3041,2014,4999,1808,Nenad Krsticic,h,Sub,131.0,0.0,0.0,4.0,0.0,0.0,0.3114927634596824,0.0734673012048005,0.0,1.007945591583848,0.0
3286,2014,5009,1808,Nenad Krsticic,a,Sub,150.0,0.0,0.0,4.0,0.0,0.0,0.3114927634596824,0.0734673012048005,0.0,1.007945591583848,0.0
3351,2014,5012,1808,Nenad Krsticic,a,AMC,185.0,0.0,0.0,4.0,0.0,0.0,0.3114927634596824,0.0734673012048005,0.0,1.007945591583848,0.0
