,season,matchId,playerId,player,homeOrAway,position,time,goals,assists,shots,yellowCard,redCard,xG,xA,bonus,xB,lastBonus
2354,2014,5039,1400,Nicola Murru,a,DL,0.0,0.0,0.0,0.0,0.0,0.0,0.0,0.0,0.0,0.0,0.0
5618,2014,4881,1400,Nicola Murru,h,DL,90.0,0.0,0.0,0.0,0.0,0.0,0.0,0.0894861593842506,0.0,0.0894861593842506,0.0
6058,2014,4900,1400,Nicola Murru,h,DL,180.0,0.0,0.0,2.0,1.0,0.0,0.0348795540630817,0.1743882074952125,0.0,-0.22097313031554222,0.0
7462,2014,4869,1400,Nicola Murru,a,Sub,270.0,0.0,0.0,2.0,1.0,0.0,0.0348795540630817,0.26926343142986287,0.0,-0.12609790638089183,0.0
7618,2014,4876,1400,Nicola Murru,a,DL,297.0,0.0,0.0,2.0,2.0,0.0,0.0348795540630817,0.26926343142986287,0.0,-0.6260979063808918,0.0
8540,2014,4813,1400,Nicola Murru,a,DL,381.0,0.0,0.0,3.0,2.0,1.0,0.0595279671251773,0.26926343142986287,0.0,-1.0521526671946049,0.0
8719,2014,4821,1400,Nicola Murru,h,DL,471.0,0.0,0.0,3.0,2.0,1.0,0.0595279671251773,0.26926343142986287,0.0,-1.0521526671946049,0.0
