,season,matchId,playerId,player,homeOrAway,position,time,goals,assists,shots,yellowCard,redCard,xG,xA,bonus,xB,lastBonus
212,2014,5157,4005,Pablo Daniel Osvaldo,a,Sub,0.0,0.0,0.0,0.0,0.0,0.0,0.0,0.0,0.0,0.0,0.0
412,2014,5116,4005,Pablo Daniel Osvaldo,h,FW,34.0,0.0,0.0,3.0,0.0,0.0,0.5964546203613281,0.033021941781044,0.0,1.8223858028650284,0.0
709,2014,5128,4005,Pablo Daniel Osvaldo,a,FW,124.0,2.0,2.0,8.0,0.0,0.0,1.9396430253982546,0.6198303252458572,8.0,6.43875940144062,8.0
795,2014,5132,4005,Pablo Daniel Osvaldo,h,Sub,214.0,2.0,2.0,9.0,0.0,0.0,2.167338505387306,0.6381498742848635,8.0,7.140165390446782,0.0
1103,2014,5145,4005,Pablo Daniel Osvaldo,h,FW,280.0,3.0,2.0,10.0,0.0,0.0,2.2169868275523186,0.7360721621662378,11.0,7.3870326448231936,3.0
1397,2014,5077,4005,Pablo Daniel Osvaldo,a,FW,370.0,4.0,2.0,13.0,0.0,0.0,2.8704910799860954,0.7599093094468117,14.0,9.371382549405098,3.0
3029,2014,5068,4005,Pablo Daniel Osvaldo,a,FW,445.0,4.0,2.0,14.0,1.0,0.0,2.8883071672171354,0.7599093094468117,14.0,8.924830811098218,0.0
3227,2014,5007,4005,Pablo Daniel Osvaldo,h,Sub,535.0,5.0,2.0,18.0,1.0,0.0,3.0505191665142775,0.7599093094468117,17.0,9.411466808989644,3.0
