,season,matchId,playerId,player,homeOrAway,position,time,goals,assists,shots,yellowCard,redCard,xG,xA,bonus,xB,lastBonus
4487,2014,4957,1845,Pawel Wszolek,a,Sub,0.0,0.0,0.0,0.0,0.0,0.0,0.0,0.0,0.0,0.0,0.0
6362,2014,4945,1845,Pawel Wszolek,a,DR,43.0,0.0,0.0,0.0,0.0,0.0,0.0,0.0,0.0,0.0,0.0
7460,2014,4908,1845,Pawel Wszolek,a,Sub,133.0,0.0,0.0,1.0,0.0,0.0,0.100000724196434,0.28164803981781,0.0,0.5816502124071121,0.0
7989,2014,4837,1845,Pawel Wszolek,a,Sub,134.0,0.0,0.0,1.0,0.0,0.0,0.100000724196434,0.28164803981781,0.0,0.5816502124071121,0.0
8324,2014,4849,1845,Pawel Wszolek,a,Sub,149.0,0.0,0.0,1.0,0.0,0.0,0.100000724196434,0.28164803981781,0.0,0.5816502124071121,0.0
9565,2014,4792,1845,Pawel Wszolek,a,DR,150.0,0.0,0.0,1.0,1.0,0.0,0.100000724196434,0.28164803981781,-0.5,0.08165021240711212,-0.5
