,season,matchId,playerId,player,homeOrAway,position,time,goals,assists,shots,yellowCard,redCard,xG,xA,bonus,xB,lastBonus
543,2014,5118,3897,Rafael Marques,h,Sub,0.0,0.0,0.0,0.0,0.0,0.0,0.0,0.0,0.0,0.0,0.0
807,2014,5127,3897,Rafael Marques,a,Sub,8.0,0.0,0.0,0.0,0.0,0.0,0.0,0.0,0.0,0.0,0.0
896,2014,5131,3897,Rafael Marques,h,DC,9.0,0.0,0.0,0.0,0.0,0.0,0.0,0.0,0.0,0.0,0.0
1132,2014,5139,3897,Rafael Marques,a,DC,99.0,0.0,0.0,0.0,0.0,0.0,0.0,0.0,0.0,0.0,0.0
1398,2014,5069,3897,Rafael Marques,h,DC,189.0,0.0,0.0,0.0,0.0,0.0,0.0,0.0,0.0,0.0,0.0
1790,2014,5083,3897,Rafael Marques,h,DC,279.0,0.0,0.0,0.0,0.0,0.0,0.0,0.0,0.0,0.0,0.0
2141,2014,5095,3897,Rafael Marques,a,DC,369.0,0.0,0.0,0.0,0.0,0.0,0.0,0.022732451558113,0.0,0.022732451558113,0.0
4060,2014,5015,3897,Rafael Marques,a,DC,442.0,0.0,0.0,0.0,0.0,0.0,0.0,0.022732451558113,0.0,0.022732451558113,0.0
4616,2014,4962,3897,Rafael Marques,a,DC,532.0,0.0,0.0,0.0,0.0,0.0,0.0,0.022732451558113,0.0,0.022732451558113,0.0
4903,2014,4973,3897,Rafael Marques,h,DC,622.0,0.0,0.0,0.0,0.0,0.0,0.0,0.022732451558113,0.0,0.022732451558113,0.0
5281,2014,4986,3897,Rafael Marques,a,DC,712.0,0.0,0.0,0.0,0.0,0.0,0.0,0.022732451558113,0.0,0.022732451558113,0.0
5388,2014,4990,3897,Rafael Marques,h,Sub,802.0,0.0,0.0,0.0,0.0,0.0,0.0,0.033170135691761804,0.0,0.033170135691761804,0.0
5778,2014,4924,3897,Rafael Marques,a,DC,846.0,0.0,0.0,0.0,0.0,0.0,0.0,0.0735387708991764,0.0,0.0735387708991764,0.0
5849,2014,4927,3897,Rafael Marques,h,DC,936.0,0.0,0.0,0.0,1.0,0.0,0.0,0.0735387708991764,-0.5,-0.4264612291008236,-0.5
6252,2014,4941,3897,Rafael Marques,a,DC,1026.0,0.0,0.0,0.0,2.0,0.0,0.0,0.0932299643754957,-1.0,-0.9067700356245043,-0.5
6947,2014,4890,3897,Rafael Marques,a,DC,1116.0,0.0,0.0,0.0,2.0,0.0,0.0,0.0932299643754957,-1.0,-0.9067700356245043,0.0
9147,2014,4879,3897,Rafael Marques,a,DC,1167.0,0.0,0.0,0.0,2.0,0.0,0.0,0.0932299643754957,-1.0,-0.9067700356245043,0.0
9897,2014,4804,3897,Rafael Marques,h,Sub,1257.0,0.0,0.0,0.0,2.0,0.0,0.0,0.0932299643754957,-1.0,-0.9067700356245043,0.0
