,season,matchId,playerId,player,homeOrAway,position,time,goals,assists,shots,yellowCard,redCard,xG,xA,bonus,xB,lastBonus
208,2014,5156,1872,Raman Chibsah,h,Sub,0.0,0.0,0.0,0.0,0.0,0.0,0.0,0.0,0.0,0.0,0.0
710,2014,5124,1872,Raman Chibsah,h,Sub,9.0,0.0,0.0,0.0,0.0,0.0,0.0,0.0,0.0,0.0,0.0
885,2014,5130,1872,Raman Chibsah,a,MC,11.0,0.0,0.0,0.0,0.0,0.0,0.0,0.0,0.0,0.0,0.0
5152,2014,4981,1872,Raman Chibsah,a,Sub,94.0,0.0,0.0,2.0,0.0,0.0,0.0495846681296825,0.0405446179211139,0.0,0.1892986223101616,0.0
7179,2014,4898,1872,Raman Chibsah,a,Sub,97.0,0.0,0.0,2.0,0.0,0.0,0.0495846681296825,0.0405446179211139,0.0,0.1892986223101616,0.0
9223,2014,4780,1872,Raman Chibsah,h,MC,108.0,0.0,0.0,2.0,0.0,0.0,0.0495846681296825,0.0405446179211139,0.0,0.1892986223101616,0.0
9633,2014,4794,1872,Raman Chibsah,a,Sub,166.0,0.0,0.0,2.0,0.0,0.0,0.0495846681296825,0.0405446179211139,0.0,0.1892986223101616,0.0
10243,2014,4816,1872,Raman Chibsah,a,MC,167.0,0.0,0.0,2.0,0.0,0.0,0.0495846681296825,0.0405446179211139,0.0,0.1892986223101616,0.0
