,season,matchId,playerId,player,homeOrAway,position,time,goals,assists,shots,yellowCard,redCard,xG,xA,bonus,xB,lastBonus
3185,2014,5005,1573,Riccardo Montolivo,a,MC,0.0,0.0,0.0,0.0,0.0,0.0,0.0,0.0,0.0,0.0,0.0
3454,2014,5017,1573,Riccardo Montolivo,h,MC,63.0,0.0,0.0,0.0,0.0,0.0,0.0,0.0,0.0,0.0,0.0
3606,2014,5023,1573,Riccardo Montolivo,a,MC,149.0,0.0,0.0,3.0,1.0,0.0,0.1751274317502975,0.1109941452741622,0.0,0.1363764405250549,0.0
3806,2014,4959,1573,Riccardo Montolivo,h,MC,239.0,0.0,0.0,4.0,1.0,0.0,0.191632205620408,0.1109941452741622,0.0,0.1858907621353864,0.0
4025,2014,4968,1573,Riccardo Montolivo,a,MC,329.0,0.0,0.0,5.0,1.0,0.0,0.21662538684904561,0.2813377827405928,0.0,0.4312139432877301,0.0
4290,2014,4980,1573,Riccardo Montolivo,h,MC,419.0,0.0,0.0,5.0,1.0,0.0,0.21662538684904561,0.3023102581501005,0.0,0.4521864186972378,0.0
4487,2014,4988,1573,Riccardo Montolivo,a,MC,498.0,0.0,0.0,6.0,1.0,0.0,0.2313763992860911,0.4474491626024244,0.0,0.6415783604606984,0.0
5411,2014,4948,1573,Riccardo Montolivo,h,MC,588.0,0.0,0.0,6.0,1.0,0.0,0.2313763992860911,0.4474491626024244,0.0,0.6415783604606984,0.0
5608,2014,4956,1573,Riccardo Montolivo,a,MC,671.0,0.0,0.0,8.0,1.0,0.0,0.2777000302448866,0.4981015883386132,0.0,0.8312016790732739,0.0
