,season,matchId,playerId,player,homeOrAway,position,time,goals,assists,shots,yellowCard,redCard,xG,xA,bonus,xB,lastBonus
5081,2014,4933,1978,Rodrigo Aguirre,a,Sub,0.0,0.0,0.0,0.0,0.0,0.0,0.0,0.0,0.0,0.0,0.0
6757,2014,4839,1978,Rodrigo Aguirre,a,AMC,25.0,0.0,0.0,0.0,0.0,0.0,0.0,0.0,0.0,0.0,0.0
8046,2014,4792,1978,Rodrigo Aguirre,h,Sub,71.0,0.0,0.0,1.0,0.0,0.0,0.0740798786282539,0.040414735674858,0.0,0.2626543715596199,0.0
8738,2014,4821,1978,Rodrigo Aguirre,a,Sub,105.0,0.0,0.0,2.0,0.0,0.0,0.0861339680850505,0.0605400819331406,0.0,0.3189419861882925,0.0
