,season,matchId,playerId,player,homeOrAway,position,time,goals,assists,shots,yellowCard,redCard,xG,xA,bonus,xB,lastBonus
2484,2014,5045,1849,Rômulo,h,MC,0.0,0.0,0.0,0.0,0.0,0.0,0.0,0.0,0.0,0.0,0.0
7963,2014,4789,1849,Rômulo,h,DR,90.0,0.0,0.0,1.0,0.0,0.0,0.0242274962365627,0.0,0.0,0.0726824887096881,0.0
8221,2014,4799,1849,Rômulo,a,MC,180.0,0.0,0.0,3.0,0.0,0.0,0.0656050443649291,0.0429164357483387,0.0,0.2397315688431262,0.0
