,season,matchId,playerId,player,homeOrAway,position,time,goals,assists,shots,yellowCard,redCard,xG,xA,bonus,xB,lastBonus
1687,2014,5079,2021,Salih Ucan,h,Sub,0.0,0.0,0.0,0.0,0.0,0.0,0.0,0.0,0.0,0.0,0.0
7648,2014,4915,2021,Salih Ucan,a,MC,1.0,0.0,0.0,0.0,0.0,0.0,0.0,0.0,0.0,0.0,0.0
8270,2014,4847,2021,Salih Ucan,a,Sub,68.0,0.0,1.0,2.0,1.0,0.0,0.0640337392687797,0.5014686584472656,0.5,0.1935698762536049,0.5
10424,2014,4823,2021,Salih Ucan,h,MC,74.0,0.0,1.0,2.0,1.0,0.0,0.0640337392687797,0.5014686584472656,0.5,0.1935698762536049,0.0
