,season,matchId,playerId,player,homeOrAway,position,time,goals,assists,shots,yellowCard,redCard,xG,xA,bonus,xB,lastBonus
5823,2014,4926,2810,Salvatore Bocchetti,h,DL,0.0,0.0,0.0,0.0,0.0,0.0,0.0,0.0,0.0,0.0,0.0
6191,2014,4939,2810,Salvatore Bocchetti,h,Sub,90.0,0.0,0.0,1.0,0.0,0.0,0.0989148765802383,0.0,0.0,0.296744629740715,0.0
6432,2014,4948,2810,Salvatore Bocchetti,h,DC,173.0,0.0,0.0,1.0,0.0,0.0,0.0989148765802383,0.0,0.0,0.296744629740715,0.0
6670,2014,4956,2810,Salvatore Bocchetti,a,DC,263.0,0.0,0.0,1.0,1.0,0.0,0.0989148765802383,0.0,-0.5,-0.20325537025928497,-0.5
6943,2014,4890,2810,Salvatore Bocchetti,h,Sub,353.0,0.0,0.0,1.0,1.0,0.0,0.0989148765802383,0.0,-0.5,-0.20325537025928497,0.0
9401,2014,4786,2810,Salvatore Bocchetti,a,DL,365.0,0.0,0.0,1.0,1.0,0.0,0.0989148765802383,0.0,-0.5,-0.20325537025928497,0.0
9505,2014,4790,2810,Salvatore Bocchetti,h,Sub,427.0,0.0,0.0,1.0,1.0,0.0,0.0989148765802383,0.0942737609148025,-0.5,-0.10898160934448248,0.0
10254,2014,4817,2810,Salvatore Bocchetti,h,DL,449.0,0.0,0.0,1.0,1.0,0.0,0.0989148765802383,0.0942737609148025,-0.5,-0.10898160934448248,0.0
10352,2014,4820,2810,Salvatore Bocchetti,a,DL,539.0,0.0,0.0,2.0,1.0,0.0,0.108384447172284,0.0942737609148025,-0.5,-0.08057289756834518,0.0
