,season,matchId,playerId,player,homeOrAway,position,time,goals,assists,shots,yellowCard,redCard,xG,xA,bonus,xB,lastBonus
766,2014,5126,3989,Salvatore Molina,h,Sub,0.0,0.0,0.0,0.0,0.0,0.0,0.0,0.0,0.0,0.0,0.0
1155,2014,5140,3989,Salvatore Molina,h,Sub,8.0,0.0,0.0,0.0,0.0,0.0,0.0,0.0,0.0,0.0,0.0
1530,2014,5073,3989,Salvatore Molina,a,ML,47.0,0.0,0.0,1.0,1.0,0.0,0.0544859878718853,0.0,-0.5,-0.3365420363843441,-0.5
2812,2014,5040,3989,Salvatore Molina,a,ML,94.0,0.0,0.0,1.0,1.0,0.0,0.0544859878718853,0.0,-0.5,-0.3365420363843441,0.0
