,season,matchId,playerId,player,homeOrAway,position,time,goals,assists,shots,yellowCard,redCard,xG,xA,bonus,xB,lastBonus
364,2014,5112,1107,Santiago Gentiletti,h,DC,0.0,0.0,0.0,0.0,0.0,0.0,0.0,0.0,0.0,0.0,0.0
658,2014,5122,1107,Santiago Gentiletti,a,DC,90.0,0.0,0.0,0.0,0.0,0.0,0.0,0.0272051431238651,0.0,0.0272051431238651,0.0
9790,2014,4800,1107,Santiago Gentiletti,a,DC,160.0,0.0,0.0,0.0,0.0,0.0,0.0,0.0272051431238651,0.0,0.0272051431238651,0.0
10281,2014,4818,1107,Santiago Gentiletti,h,DC,236.0,1.0,0.0,1.0,0.0,0.0,0.5264617800712585,0.0272051431238651,3.0,1.6065904833376408,3.0
10461,2014,4824,1107,Santiago Gentiletti,a,DC,326.0,1.0,0.0,1.0,1.0,0.0,0.5264617800712585,0.0631586201488971,2.5,1.1425439603626728,-0.5
