,season,matchId,playerId,player,homeOrAway,position,time,goals,assists,shots,yellowCard,redCard,xG,xA,bonus,xB,lastBonus
5299,2014,4943,776,Seydou Doumbia,h,FW,0.0,0.0,0.0,0.0,0.0,0.0,0.0,0.0,0.0,0.0,0.0
5500,2014,4951,776,Seydou Doumbia,a,Sub,85.0,0.0,0.0,0.0,0.0,0.0,0.0,0.0,0.0,0.0,0.0
6256,2014,4908,776,Seydou Doumbia,h,Sub,109.0,0.0,0.0,1.0,0.0,0.0,0.1045393794775009,0.0,0.0,0.3136181384325027,0.0
6429,2014,4915,776,Seydou Doumbia,a,FW,129.0,0.0,0.0,1.0,0.0,0.0,0.1045393794775009,0.0,0.0,0.3136181384325027,0.0
6943,2014,4847,776,Seydou Doumbia,a,Sub,219.0,0.0,0.0,2.0,0.0,0.0,0.1926367282867431,0.0543898828327655,0.0,0.6323000676929951,0.0
7529,2014,4872,776,Seydou Doumbia,a,FW,234.0,0.0,0.0,4.0,0.0,0.0,0.3767559528350829,0.0543898828327655,0.0,1.1846577413380146,0.0
7779,2014,4781,776,Seydou Doumbia,h,FW,302.0,1.0,0.0,5.0,0.0,0.0,0.403014389798045,0.0543898828327655,3.0,1.263433052226901,3.0
8008,2014,4790,776,Seydou Doumbia,a,FW,362.0,2.0,0.0,6.0,0.0,0.0,0.7355883102864025,0.1147700734436511,6.0,2.3215350043028593,3.0
8770,2014,4823,776,Seydou Doumbia,h,FWR,452.0,2.0,0.0,8.0,0.0,0.0,0.8845066111534832,0.1147700734436511,6.0,2.7682899069041014,0.0
