,season,matchId,playerId,player,homeOrAway,position,time,goals,assists,shots,yellowCard,redCard,xG,xA,bonus,xB,lastBonus
4436,2014,4986,1171,Simone Pepe,h,Sub,0.0,0.0,0.0,0.0,0.0,0.0,0.0,0.0,0.0,0.0,0.0
6020,2014,4898,1171,Simone Pepe,h,Sub,15.0,0.0,0.0,1.0,0.0,0.0,0.0747318044304847,0.021487183868885,0.0,0.2456825971603393,0.0
6352,2014,4912,1171,Simone Pepe,h,Sub,42.0,0.0,1.0,1.0,0.0,0.0,0.0747318044304847,0.0739448033273219,1.0,0.2981402166187762,1.0
6805,2014,4841,1171,Simone Pepe,a,Sub,59.0,0.0,1.0,1.0,0.0,0.0,0.0747318044304847,0.1384785212576388,1.0,0.36267393454909314,0.0
7970,2014,4789,1171,Simone Pepe,h,FWR,81.0,0.0,1.0,1.0,0.0,0.0,0.0747318044304847,0.1384785212576388,1.0,0.36267393454909314,0.0
