,season,matchId,playerId,player,homeOrAway,position,time,goals,assists,shots,yellowCard,redCard,xG,xA,bonus,xB,lastBonus
1847,2014,5085,3981,Simone Benedetti,h,DC,0.0,0.0,0.0,0.0,0.0,0.0,0.0,0.0,0.0,0.0,0.0
2789,2014,5039,3981,Simone Benedetti,a,Sub,90.0,0.0,0.0,0.0,1.0,0.0,0.0,0.0,-0.5,-0.5,-0.5
3851,2014,5008,3981,Simone Benedetti,h,DC,122.0,0.0,1.0,0.0,1.0,0.0,0.0,0.4571709036827087,0.5,-0.042829096317291315,1.0
4184,2014,5020,3981,Simone Benedetti,h,DR,212.0,0.0,1.0,0.0,2.0,0.0,0.0,0.4571709036827087,0.0,-0.5428290963172913,-0.5
5752,2014,4923,3981,Simone Benedetti,a,DC,258.0,0.0,1.0,0.0,2.0,0.0,0.0,0.4571709036827087,0.0,-0.5428290963172913,0.0
