,season,matchId,playerId,player,homeOrAway,position,time,goals,assists,shots,yellowCard,redCard,xG,xA,bonus,xB,lastBonus
209,2014,5156,1894,Simone Colombi,a,GK,0.0,0.0,0.0,0.0,0.0,0.0,0.0,0.0,0.0,0.0,0.0
446,2014,5115,1894,Simone Colombi,h,GK,90.0,0.0,0.0,0.0,0.0,0.0,0.0,0.0327740386128425,0.0,0.0327740386128425,0.0
4559,2014,4960,1894,Simone Colombi,a,GK,180.0,0.0,0.0,0.0,0.0,0.0,0.0,0.0327740386128425,0.0,0.0327740386128425,0.0
