,season,matchId,playerId,player,homeOrAway,position,time,goals,assists,shots,yellowCard,redCard,xG,xA,bonus,xB,lastBonus
513,2014,5117,3992,Soufiane Bidaoui,h,Sub,0.0,0.0,0.0,0.0,0.0,0.0,0.0,0.0,0.0,0.0,0.0
4584,2014,4961,3992,Soufiane Bidaoui,h,Sub,11.0,0.0,0.0,0.0,0.0,0.0,0.0,0.0918736085295677,0.0,0.0918736085295677,0.0
4927,2014,4973,3992,Soufiane Bidaoui,a,Sub,24.0,0.0,0.0,1.0,1.0,0.0,0.0916557610034942,0.0918736085295677,-0.5,-0.1331591084599495,-0.5
5219,2014,4984,3992,Soufiane Bidaoui,h,FW,39.0,0.0,0.0,1.0,1.0,0.0,0.0916557610034942,0.0918736085295677,-0.5,-0.1331591084599495,0.0
