,season,matchId,playerId,player,homeOrAway,position,time,goals,assists,shots,yellowCard,redCard,xG,xA,bonus,xB,lastBonus
6037,2014,4933,1154,Stipe Perica,a,Sub,0.0,0.0,0.0,0.0,0.0,0.0,0.0,0.0,0.0,0.0,0.0
6789,2014,4884,1154,Stipe Perica,a,Sub,10.0,0.0,0.0,0.0,0.0,0.0,0.0,0.0,0.0,0.0,0.0
7904,2014,4834,1154,Stipe Perica,a,FW,16.0,0.0,0.0,0.0,1.0,0.0,0.0,0.0,-0.5,-0.5,-0.5
8227,2014,4846,1154,Stipe Perica,h,Sub,91.0,0.0,0.0,3.0,1.0,0.0,0.4516514837741852,0.0688090547919273,-0.5,0.9237635061144829,0.0
8923,2014,4871,1154,Stipe Perica,h,Sub,135.0,0.0,0.0,4.0,1.0,0.0,0.48976335301995266,0.0688090547919273,-0.5,1.0380991138517857,0.0
9324,2014,4783,1154,Stipe Perica,a,FW,137.0,0.0,0.0,5.0,1.0,0.0,0.5708395056426524,0.0688090547919273,-0.5,1.2813275717198849,0.0
9966,2014,4806,1154,Stipe Perica,a,FW,196.0,0.0,0.0,6.0,2.0,0.0,0.6161029897630212,0.083724639378488,-1.0,0.9320336086675525,-0.5
10231,2014,4816,1154,Stipe Perica,h,FW,263.0,1.0,0.0,8.0,2.0,0.0,1.3518863283097742,0.083724639378488,2.0,3.1393836243078113,3.0
10386,2014,4821,1154,Stipe Perica,a,FW,313.0,1.0,0.0,11.0,2.0,0.0,1.49071292206645,0.083724639378488,2.0,3.5558634055778384,0.0
