,season,matchId,playerId,player,homeOrAway,position,time,goals,assists,shots,yellowCard,redCard,xG,xA,bonus,xB,lastBonus
4640,2014,4963,1885,Tino Costa,h,Sub,0.0,0.0,0.0,0.0,0.0,0.0,0.0,0.0,0.0,0.0,0.0
4817,2014,4969,1885,Tino Costa,a,Sub,16.0,0.0,0.0,1.0,1.0,0.0,0.0153071656823158,0.0,-0.5,-0.4540785029530525,-0.5
7885,2014,4834,1885,Tino Costa,h,MC,21.0,0.0,0.0,2.0,1.0,0.0,0.0548506118357181,0.0,-0.5,-0.33544816449284565,0.0
9123,2014,4878,1885,Tino Costa,a,MC,111.0,0.0,0.0,6.0,2.0,0.0,0.1870850361883639,0.0,-1.0,-0.4387448914349079,-0.5
9271,2014,4781,1885,Tino Costa,a,Sub,171.0,0.0,1.0,8.0,3.0,0.0,0.36694535985589005,0.1858655661344528,-0.5,-0.2132983542978764,0.5
9731,2014,4798,1885,Tino Costa,h,Sub,188.0,0.0,1.0,10.0,3.0,0.0,0.39893297851085635,0.1858655661344528,-0.5,-0.11733549833297742,0.0
