,season,matchId,playerId,player,homeOrAway,position,time,goals,assists,shots,yellowCard,redCard,xG,xA,bonus,xB,lastBonus
406,2014,5116,1506,Yuto Nagatomo,h,DMR,0.0,0.0,0.0,0.0,0.0,0.0,0.0,0.0,0.0,0.0,0.0
704,2014,5128,1506,Yuto Nagatomo,a,DML,63.0,0.0,0.0,1.0,0.0,0.0,0.0308903511613607,0.0,0.0,0.0926710534840822,0.0
1098,2014,5145,1506,Yuto Nagatomo,h,DMR,153.0,0.0,0.0,2.0,0.0,0.0,0.053303230553865294,0.0,0.0,0.1599096916615962,0.0
2551,2014,5048,1506,Yuto Nagatomo,h,DMR,179.0,0.0,0.0,3.0,0.0,1.0,0.08261199854314309,0.2426829785108566,0.0,-0.00948102585971361,0.0
2788,2014,5058,1506,Yuto Nagatomo,a,DR,269.0,0.0,0.0,3.0,0.0,1.0,0.08261199854314309,0.3326634168624877,0.0,0.08049941249191749,0.0
3217,2014,5007,1506,Yuto Nagatomo,h,DR,359.0,0.0,0.0,3.0,0.0,1.0,0.08261199854314309,0.3470682688057421,0.0,0.09490426443517189,0.0
3511,2014,5019,1506,Yuto Nagatomo,a,DL,449.0,0.0,0.0,4.0,0.0,1.0,0.1100513767451046,0.3470682688057421,0.0,0.17722239904105638,0.0
3738,2014,5029,1506,Yuto Nagatomo,h,FWL,539.0,0.0,0.0,6.0,0.0,1.0,0.23404232226312138,0.3470682688057421,0.0,0.5491952355951067,0.0
5085,2014,4934,1506,Yuto Nagatomo,h,DL,629.0,0.0,0.0,7.0,0.0,1.0,0.29959036223590346,0.4116798900067804,0.0,0.8104509767144914,0.0
8180,2014,4797,1506,Yuto Nagatomo,a,Sub,664.0,0.0,0.0,7.0,0.0,1.0,0.29959036223590346,0.4116798900067804,0.0,0.8104509767144914,0.0
8216,2014,4799,1506,Yuto Nagatomo,h,Sub,684.0,0.0,0.0,7.0,1.0,1.0,0.29959036223590346,0.4116798900067804,0.0,0.3104509767144914,0.0
8472,2014,4810,1506,Yuto Nagatomo,a,DL,703.0,0.0,0.0,7.0,1.0,1.0,0.29959036223590346,0.4735098667442796,0.0,0.3722809534519906,0.0
8832,2014,4826,1506,Yuto Nagatomo,h,DR,793.0,0.0,0.0,8.0,1.0,1.0,0.31766016222536536,0.4735098667442796,0.0,0.42649035342037617,0.0
