,season,matchId,playerId,player,homeOrAway,position,time,goals,assists,shots,yellowCard,redCard,xG,xA,bonus,xB,lastBonus
2123,2014,5108,3825,Álvaro González,a,Sub,0.0,0.0,0.0,0.0,0.0,0.0,0.0,0.0,0.0,0.0,0.0
2863,2014,5061,3825,Álvaro González,a,MC,30.0,0.0,0.0,0.0,0.0,0.0,0.0,0.0,0.0,0.0,0.0
3315,2014,5011,3825,Álvaro González,h,MC,120.0,0.0,0.0,0.0,0.0,0.0,0.0,0.122125007212162,0.0,0.122125007212162,0.0
5233,2014,4940,3825,Álvaro González,h,Sub,210.0,0.0,0.0,3.0,0.0,0.0,0.1786952018737793,0.2393711507320403,0.0,0.7754567563533783,0.0
7944,2014,4788,3825,Álvaro González,h,MC,228.0,0.0,0.0,3.0,0.0,0.0,0.1786952018737793,0.2393711507320403,0.0,0.7754567563533783,0.0
