,season,matchId,playerId,player,homeOrAway,position,time,goals,assists,shots,yellowCard,redCard,xG,xA,bonus,xB,lastBonus
770,2021,16778,3674,Abdoulaye Touré,a,MC,0.0,0.0,0.0,0.0,0.0,0.0,0.0,0.0,0.0,0.0,0.0
974,2021,16787,3674,Abdoulaye Touré,h,DMC,90.0,0.0,0.0,0.0,0.0,0.0,0.0,0.0408150926232337,0.0,0.0408150926232337,0.0
1936,2021,16822,3674,Abdoulaye Touré,a,MC,159.0,0.0,0.0,0.0,1.0,0.0,0.0,0.0408150926232337,-0.5,-0.4591849073767663,-0.5
2349,2021,16828,3674,Abdoulaye Touré,h,MC,236.0,0.0,0.0,2.0,1.0,0.0,0.0996471717953682,0.0774196907877921,-0.5,-0.12363879382610332,0.0
2516,2021,16845,3674,Abdoulaye Touré,a,MC,316.0,0.0,0.0,3.0,1.0,0.0,0.10962795838713639,0.0774196907877921,-0.5,-0.09369643405079862,0.0
3282,2021,16859,3674,Abdoulaye Touré,h,Sub,362.0,0.0,0.0,3.0,1.0,0.0,0.10962795838713639,0.0774196907877921,-0.5,-0.09369643405079862,0.0
4214,2021,16894,3674,Abdoulaye Touré,a,Sub,388.0,0.0,0.0,4.0,1.0,0.0,0.1236350182443856,0.0774196907877921,-0.5,-0.05167525447905093,0.0
4890,2021,16909,3674,Abdoulaye Touré,a,MC,389.0,0.0,0.0,4.0,1.0,0.0,0.1236350182443856,0.0774196907877921,-0.5,-0.05167525447905093,0.0
