,season,matchId,playerId,player,homeOrAway,position,time,goals,assists,shots,yellowCard,redCard,xG,xA,bonus,xB,lastBonus
76,2021,16758,2711,Aleksey Miranchuk,a,Sub,0.0,0.0,0.0,0.0,0.0,0.0,0.0,0.0,0.0,0.0,0.0
550,2021,16776,2711,Aleksey Miranchuk,h,AMC,32.0,0.0,0.0,0.0,0.0,0.0,0.0,0.0668747425079345,0.0,0.0668747425079345,0.0
848,2021,16792,2711,Aleksey Miranchuk,a,AMC,86.0,0.0,0.0,0.0,0.0,0.0,0.0,0.12440545111894599,0.0,0.12440545111894599,0.0
2176,2021,16836,2711,Aleksey Miranchuk,h,Sub,133.0,0.0,0.0,0.0,0.0,0.0,0.0,0.20402201265096648,0.0,0.20402201265096648,0.0
4164,2021,16918,2711,Aleksey Miranchuk,a,FWR,158.0,0.0,0.0,1.0,0.0,0.0,0.0654997527599334,0.20402201265096648,0.0,0.40052127093076684,0.0
4339,2021,16926,2711,Aleksey Miranchuk,h,Sub,236.0,1.0,0.0,2.0,0.0,0.0,0.3970887660980224,0.42160429805517174,3.0,1.6128705963492391,3.0
4545,2021,16937,2711,Aleksey Miranchuk,a,AMC,259.0,1.0,0.0,5.0,0.0,0.0,0.5383070856332778,0.42160429805517174,3.0,2.0365255549550056,0.0
4986,2021,16964,2711,Aleksey Miranchuk,a,Sub,326.0,1.0,0.0,5.0,0.0,0.0,0.5383070856332778,0.5377746820449827,3.0,2.1526959389448166,0.0
