,season,matchId,playerId,player,homeOrAway,position,time,goals,assists,shots,yellowCard,redCard,xG,xA,bonus,xB,lastBonus
307,2021,16765,1119,Alessio Romagnoli,a,Sub,0.0,0.0,0.0,0.0,0.0,0.0,0.0,0.0,0.0,0.0,0.0
845,2021,16780,1119,Alessio Romagnoli,h,DC,1.0,0.0,0.0,0.0,0.0,0.0,0.0,0.0,0.0,0.0,0.0
1209,2021,16790,1119,Alessio Romagnoli,a,DC,91.0,0.0,0.0,2.0,0.0,0.0,0.0973648652434349,0.0,0.0,0.2920945957303047,0.0
1446,2021,16800,1119,Alessio Romagnoli,h,DC,181.0,0.0,0.0,2.0,0.0,0.0,0.0973648652434349,0.0117294332012534,0.0,0.30382402893155813,0.0
1586,2021,16812,1119,Alessio Romagnoli,a,DC,271.0,0.0,0.0,2.0,0.0,0.0,0.0973648652434349,0.0117294332012534,0.0,0.30382402893155813,0.0
2252,2021,16831,1119,Alessio Romagnoli,h,DC,361.0,0.0,0.0,2.0,0.0,0.0,0.0973648652434349,0.0117294332012534,0.0,0.30382402893155813,0.0
2863,2021,16850,1119,Alessio Romagnoli,h,DC,451.0,0.0,0.0,2.0,0.0,0.0,0.0973648652434349,0.0117294332012534,0.0,0.30382402893155813,0.0
3391,2021,16862,1119,Alessio Romagnoli,a,Sub,497.0,0.0,0.0,2.0,1.0,0.0,0.0973648652434349,0.0117294332012534,-0.5,-0.19617597106844187,-0.5
4219,2021,16889,1119,Alessio Romagnoli,h,DC,510.0,0.0,0.0,2.0,1.0,0.0,0.0973648652434349,0.0117294332012534,-0.5,-0.19617597106844187,0.0
4654,2021,16910,1119,Alessio Romagnoli,h,DC,588.0,1.0,0.0,3.0,1.0,1.0,0.1379005797207355,0.0117294332012534,2.0,-0.5745688276365399,2.5
5072,2021,16924,1119,Alessio Romagnoli,a,DC,678.0,1.0,0.0,4.0,1.0,1.0,0.154040541499853,0.0117294332012534,2.0,-0.5261489422991872,0.0
5556,2021,16931,1119,Alessio Romagnoli,h,DC,768.0,1.0,0.0,6.0,1.0,1.0,0.2187606357038019,0.0117294332012534,2.0,-0.33198865968734026,0.0
5819,2021,16936,1119,Alessio Romagnoli,a,DC,858.0,1.0,0.0,6.0,1.0,1.0,0.2187606357038019,0.0233465088531374,2.0,-0.32037158403545624,0.0
