,season,matchId,playerId,player,homeOrAway,position,time,goals,assists,shots,yellowCard,redCard,xG,xA,bonus,xB,lastBonus
617,2021,16775,1380,Amadou Diawara,a,Sub,0.0,0.0,0.0,0.0,0.0,0.0,0.0,0.0,0.0,0.0,0.0
4284,2021,16891,1380,Amadou Diawara,h,DMC,6.0,0.0,0.0,0.0,0.0,0.0,0.0,0.0,0.0,0.0,0.0
4485,2021,16897,1380,Amadou Diawara,a,DMC,96.0,0.0,0.0,1.0,0.0,0.0,0.0216388516128063,0.0,0.0,0.0649165548384189,0.0
5256,2021,16921,1380,Amadou Diawara,h,Sub,145.0,0.0,0.0,1.0,0.0,0.0,0.0216388516128063,0.0157158486545085,0.0,0.08063240349292741,0.0
