,season,matchId,playerId,player,homeOrAway,position,time,goals,assists,shots,yellowCard,redCard,xG,xA,bonus,xB,lastBonus
2743,2021,16863,1493,Andrea Petagna,a,Sub,0.0,0.0,0.0,0.0,0.0,0.0,0.0,0.0,0.0,0.0,0.0
3201,2021,16881,1493,Andrea Petagna,a,Sub,27.0,0.0,0.0,1.0,0.0,0.0,0.1304174959659576,0.0,0.0,0.3912524878978729,0.0
3501,2021,16890,1493,Andrea Petagna,h,Sub,61.0,0.0,0.0,1.0,0.0,0.0,0.1304174959659576,0.0,0.0,0.3912524878978729,0.0
3715,2021,16904,1493,Andrea Petagna,a,Sub,86.0,0.0,0.0,1.0,0.0,0.0,0.1304174959659576,0.0986056551337242,0.0,0.48985814303159714,0.0
3828,2021,16911,1493,Andrea Petagna,h,Sub,109.0,0.0,0.0,1.0,0.0,0.0,0.1304174959659576,0.1761837378144264,0.0,0.5674362257122993,0.0
4183,2021,16920,1493,Andrea Petagna,h,Sub,132.0,0.0,0.0,2.0,0.0,0.0,0.2487162053585052,0.1761837378144264,0.0,0.9223323538899422,0.0
4524,2021,16931,1493,Andrea Petagna,a,FW,157.0,0.0,0.0,4.0,0.0,0.0,0.3794618397951125,0.1761837378144264,0.0,1.3145692571997643,0.0
4735,2021,16941,1493,Andrea Petagna,h,Sub,235.0,0.0,0.0,5.0,0.0,0.0,0.4635047018527983,0.1761837378144264,0.0,1.5666978433728218,0.0
4949,2021,16961,1493,Andrea Petagna,h,FW,277.0,0.0,0.0,6.0,1.0,0.0,0.5139357224106786,0.2403365671634673,0.0,1.282143734395504,0.0
