,season,matchId,playerId,player,homeOrAway,position,time,goals,assists,shots,yellowCard,redCard,xG,xA,bonus,xB,lastBonus
220,2021,16762,7136,Arnór Sigurdsson,a,Sub,0.0,0.0,0.0,0.0,0.0,0.0,0.0,0.0,0.0,0.0,0.0
337,2021,16766,7136,Arnór Sigurdsson,a,Sub,25.0,0.0,0.0,0.0,0.0,0.0,0.0,0.0,0.0,0.0,0.0
2616,2021,16844,7136,Arnór Sigurdsson,a,Sub,44.0,0.0,0.0,0.0,0.0,0.0,0.0,0.0,0.0,0.0,0.0
3559,2021,16875,7136,Arnór Sigurdsson,h,Sub,74.0,0.0,0.0,0.0,0.0,0.0,0.0,0.0,0.0,0.0,0.0
5520,2021,16933,7136,Arnór Sigurdsson,a,Sub,116.0,0.0,0.0,0.0,0.0,0.0,0.0,0.0,0.0,0.0,0.0
5690,2021,16945,7136,Arnór Sigurdsson,h,Sub,137.0,0.0,0.0,1.0,0.0,0.0,0.1058088541030883,0.0,0.0,0.3174265623092651,0.0
