,season,matchId,playerId,player,homeOrAway,position,time,goals,assists,shots,yellowCard,redCard,xG,xA,bonus,xB,lastBonus
2447,2021,16829,6942,Arthur,h,Sub,0.0,0.0,0.0,0.0,0.0,0.0,0.0,0.0,0.0,0.0,0.0
2799,2021,16840,6942,Arthur,a,Sub,10.0,0.0,0.0,0.0,0.0,0.0,0.0,0.0,0.0,0.0,0.0
2907,2021,16848,6942,Arthur,h,Sub,14.0,0.0,0.0,0.0,0.0,0.0,0.0,0.0,0.0,0.0,0.0
3163,2021,16860,6942,Arthur,a,MC,23.0,0.0,0.0,0.0,0.0,0.0,0.0,0.0,0.0,0.0,0.0
5389,2021,16927,6942,Arthur,a,MC,92.0,0.0,0.0,0.0,1.0,0.0,0.0,0.0052492856048047,-0.5,-0.4947507143951952,-0.5
5622,2021,16940,6942,Arthur,h,MC,153.0,0.0,0.0,0.0,1.0,0.0,0.0,0.0206673541106283,-0.5,-0.4793326458893716,0.0
6216,2021,16962,6942,Arthur,a,Sub,236.0,0.0,0.0,0.0,1.0,0.0,0.0,0.0457832315005361,-0.5,-0.4542167684994638,0.0
6405,2021,16969,6942,Arthur,h,MC,258.0,0.0,0.0,0.0,1.0,0.0,0.0,0.0457832315005361,-0.5,-0.4542167684994638,0.0
