,season,matchId,playerId,player,homeOrAway,position,time,goals,assists,shots,yellowCard,redCard,xG,xA,bonus,xB,lastBonus
618,2021,16775,2252,Borja Mayoral,a,Sub,0.0,0.0,0.0,0.0,0.0,0.0,0.0,0.0,0.0,0.0,0.0
1159,2021,16788,2252,Borja Mayoral,a,Sub,6.0,0.0,0.0,1.0,0.0,0.0,0.1417939066886901,0.0,0.0,0.4253817200660705,0.0
3574,2021,16875,2252,Borja Mayoral,a,Sub,17.0,0.0,0.0,1.0,0.0,0.0,0.1417939066886901,0.0,0.0,0.4253817200660705,0.0
5252,2021,16921,2252,Borja Mayoral,h,FW,22.0,0.0,0.0,1.0,0.0,0.0,0.1417939066886901,0.0,0.0,0.4253817200660705,0.0
6203,2021,16962,2252,Borja Mayoral,h,Sub,88.0,0.0,0.0,1.0,0.0,0.0,0.1417939066886901,0.0,0.0,0.4253817200660705,0.0
