,season,matchId,playerId,player,homeOrAway,position,time,goals,assists,shots,yellowCard,redCard,xG,xA,bonus,xB,lastBonus
1345,2021,16807,8475,Bosko Sutalo,a,Sub,0.0,0.0,0.0,0.0,0.0,0.0,0.0,0.0,0.0,0.0,0.0
1853,2021,16831,8475,Bosko Sutalo,a,Sub,43.0,0.0,0.0,1.0,0.0,0.0,0.0147132193669676,0.0,0.0,0.044139658100903,0.0
2228,2021,16839,8475,Bosko Sutalo,h,Sub,85.0,0.0,0.0,1.0,0.0,0.0,0.0147132193669676,0.0,0.0,0.044139658100903,0.0
2433,2021,16854,8475,Bosko Sutalo,a,DC,105.0,0.0,0.0,1.0,0.0,0.0,0.0147132193669676,0.0,0.0,0.044139658100903,0.0
2578,2021,16860,8475,Bosko Sutalo,h,Sub,179.0,0.0,0.0,1.0,0.0,0.0,0.0147132193669676,0.0,0.0,0.044139658100903,0.0
4155,2021,16918,8475,Bosko Sutalo,h,Sub,202.0,0.0,0.0,1.0,0.0,0.0,0.0147132193669676,0.0,0.0,0.044139658100903,0.0
4501,2021,16935,8475,Bosko Sutalo,a,Sub,221.0,0.0,0.0,1.0,0.0,0.0,0.0147132193669676,0.0,0.0,0.044139658100903,0.0
4627,2021,16938,8475,Bosko Sutalo,h,DC,281.0,0.0,0.0,2.0,0.0,0.0,0.0593751771375536,0.0,0.0,0.17812553141266102,0.0
