,season,matchId,playerId,player,homeOrAway,position,time,goals,assists,shots,yellowCard,redCard,xG,xA,bonus,xB,lastBonus
304,2021,16765,6421,Brahim Diaz,a,AMC,0.0,0.0,0.0,0.0,0.0,0.0,0.0,0.0,0.0,0.0,0.0
566,2021,16774,6421,Brahim Diaz,h,AMC,70.0,1.0,0.0,3.0,0.0,0.0,0.2585065066814422,0.0,3.0,0.7755195200443268,3.0
851,2021,16780,6421,Brahim Diaz,h,AMC,156.0,1.0,1.0,4.0,1.0,0.0,0.28827147744595993,0.3606456816196441,3.5,0.7254601139575244,0.5
1214,2021,16790,6421,Brahim Diaz,a,AMC,242.0,1.0,1.0,6.0,1.0,0.0,0.36847031675279124,0.3606456816196441,3.5,0.9660566318780184,0.0
1451,2021,16800,6421,Brahim Diaz,h,AMC,332.0,1.0,1.0,7.0,1.0,0.0,0.38019974995404465,0.5227519571781157,3.5,1.1633512070402503,0.0
1595,2021,16812,6421,Brahim Diaz,a,Sub,413.0,2.0,1.0,9.0,1.0,0.0,1.2476421194151042,0.5861138701438903,6.5,3.829040228389203,3.0
2181,2021,16816,6421,Brahim Diaz,a,AMC,421.0,3.0,1.0,10.0,1.0,0.0,1.7283475892618296,0.6123365275561807,9.5,5.2973792953416705,3.0
3705,2021,16870,6421,Brahim Diaz,h,AMR,496.0,3.0,1.0,12.0,2.0,0.0,1.9219409720972178,0.6639358736574648,9.0,5.429758789949119,-0.5
3811,2021,16878,6421,Brahim Diaz,a,AMC,556.0,3.0,1.0,12.0,2.0,0.0,1.9219409720972178,0.6639358736574648,9.0,5.429758789949119,0.0
4224,2021,16889,6421,Brahim Diaz,h,AMC,615.0,3.0,1.0,12.0,2.0,0.0,1.9219409720972178,0.7589185796678064,9.0,5.524741495959461,0.0
4552,2021,16899,6421,Brahim Diaz,a,AMC,662.0,3.0,1.0,12.0,2.0,0.0,1.9219409720972178,0.7589185796678064,9.0,5.524741495959461,0.0
4660,2021,16910,6421,Brahim Diaz,h,AMC,743.0,3.0,2.0,14.0,2.0,0.0,2.082975049503147,1.0259796045720575,10.0,6.2749047530815005,1.0
5078,2021,16924,6421,Brahim Diaz,a,AMC,833.0,3.0,3.0,19.0,2.0,0.0,3.617898364551365,1.510796185582876,11.0,11.364491279236972,1.0
5562,2021,16931,6421,Brahim Diaz,h,AMC,915.0,3.0,3.0,21.0,2.0,0.0,3.785499055869877,1.510796185582876,11.0,11.867293353192508,0.0
5829,2021,16936,6421,Brahim Diaz,a,Sub,978.0,3.0,3.0,21.0,2.0,0.0,3.785499055869877,1.510796185582876,11.0,11.867293353192508,0.0
5984,2021,16951,6421,Brahim Diaz,h,AMC,986.0,3.0,3.0,21.0,2.0,0.0,3.785499055869877,1.510796185582876,11.0,11.867293353192508,0.0
6062,2021,16965,6421,Brahim Diaz,a,AMC,1076.0,3.0,3.0,23.0,2.0,0.0,3.8900226922705765,1.5689406767487524,11.0,12.239008753560483,0.0
6588,2021,16970,6421,Brahim Diaz,h,AMC,1149.0,3.0,3.0,24.0,2.0,0.0,3.972960037179291,1.5689406767487524,11.0,12.487820788286626,0.0
