,season,matchId,playerId,player,homeOrAway,position,time,goals,assists,shots,yellowCard,redCard,xG,xA,bonus,xB,lastBonus
166,2021,16762,9879,Daan Heymans,a,MC,0.0,0.0,0.0,0.0,0.0,0.0,0.0,0.0,0.0,0.0,0.0
260,2021,16766,9879,Daan Heymans,a,MC,76.0,0.0,0.0,2.0,1.0,0.0,0.0370430909097194,0.0,0.0,-0.3888707272708416,0.0
514,2021,16779,9879,Daan Heymans,a,Sub,133.0,0.0,0.0,3.0,2.0,0.0,0.0549877863377332,0.0,0.0,-0.8350366409868002,0.0
2330,2021,16855,9879,Daan Heymans,h,Sub,191.0,0.0,0.0,3.0,3.0,0.0,0.0549877863377332,0.0073858820833265,0.0,-1.3276507589034736,0.0
