,season,matchId,playerId,player,homeOrAway,position,time,goals,assists,shots,yellowCard,redCard,xG,xA,bonus,xB,lastBonus
258,2021,16764,5699,Dalbert,h,DML,0.0,0.0,0.0,0.0,0.0,0.0,0.0,0.0,0.0,0.0,0.0
579,2021,16774,5699,Dalbert,a,DML,90.0,0.0,0.0,0.0,0.0,0.0,0.0,0.1502305716276168,0.0,0.1502305716276168,0.0
752,2021,16778,5699,Dalbert,h,DML,166.0,0.0,0.0,0.0,1.0,0.0,0.0,0.1502305716276168,-0.5,-0.34976942837238323,-0.5
1181,2021,16791,5699,Dalbert,a,DML,256.0,0.0,0.0,0.0,1.0,0.0,0.0,0.2461565285921096,-0.5,-0.25384347140789043,0.0
1416,2021,16798,5699,Dalbert,h,DML,314.0,0.0,0.0,0.0,1.0,0.0,0.0,0.2716077920049428,-0.5,-0.22839220799505722,0.0
2290,2021,16826,5699,Dalbert,h,ML,404.0,0.0,0.0,1.0,1.0,0.0,0.0249944012612104,0.3345701154321431,-0.5,-0.09044668078422563,0.0
4038,2021,16886,5699,Dalbert,h,DML,414.0,0.0,0.0,2.0,1.0,0.0,0.1055249776691198,0.3345701154321431,-0.5,0.15114504843950247,0.0
4426,2021,16900,5699,Dalbert,a,MC,478.0,0.0,0.0,2.0,2.0,0.0,0.1055249776691198,0.3345701154321431,-1.0,-0.3488549515604975,-0.5
4936,2021,16907,5699,Dalbert,h,DML,552.0,0.0,0.0,3.0,2.0,0.0,0.11640151683241119,0.3822735864669083,-1.0,-0.2685218630358579,0.0
5232,2021,16919,5699,Dalbert,a,DML,640.0,0.0,0.0,3.0,3.0,0.0,0.11640151683241119,0.4237729478627441,-1.5,-0.727022501640022,-0.5
5404,2021,16928,5699,Dalbert,h,DML,730.0,0.0,0.0,3.0,3.0,0.0,0.11640151683241119,0.4237729478627441,-1.5,-0.727022501640022,0.0
5639,2021,16940,5699,Dalbert,a,MC,778.0,0.0,0.0,3.0,4.0,0.0,0.11640151683241119,0.4601315055042502,-2.0,-1.1906639439985158,-0.5
6322,2021,16956,5699,Dalbert,h,Sub,862.0,0.0,0.0,5.0,5.0,0.0,0.6594419116154312,0.4601315055042502,-2.5,-0.06154275964945577,-0.5
6509,2021,16971,5699,Dalbert,a,DML,893.0,0.0,0.0,5.0,5.0,0.0,0.6594419116154312,0.4601315055042502,-2.5,-0.06154275964945577,0.0
