,season,matchId,playerId,player,homeOrAway,position,time,goals,assists,shots,yellowCard,redCard,xG,xA,bonus,xB,lastBonus
2847,2021,16868,1301,Daniele Rugani,h,DC,0.0,0.0,0.0,0.0,0.0,0.0,0.0,0.0,0.0,0.0,0.0
4866,2021,16949,1301,Daniele Rugani,h,DC,90.0,0.0,0.0,1.0,1.0,0.0,0.064573273062706,0.0,0.0,-0.306280180811882,0.0
5025,2021,16962,1301,Daniele Rugani,a,DC,180.0,0.0,0.0,1.0,1.0,0.0,0.064573273062706,0.0,0.0,-0.306280180811882,0.0
5178,2021,16969,1301,Daniele Rugani,h,DC,270.0,0.0,0.0,1.0,1.0,0.0,0.064573273062706,0.0,0.0,-0.306280180811882,0.0
