,season,matchId,playerId,player,homeOrAway,position,time,goals,assists,shots,yellowCard,redCard,xG,xA,bonus,xB,lastBonus
340,2021,16766,9888,David Schnegg,a,Sub,0.0,0.0,0.0,0.0,0.0,0.0,0.0,0.0,0.0,0.0,0.0
642,2021,16779,9888,David Schnegg,a,DL,12.0,0.0,0.0,0.0,1.0,0.0,0.0,0.0085370121523737,-0.5,-0.4914629878476262,-0.5
1855,2021,16814,9888,David Schnegg,h,DL,61.0,0.0,0.0,0.0,1.0,0.0,0.0,0.0085370121523737,-0.5,-0.4914629878476262,0.0
4369,2021,16896,9888,David Schnegg,a,Sub,127.0,0.0,0.0,0.0,1.0,0.0,0.0,0.0085370121523737,-0.5,-0.4914629878476262,0.0
