,season,matchId,playerId,player,homeOrAway,position,time,goals,assists,shots,yellowCard,redCard,xG,xA,bonus,xB,lastBonus
649,2021,16785,9982,David Zima,h,DC,0.0,0.0,0.0,0.0,0.0,0.0,0.0,0.0,0.0,0.0,0.0
1579,2021,16825,9982,David Zima,h,DC,90.0,0.0,1.0,0.0,0.0,0.0,0.0,0.6165215373039246,1.0,0.6165215373039246,1.0
3258,2021,16885,9982,David Zima,h,Sub,180.0,0.0,1.0,2.0,0.0,0.0,0.0773020088672638,0.6165215373039246,1.0,0.8484275639057158,0.0
3489,2021,16891,9982,David Zima,a,Sub,199.0,0.0,1.0,2.0,0.0,0.0,0.0773020088672638,0.6165215373039246,1.0,0.8484275639057158,0.0
3719,2021,16905,9982,David Zima,h,DC,237.0,0.0,1.0,2.0,1.0,0.0,0.0773020088672638,0.6165215373039246,1.0,0.34842756390571583,0.0
4009,2021,16907,9982,David Zima,a,DC,327.0,0.0,1.0,2.0,1.0,0.0,0.0773020088672638,0.6165215373039246,1.0,0.34842756390571583,0.0
4122,2021,16923,9982,David Zima,h,DC,417.0,0.0,1.0,2.0,2.0,0.0,0.0773020088672638,0.6439964901655911,1.0,-0.12409748323261749,0.0
4489,2021,16935,9982,David Zima,h,Sub,507.0,0.0,1.0,3.0,2.0,0.0,0.4224499762058258,0.6439964901655911,1.0,0.9113464187830685,0.0
5142,2021,16973,9982,David Zima,a,DC,540.0,0.0,1.0,3.0,2.0,0.0,0.4224499762058258,0.6439964901655911,1.0,0.9113464187830685,0.0
