,season,matchId,playerId,player,homeOrAway,position,time,goals,assists,shots,yellowCard,redCard,xG,xA,bonus,xB,lastBonus
1724,2021,16819,5246,Diego Demme,a,Sub,0.0,0.0,0.0,0.0,0.0,0.0,0.0,0.0,0.0,0.0,0.0
3500,2021,16890,5246,Diego Demme,h,Sub,19.0,0.0,0.0,0.0,1.0,0.0,0.0,0.0,0.0,-0.5,0.0
3717,2021,16904,5246,Diego Demme,a,Sub,35.0,0.0,0.0,0.0,2.0,0.0,0.0,0.0,0.0,-1.0,0.0
3830,2021,16911,5246,Diego Demme,h,Sub,51.0,0.0,0.0,0.0,3.0,0.0,0.0,0.0,0.0,-1.5,0.0
4175,2021,16920,5246,Diego Demme,h,DMC,85.0,0.0,0.0,0.0,3.0,0.0,0.0,0.0,0.0,-1.5,0.0
4519,2021,16931,5246,Diego Demme,a,DMC,150.0,0.0,0.0,0.0,3.0,0.0,0.0,0.0281503591686487,0.0,-1.4718496408313513,0.0
4882,2021,16949,5246,Diego Demme,a,DMC,204.0,0.0,0.0,0.0,3.0,0.0,0.0,0.0281503591686487,0.0,-1.4718496408313513,0.0
4944,2021,16961,5246,Diego Demme,h,DMC,294.0,0.0,0.0,0.0,4.0,0.0,0.0,0.0720742177218198,0.0,-1.9279257822781801,0.0
