,season,matchId,playerId,player,homeOrAway,position,time,goals,assists,shots,yellowCard,redCard,xG,xA,bonus,xB,lastBonus
794,2021,16784,6203,Eddie Salcedo,h,Sub,0.0,0.0,0.0,0.0,0.0,0.0,0.0,0.0,0.0,0.0,0.0
1393,2021,16804,6203,Eddie Salcedo,h,Sub,1.0,0.0,0.0,0.0,0.0,0.0,0.0,0.0,0.0,0.0,0.0
2196,2021,16833,6203,Eddie Salcedo,h,AMC,6.0,0.0,0.0,0.0,0.0,0.0,0.0,0.0,0.0,0.0,0.0
2548,2021,16843,6203,Eddie Salcedo,a,AMC,83.0,0.0,0.0,6.0,0.0,0.0,0.9450938105583192,0.0743517726659774,0.0,2.9096332043409348,0.0
2808,2021,16853,6203,Eddie Salcedo,h,AMC,163.0,0.0,0.0,10.0,0.0,0.0,1.1634612530469894,0.1459782198071479,0.0,3.6363619789481163,0.0
3259,2021,16858,6203,Eddie Salcedo,a,AMR,241.0,0.0,0.0,11.0,0.0,0.0,1.2376390248537064,0.16967351548373688,0.0,3.882590590044856,0.0
3465,2021,16873,6203,Eddie Salcedo,h,Sub,289.0,0.0,0.0,12.0,0.0,0.0,1.2882688120007515,0.16967351548373688,0.0,4.0344799514859915,0.0
4260,2021,16893,6203,Eddie Salcedo,h,Sub,306.0,0.0,0.0,12.0,0.0,0.0,1.2882688120007515,0.16967351548373688,0.0,4.0344799514859915,0.0
4521,2021,16901,6203,Eddie Salcedo,a,FW,337.0,0.0,0.0,13.0,1.0,0.0,1.3540581315755844,0.16967351548373688,-0.5,3.7318479102104902,-0.5
