,season,matchId,playerId,player,homeOrAway,position,time,goals,assists,shots,yellowCard,redCard,xG,xA,bonus,xB,lastBonus
1784,2021,16833,6203,Eddie Salcedo,h,AMC,0.0,0.0,0.0,0.0,0.0,0.0,0.0,0.0,0.0,0.0,0.0
2079,2021,16843,6203,Eddie Salcedo,a,AMC,77.0,0.0,0.0,6.0,0.0,0.0,0.9450938105583192,0.0743517726659774,0.0,2.9096332043409348,0.0
2300,2021,16853,6203,Eddie Salcedo,h,AMC,157.0,0.0,0.0,10.0,0.0,0.0,1.1634612530469894,0.1459782198071479,0.0,3.6363619789481163,0.0
2662,2021,16858,6203,Eddie Salcedo,a,AMR,235.0,0.0,0.0,11.0,0.0,0.0,1.2376390248537064,0.16967351548373688,0.0,3.882590590044856,0.0
2831,2021,16873,6203,Eddie Salcedo,h,Sub,283.0,0.0,0.0,12.0,0.0,0.0,1.2882688120007515,0.16967351548373688,0.0,4.0344799514859915,0.0
3458,2021,16893,6203,Eddie Salcedo,h,Sub,300.0,0.0,0.0,12.0,0.0,0.0,1.2882688120007515,0.16967351548373688,0.0,4.0344799514859915,0.0
3662,2021,16901,6203,Eddie Salcedo,a,FW,331.0,0.0,0.0,13.0,1.0,0.0,1.3540581315755844,0.16967351548373688,0.0,3.7318479102104902,0.0
