,season,matchId,playerId,player,homeOrAway,position,time,goals,assists,shots,yellowCard,redCard,xG,xA,bonus,xB,lastBonus
190,2021,16763,1448,Erick Pulgar,a,MC,0.0,0.0,0.0,0.0,0.0,0.0,0.0,0.0,0.0,0.0,0.0
350,2021,16770,1448,Erick Pulgar,h,MC,90.0,0.0,1.0,1.0,1.0,0.0,0.0343187972903251,0.5406227111816406,1.0,0.1435791030526161,1.0
789,2021,16787,1448,Erick Pulgar,a,MC,180.0,0.0,1.0,1.0,1.0,0.0,0.0343187972903251,0.5591848734766244,1.0,0.1621412653475999,0.0
1706,2021,16819,1448,Erick Pulgar,h,MC,263.0,0.0,1.0,2.0,1.0,0.0,0.0499658994376658,0.6159697119146583,1.0,0.2658674102276562,0.0
