,season,matchId,playerId,player,homeOrAway,position,time,goals,assists,shots,yellowCard,redCard,xG,xA,bonus,xB,lastBonus
2473,2021,16847,9924,Fabiano Parisi,h,DL,0.0,0.0,0.0,0.0,0.0,0.0,0.0,0.0,0.0,0.0,0.0
2806,2021,16867,9924,Fabiano Parisi,h,Sub,90.0,0.0,0.0,1.0,0.0,0.0,0.0373829863965511,0.0,0.0,0.1121489591896534,0.0
3298,2021,16887,9924,Fabiano Parisi,h,DL,118.0,0.0,1.0,1.0,0.0,0.0,0.0373829863965511,0.0177669618278741,1.0,0.1299159210175275,1.0
3743,2021,16905,9924,Fabiano Parisi,a,Sub,193.0,0.0,1.0,1.0,0.0,0.0,0.0373829863965511,0.0177669618278741,1.0,0.1299159210175275,0.0
3975,2021,16908,9924,Fabiano Parisi,h,DL,221.0,0.0,1.0,3.0,0.0,0.0,0.10146878287196151,0.0320437038317321,1.0,0.3364500524476169,0.0
4187,2021,16920,9924,Fabiano Parisi,a,DL,311.0,0.0,1.0,3.0,1.0,0.0,0.10146878287196151,0.1333773741498587,1.0,-0.062216277234256434,0.0
4450,2021,16934,9924,Fabiano Parisi,a,Sub,401.0,0.0,1.0,4.0,1.0,0.0,0.1641645915806292,0.1333773741498587,1.0,0.12587114889174678,0.0
4703,2021,16936,9924,Fabiano Parisi,h,DL,428.0,0.0,1.0,5.0,1.0,0.0,0.21229685470461832,0.1775344396010038,1.0,0.31442500371485926,0.0
4787,2021,16950,9924,Fabiano Parisi,a,DL,518.0,0.0,1.0,5.0,1.0,0.0,0.21229685470461832,0.2964678863063451,1.0,0.43335845042020055,0.0
