,season,matchId,playerId,player,homeOrAway,position,time,goals,assists,shots,yellowCard,redCard,xG,xA,bonus,xB,lastBonus
3091,2021,16851,1387,Faouzi Ghoulam,h,Sub,0.0,0.0,0.0,0.0,0.0,0.0,0.0,0.0,0.0,0.0,0.0
4324,2021,16890,1387,Faouzi Ghoulam,h,Sub,2.0,0.0,0.0,0.0,0.0,0.0,0.0,0.0,0.0,0.0,0.0
5584,2021,16931,1387,Faouzi Ghoulam,a,Sub,5.0,0.0,0.0,0.0,0.0,0.0,0.0,0.0,0.0,0.0,0.0
5843,2021,16941,1387,Faouzi Ghoulam,h,Sub,9.0,0.0,0.0,0.0,0.0,0.0,0.0,0.0,0.0,0.0,0.0
6028,2021,16949,1387,Faouzi Ghoulam,a,DL,11.0,0.0,0.0,0.0,0.0,0.0,0.0,0.0329548418521881,0.0,0.0329548418521881,0.0
6106,2021,16961,1387,Faouzi Ghoulam,h,DL,101.0,0.0,0.0,0.0,0.0,0.0,0.0,0.04910643771290771,0.0,0.04910643771290771,0.0
6575,2021,16967,1387,Faouzi Ghoulam,a,Sub,184.0,0.0,0.0,2.0,0.0,0.0,0.0608354657888412,0.08033831603825081,0.0,0.2628447134047745,0.0
