,season,matchId,playerId,player,homeOrAway,position,time,goals,assists,shots,yellowCard,redCard,xG,xA,bonus,xB,lastBonus
917,2021,16777,6972,Federico Santander,h,Sub,0.0,0.0,0.0,0.0,0.0,0.0,0.0,0.0,0.0,0.0,0.0
2014,2021,16817,6972,Federico Santander,h,Sub,1.0,0.0,0.0,0.0,0.0,0.0,0.0,0.0,0.0,0.0,0.0
2630,2021,16837,6972,Federico Santander,h,Sub,5.0,0.0,0.0,0.0,0.0,0.0,0.0,0.0,0.0,0.0,0.0
3863,2021,16877,6972,Federico Santander,h,Sub,10.0,0.0,0.0,1.0,0.0,0.0,0.006713175214827,0.0,0.0,0.0201395256444811,0.0
5115,2021,16923,6972,Federico Santander,a,Sub,21.0,0.0,0.0,1.0,0.0,0.0,0.006713175214827,0.0,0.0,0.0201395256444811,0.0
5381,2021,16927,6972,Federico Santander,h,Sub,35.0,0.0,0.0,1.0,0.0,0.0,0.006713175214827,0.0,0.0,0.0201395256444811,0.0
5678,2021,16943,6972,Federico Santander,a,Sub,40.0,0.0,0.0,1.0,0.0,0.0,0.006713175214827,0.0,0.0,0.0201395256444811,0.0
