,season,matchId,playerId,player,homeOrAway,position,time,goals,assists,shots,yellowCard,redCard,xG,xA,bonus,xB,lastBonus
2058,2021,16845,2116,Felipe Caicedo,a,Sub,0.0,0.0,0.0,0.0,0.0,0.0,0.0,0.0,0.0,0.0,0.0
2316,2021,16853,2116,Felipe Caicedo,a,Sub,29.0,1.0,1.0,1.0,0.0,0.0,0.6580877900123596,0.4150923192501068,4.0,2.3893556892871857,4.0
2683,2021,16859,2116,Felipe Caicedo,h,Sub,57.0,1.0,1.0,2.0,1.0,0.0,0.6869360823184251,0.4150923192501068,4.0,1.9759005662053823,0.0
2818,2021,16867,2116,Felipe Caicedo,a,FW,101.0,1.0,1.0,4.0,1.0,0.0,0.7738422024995086,0.4150923192501068,4.0,2.2366189267486334,0.0
5001,2021,16958,2116,Felipe Caicedo,h,Sub,191.0,1.0,2.0,9.0,1.0,0.0,1.1432026792317627,0.7391710877418518,5.0,3.6687791254371405,1.0
5366,2021,16968,2116,Felipe Caicedo,a,Sub,210.0,1.0,2.0,10.0,1.0,0.0,1.1678393278270958,0.8096863776445388,5.0,3.813204361125827,0.0
