,season,matchId,playerId,player,homeOrAway,position,time,goals,assists,shots,yellowCard,redCard,xG,xA,bonus,xB,lastBonus
2355,2021,16828,2116,Felipe Caicedo,h,Sub,0.0,0.0,0.0,0.0,0.0,0.0,0.0,0.0,0.0,0.0,0.0
2524,2021,16845,2116,Felipe Caicedo,a,Sub,10.0,0.0,0.0,1.0,0.0,0.0,0.0405642352998256,0.0,0.0,0.121692705899477,0.0
2824,2021,16853,2116,Felipe Caicedo,a,Sub,39.0,1.0,1.0,2.0,0.0,0.0,0.6986520253121852,0.4150923192501068,4.0,2.5110483951866627,4.0
3280,2021,16859,2116,Felipe Caicedo,h,Sub,67.0,1.0,1.0,3.0,1.0,0.0,0.7275003176182506,0.4150923192501068,3.5,2.0975932721048594,-0.5
3447,2021,16867,2116,Felipe Caicedo,a,FW,111.0,1.0,1.0,5.0,1.0,0.0,0.8144064377993342,0.4150923192501068,3.5,2.3583116326481104,0.0
5971,2021,16954,2116,Felipe Caicedo,a,Sub,201.0,1.0,2.0,10.0,1.0,0.0,1.183766914531588,0.7391710877418518,4.5,3.7904718313366175,1.0
6172,2021,16958,2116,Felipe Caicedo,h,Sub,206.0,1.0,2.0,10.0,1.0,0.0,1.183766914531588,0.7391710877418518,4.5,3.7904718313366175,0.0
6639,2021,16968,2116,Felipe Caicedo,a,Sub,225.0,1.0,2.0,11.0,1.0,0.0,1.2084035631269212,0.8096863776445388,4.5,3.934897067025304,0.0
