,season,matchId,playerId,player,homeOrAway,position,time,goals,assists,shots,yellowCard,redCard,xG,xA,bonus,xB,lastBonus
2089,2021,16823,1030,Fernando Forestieri,a,Sub,0.0,0.0,0.0,0.0,0.0,0.0,0.0,0.0,0.0,0.0,0.0
2675,2021,16836,1030,Fernando Forestieri,a,Sub,9.0,1.0,0.0,1.0,1.0,0.0,0.9379132986068726,0.0,2.5,2.3137398958206177,2.5
4032,2021,16885,1030,Fernando Forestieri,a,Sub,16.0,1.0,0.0,1.0,1.0,0.0,0.9379132986068726,0.0,2.5,2.3137398958206177,0.0
4649,2021,16902,1030,Fernando Forestieri,a,Sub,46.0,2.0,0.0,3.0,1.0,0.0,1.1122449487447739,0.0,5.5,2.8367348462343216,3.0
