,season,matchId,playerId,player,homeOrAway,position,time,goals,assists,shots,yellowCard,redCard,xG,xA,bonus,xB,lastBonus
46,2021,16757,4959,Filippo Melegoni,a,Sub,0.0,0.0,0.0,0.0,0.0,0.0,0.0,0.0,0.0,0.0,0.0
775,2021,16787,4959,Filippo Melegoni,h,AMR,16.0,0.0,0.0,0.0,0.0,0.0,0.0,0.0324254669249057,0.0,0.0324254669249057,0.0
1325,2021,16807,4959,Filippo Melegoni,h,AMC,74.0,0.0,0.0,0.0,0.0,0.0,0.0,0.0324254669249057,0.0,0.0324254669249057,0.0
4841,2021,16954,4959,Filippo Melegoni,a,Sub,121.0,0.0,0.0,0.0,0.0,0.0,0.0,0.0695872642099856,0.0,0.0695872642099856,0.0
4996,2021,16958,4959,Filippo Melegoni,h,MC,146.0,0.0,0.0,0.0,0.0,0.0,0.0,0.0695872642099856,0.0,0.0695872642099856,0.0
5369,2021,16968,4959,Filippo Melegoni,a,Sub,192.0,0.0,0.0,0.0,0.0,0.0,0.0,0.10623034834861739,0.0,0.10623034834861739,0.0
