,season,matchId,playerId,player,homeOrAway,position,time,goals,assists,shots,yellowCard,redCard,xG,xA,bonus,xB,lastBonus
23,2021,16756,1233,Filip Djuricic,a,AMR,0.0,0.0,0.0,0.0,0.0,0.0,0.0,0.0,0.0,0.0,0.0
505,2021,16772,1233,Filip Djuricic,h,AMR,88.0,1.0,1.0,4.0,1.0,0.0,0.7097072005271912,0.3942188024520874,3.5,2.023340404033661,3.5
898,2021,16782,1233,Filip Djuricic,a,AMC,178.0,1.0,1.0,8.0,1.0,0.0,0.8794382661581038,0.4781349152326583,3.5,2.61644971370697,0.0
944,2021,16793,1233,Filip Djuricic,h,AMC,264.0,2.0,1.0,10.0,1.0,0.0,1.5988402217626572,0.7671183198690412,6.5,5.063638985157013,3.0
1314,2021,16796,1233,Filip Djuricic,a,Sub,352.0,2.0,1.0,10.0,1.0,0.0,1.5988402217626572,0.7952041756361721,6.5,5.091724840924144,0.0
1735,2021,16811,1233,Filip Djuricic,h,AMC,375.0,2.0,1.0,10.0,1.0,0.0,1.5988402217626572,0.7952041756361721,6.5,5.091724840924144,0.0
1981,2021,16824,1233,Filip Djuricic,h,AMC,465.0,2.0,1.0,13.0,1.0,0.0,1.7393613904714584,0.8335044886916873,6.5,5.551588660106063,0.0
2367,2021,16828,1233,Filip Djuricic,a,AMC,540.0,2.0,1.0,14.0,1.0,0.0,2.185697928071022,0.9698981847614047,6.5,7.026991968974471,0.0
2594,2021,16844,1233,Filip Djuricic,h,AML,618.0,2.0,1.0,16.0,1.0,0.0,2.5557878762483597,1.671868165954947,6.5,8.839231794700027,0.0
