,season,matchId,playerId,player,homeOrAway,position,time,goals,assists,shots,yellowCard,redCard,xG,xA,bonus,xB,lastBonus
5023,2021,16916,4952,Filippo Delli Carri,a,Sub,0.0,0.0,0.0,0.0,0.0,0.0,0.0,0.0,0.0,0.0,0.0
5305,2021,16932,4952,Filippo Delli Carri,h,DR,42.0,0.0,0.0,2.0,0.0,0.0,0.1128231585025787,0.0658892914652824,0.0,0.4043587669730186,0.0
6248,2021,16959,4952,Filippo Delli Carri,a,Sub,132.0,0.0,0.0,4.0,0.0,0.0,0.1857409924268722,0.0658892914652824,0.0,0.6231122687458991,0.0
6370,2021,16972,4952,Filippo Delli Carri,h,DC,150.0,0.0,0.0,4.0,0.0,0.0,0.1857409924268722,0.0658892914652824,0.0,0.6231122687458991,0.0
