,season,matchId,playerId,player,homeOrAway,position,time,goals,assists,shots,yellowCard,redCard,xG,xA,bonus,xB,lastBonus
208,2021,16764,8289,Gastón Pereiro,h,Sub,0.0,0.0,0.0,0.0,0.0,0.0,0.0,0.0,0.0,0.0,0.0
2214,2021,16838,8289,Gastón Pereiro,a,Sub,25.0,0.0,0.0,0.0,0.0,0.0,0.0,0.0226028990000486,0.0,0.0226028990000486,0.0
4573,2021,16940,8289,Gastón Pereiro,a,FW,55.0,0.0,0.0,0.0,0.0,0.0,0.0,0.0226028990000486,0.0,0.0226028990000486,0.0
5119,2021,16956,8289,Gastón Pereiro,h,Sub,119.0,0.0,0.0,0.0,0.0,0.0,0.0,0.0226028990000486,0.0,0.0226028990000486,0.0
5264,2021,16971,8289,Gastón Pereiro,a,MC,145.0,1.0,1.0,1.0,0.0,0.0,0.081507883965969,0.6735643576830626,4.0,0.9180880095809698,4.0
