,season,matchId,playerId,player,homeOrAway,position,time,goals,assists,shots,yellowCard,redCard,xG,xA,bonus,xB,lastBonus
901,2021,16782,8034,Georgios Kyriakopoulos,a,Sub,0.0,0.0,0.0,0.0,0.0,0.0,0.0,0.0,0.0,0.0,0.0
950,2021,16793,8034,Georgios Kyriakopoulos,h,Sub,1.0,0.0,0.0,0.0,0.0,0.0,0.0,0.0,0.0,0.0,0.0
1304,2021,16796,8034,Georgios Kyriakopoulos,a,DL,24.0,0.0,0.0,0.0,0.0,0.0,0.0,0.0,0.0,0.0,0.0
1738,2021,16811,8034,Georgios Kyriakopoulos,h,Sub,114.0,0.0,0.0,0.0,0.0,0.0,0.0,0.3621789515018463,0.0,0.3621789515018463,0.0
2371,2021,16828,8034,Georgios Kyriakopoulos,a,Sub,115.0,0.0,0.0,1.0,0.0,0.0,0.4327740669250488,0.3621789515018463,0.0,1.6605011522769928,0.0
3304,2021,16864,8034,Georgios Kyriakopoulos,h,DL,127.0,0.0,0.0,2.0,0.0,0.0,0.4431220144033431,0.3621789515018463,0.0,1.691544994711876,0.0
3831,2021,16884,8034,Georgios Kyriakopoulos,h,Sub,217.0,0.0,0.0,3.0,0.0,0.0,0.4549833443015812,0.41407889872789383,0.0,1.779028931632638,0.0
4236,2021,16889,8034,Georgios Kyriakopoulos,a,DL,222.0,0.0,0.0,3.0,0.0,0.0,0.4549833443015812,0.41407889872789383,0.0,1.779028931632638,0.0
4572,2021,16904,8034,Georgios Kyriakopoulos,h,Sub,312.0,0.0,0.0,4.0,0.0,0.0,0.46901880763471104,0.41407889872789383,0.0,1.8211353216320276,0.0
4796,2021,16914,8034,Georgios Kyriakopoulos,a,DL,340.0,0.0,1.0,4.0,0.0,0.0,0.46901880763471104,0.48878447711467743,1.0,1.8958409000188112,1.0
5451,2021,16929,8034,Georgios Kyriakopoulos,a,DL,430.0,0.0,1.0,4.0,1.0,0.0,0.46901880763471104,0.549850556999445,0.5,1.4569069799035788,-0.5
5662,2021,16943,8034,Georgios Kyriakopoulos,h,Sub,520.0,0.0,1.0,5.0,1.0,0.0,0.4772825650870797,0.9358848966658115,0.5,1.8677325919270515,0.0
5956,2021,16954,8034,Georgios Kyriakopoulos,h,AML,523.0,0.0,1.0,5.0,1.0,0.0,0.4772825650870797,0.9358848966658115,0.5,1.8677325919270515,0.0
6095,2021,16957,8034,Georgios Kyriakopoulos,a,AML,608.0,0.0,1.0,9.0,1.0,0.0,0.5877681486308571,1.5153529681265354,0.5,2.778657414019108,0.0
6439,2021,16974,8034,Georgios Kyriakopoulos,h,AML,698.0,0.0,1.0,12.0,2.0,0.0,0.67794219776988,1.6240034960210323,0.0,2.657830089330673,-0.5
