,season,matchId,playerId,player,homeOrAway,position,time,goals,assists,shots,yellowCard,redCard,xG,xA,bonus,xB,lastBonus
1045,2021,16796,1281,Giuseppe Pezzella,h,Sub,0.0,0.0,0.0,0.0,0.0,0.0,0.0,0.0,0.0,0.0,0.0
1763,2021,16816,1281,Giuseppe Pezzella,h,Sub,21.0,0.0,0.0,1.0,1.0,0.0,0.0297794211655855,0.0,0.0,-0.4106617365032434,0.0
2169,2021,16836,1281,Giuseppe Pezzella,h,DML,88.0,0.0,0.0,2.0,1.0,0.0,0.0502907969057559,0.0227560363709926,0.0,-0.3263715729117393,0.0
3520,2021,16896,1281,Giuseppe Pezzella,h,DML,178.0,0.0,0.0,2.0,2.0,0.0,0.0502907969057559,0.08825578913092601,0.0,-0.7608718201518058,0.0
4161,2021,16918,1281,Giuseppe Pezzella,a,DML,268.0,0.0,1.0,3.0,2.0,0.0,0.1100605279207228,0.16630547121167172,1.0,-0.5035129450261592,1.0
4331,2021,16926,1281,Giuseppe Pezzella,h,DML,353.0,0.0,2.0,6.0,2.0,0.0,0.2330985292792318,0.4978944845497607,2.0,0.197190072387457,1.0
4980,2021,16964,1281,Giuseppe Pezzella,a,DML,434.0,0.0,2.0,6.0,2.0,0.0,0.2330985292792318,0.6422653980553149,2.0,0.3415609858930112,0.0
5271,2021,16966,1281,Giuseppe Pezzella,h,DL,508.0,0.0,2.0,7.0,2.0,0.0,0.3782759830355642,0.6422653980553149,2.0,0.7770933471620084,0.0
