,season,matchId,playerId,player,homeOrAway,position,time,goals,assists,shots,yellowCard,redCard,xG,xA,bonus,xB,lastBonus
3519,2021,16896,4941,Hans Hateboer,h,DMR,0.0,0.0,0.0,0.0,0.0,0.0,0.0,0.0,0.0,0.0,0.0
3842,2021,16911,4941,Hans Hateboer,a,Sub,90.0,0.0,0.0,1.0,0.0,0.0,0.1010083332657814,0.0342283397912979,0.0,0.3372533395886421,0.0
4169,2021,16918,4941,Hans Hateboer,a,Sub,134.0,0.0,0.0,2.0,0.0,0.0,0.1289807315915822,0.0342283397912979,0.0,0.4211705345660447,0.0
4330,2021,16926,4941,Hans Hateboer,h,DMR,178.0,0.0,0.0,3.0,0.0,0.0,0.2298000808805226,0.0342283397912979,0.0,0.723628582432866,0.0
4541,2021,16937,4941,Hans Hateboer,a,DMR,260.0,0.0,0.0,3.0,0.0,0.0,0.2298000808805226,0.0553121883422136,0.0,0.7447124309837817,0.0
4988,2021,16964,4941,Hans Hateboer,a,Sub,350.0,0.0,0.0,4.0,0.0,0.0,0.3018721845000981,0.1347356978803872,0.0,1.040352251380682,0.0
