,season,matchId,playerId,player,homeOrAway,position,time,goals,assists,shots,yellowCard,redCard,xG,xA,bonus,xB,lastBonus
2188,2021,16836,1724,Isaac Success,a,Sub,0.0,0.0,0.0,0.0,0.0,0.0,0.0,0.0,0.0,0.0,0.0
2428,2021,16854,1724,Isaac Success,h,AMC,25.0,0.0,0.0,0.0,0.0,0.0,0.0,0.0,0.0,0.0,0.0
2638,2021,16861,1724,Isaac Success,a,FW,89.0,1.0,0.0,2.0,0.0,0.0,0.1343451738357544,0.0,3.0,0.4030355215072632,3.0
3764,2021,16902,1724,Isaac Success,a,FW,149.0,1.0,0.0,2.0,0.0,0.0,0.1343451738357544,0.0,3.0,0.4030355215072632,0.0
3992,2021,16908,1724,Isaac Success,a,FW,214.0,1.0,1.0,2.0,0.0,0.0,0.1343451738357544,0.6772984862327576,4.0,1.0803340077400208,1.0
4105,2021,16924,1724,Isaac Success,h,Sub,293.0,1.0,2.0,6.0,0.0,0.0,0.6168161928653717,1.0503855347633362,5.0,2.9008341133594513,1.0
4974,2021,16964,1724,Isaac Success,h,Sub,312.0,1.0,2.0,7.0,0.0,1.0,1.004406362771988,1.2115133851766586,5.0,3.7247324734926224,0.0
