,season,matchId,playerId,player,homeOrAway,position,time,goals,assists,shots,yellowCard,redCard,xG,xA,bonus,xB,lastBonus
308,2021,16765,6981,Ismael Bennacer,a,Sub,0.0,0.0,0.0,0.0,0.0,0.0,0.0,0.0,0.0,0.0,0.0
570,2021,16774,6981,Ismael Bennacer,h,Sub,20.0,0.0,0.0,0.0,0.0,0.0,0.0,0.0,0.0,0.0,0.0
855,2021,16780,6981,Ismael Bennacer,h,Sub,41.0,0.0,0.0,0.0,0.0,0.0,0.0,0.0,0.0,0.0,0.0
1218,2021,16790,6981,Ismael Bennacer,a,Sub,51.0,0.0,0.0,0.0,0.0,0.0,0.0,0.0,0.0,0.0,0.0
1448,2021,16800,6981,Ismael Bennacer,h,DMC,75.0,0.0,0.0,0.0,0.0,0.0,0.0,0.0,0.0,0.0,0.0
1597,2021,16812,6981,Ismael Bennacer,a,Sub,165.0,0.0,0.0,2.0,0.0,0.0,0.0705551654100418,0.0,0.0,0.2116654962301254,0.0
2187,2021,16816,6981,Ismael Bennacer,a,Sub,196.0,0.0,0.0,2.0,0.0,0.0,0.0705551654100418,0.0140351820737123,0.0,0.2257006783038377,0.0
2255,2021,16831,6981,Ismael Bennacer,h,DMC,205.0,0.0,0.0,2.0,0.0,0.0,0.0705551654100418,0.2726648915559053,0.0,0.48433038778603066,0.0
2639,2021,16837,6981,Ismael Bennacer,a,DMC,284.0,0.0,0.0,2.0,0.0,0.0,0.0705551654100418,0.356174761429429,0.0,0.5678402576595544,0.0
2873,2021,16850,6981,Ismael Bennacer,h,Sub,374.0,1.0,1.0,4.0,0.0,0.0,0.1446309760212898,0.4542333204299211,4.0,0.8881262484937904,4.0
3382,2021,16862,6981,Ismael Bennacer,a,DMC,398.0,1.0,1.0,4.0,0.0,0.0,0.1446309760212898,0.4542333204299211,4.0,0.8881262484937904,0.0
3710,2021,16870,6981,Ismael Bennacer,h,Sub,475.0,1.0,1.0,5.0,0.0,0.0,0.1811527758836745,0.4542333204299211,4.0,0.9976916480809447,0.0
3815,2021,16878,6981,Ismael Bennacer,a,Sub,493.0,1.0,1.0,6.0,0.0,0.0,0.2733591869473456,0.5705840159207582,4.0,1.390661576762795,0.0
4222,2021,16889,6981,Ismael Bennacer,h,DMC,507.0,1.0,1.0,6.0,0.0,0.0,0.2733591869473456,0.6119226720184088,4.0,1.4320002328604455,0.0
4666,2021,16910,6981,Ismael Bennacer,h,Sub,569.0,1.0,1.0,7.0,1.0,0.0,0.31676679104566563,0.6119226720184088,3.5,1.0622230451554056,-0.5
5075,2021,16924,6981,Ismael Bennacer,a,DMC,612.0,1.0,1.0,7.0,1.0,0.0,0.31676679104566563,1.1227998044341803,3.5,1.573100177571177,0.0
5565,2021,16931,6981,Ismael Bennacer,h,Sub,659.0,1.0,1.0,7.0,1.0,0.0,0.31676679104566563,1.236995493993163,3.5,1.6872958671301599,0.0
5823,2021,16936,6981,Ismael Bennacer,a,DMC,671.0,1.0,1.0,7.0,1.0,0.0,0.31676679104566563,1.2729665022343397,3.5,1.7232668753713365,0.0
