,season,matchId,playerId,player,homeOrAway,position,time,goals,assists,shots,yellowCard,redCard,xG,xA,bonus,xB,lastBonus
404,2021,16768,1221,Jacopo Sala,a,Sub,0.0,0.0,0.0,0.0,0.0,0.0,0.0,0.0,0.0,0.0,0.0
786,2021,16784,1221,Jacopo Sala,h,MC,16.0,0.0,0.0,0.0,0.0,0.0,0.0,0.0,0.0,0.0,0.0
1117,2021,16795,1221,Jacopo Sala,a,MC,91.0,0.0,0.0,1.0,0.0,0.0,0.0166260581463575,0.0271182637661695,0.0,0.0769964382052421,0.0
1391,2021,16804,1221,Jacopo Sala,h,Sub,164.0,0.0,0.0,1.0,0.0,0.0,0.0166260581463575,0.045088287442922495,0.0,0.0949664618819951,0.0
1576,2021,16812,1221,Jacopo Sala,h,MC,177.0,0.0,0.0,1.0,0.0,0.0,0.0166260581463575,0.3135318718850611,0.0,0.3634100463241337,0.0
3265,2021,16858,1221,Jacopo Sala,a,Sub,242.0,0.0,0.0,1.0,1.0,0.0,0.0166260581463575,0.3135318718850611,-0.5,-0.1365899536758663,-0.5
3459,2021,16873,1221,Jacopo Sala,h,DMC,284.0,0.0,0.0,1.0,1.0,0.0,0.0166260581463575,0.3135318718850611,-0.5,-0.1365899536758663,0.0
3753,2021,16876,1221,Jacopo Sala,a,MC,357.0,1.0,0.0,2.0,1.0,0.0,0.036285860463976805,0.3135318718850611,2.5,-0.07761054672300839,3.0
4261,2021,16893,1221,Jacopo Sala,h,Sub,423.0,1.0,0.0,2.0,2.0,0.0,0.036285860463976805,0.3135318718850611,2.0,-0.5776105467230084,-0.5
4518,2021,16901,1221,Jacopo Sala,a,MC,454.0,1.0,0.0,2.0,2.0,0.0,0.036285860463976805,0.3135318718850611,2.0,-0.5776105467230084,0.0
4782,2021,16914,1221,Jacopo Sala,h,MC,519.0,1.0,0.0,3.0,2.0,0.0,0.0498211802914738,0.3135318718850611,2.0,-0.5370045872405174,0.0
5263,2021,16921,1221,Jacopo Sala,a,MC,588.0,1.0,0.0,3.0,3.0,0.0,0.0498211802914738,0.3691584616899488,1.5,-0.9813779974356296,-0.5
