,season,matchId,playerId,player,homeOrAway,position,time,goals,assists,shots,yellowCard,redCard,xG,xA,bonus,xB,lastBonus
2987,2021,16871,1247,Juan Jesus,h,DC,0.0,0.0,0.0,0.0,0.0,0.0,0.0,0.0,0.0,0.0,0.0
3820,2021,16911,1247,Juan Jesus,h,DC,90.0,0.0,0.0,0.0,0.0,0.0,0.0,0.0,0.0,0.0,0.0
4171,2021,16920,1247,Juan Jesus,h,DC,180.0,0.0,0.0,1.0,0.0,0.0,0.0348894968628883,0.0,0.0,0.104668490588665,0.0
4517,2021,16931,1247,Juan Jesus,a,DC,270.0,0.0,0.0,2.0,0.0,0.0,0.1589265316724776,0.1049340367317199,0.0,0.581713631749153,0.0
4726,2021,16941,1247,Juan Jesus,h,DC,360.0,0.0,0.0,2.0,0.0,0.0,0.1589265316724776,0.1334945913404225,0.0,0.6102741863578556,0.0
4879,2021,16949,1247,Juan Jesus,a,DC,450.0,0.0,0.0,3.0,0.0,0.0,0.18595785275101642,0.1334945913404225,0.0,0.6913681495934721,0.0
4941,2021,16961,1247,Juan Jesus,h,DC,540.0,0.0,0.0,3.0,0.0,0.0,0.18595785275101642,0.1334945913404225,0.0,0.6913681495934721,0.0
5307,2021,16967,1247,Juan Jesus,a,DC,630.0,0.0,0.0,3.0,0.0,0.0,0.18595785275101642,0.1856979858130215,0.0,0.7435715440660712,0.0
