,season,matchId,playerId,player,homeOrAway,position,time,goals,assists,shots,yellowCard,redCard,xG,xA,bonus,xB,lastBonus
2070,2021,16843,7937,Julian Chabot,h,Sub,0.0,0.0,0.0,0.0,0.0,0.0,0.0,0.0,0.0,0.0,0.0
2408,2021,16852,7937,Julian Chabot,h,Sub,18.0,0.0,0.0,0.0,0.0,0.0,0.0,0.0,0.0,0.0,0.0
2607,2021,16865,7937,Julian Chabot,a,DC,51.0,0.0,0.0,0.0,1.0,0.0,0.0,0.0,0.0,-0.5,0.0
2924,2021,16872,7937,Julian Chabot,h,Sub,141.0,0.0,0.0,1.0,2.0,0.0,0.0142831075936555,0.0,0.0,-0.9571506772190332,0.0
3177,2021,16883,7937,Julian Chabot,a,Sub,157.0,0.0,0.0,1.0,2.0,0.0,0.0142831075936555,0.0,0.0,-0.9571506772190332,0.0
3920,2021,16913,7937,Julian Chabot,h,DC,182.0,0.0,0.0,1.0,3.0,0.0,0.0142831075936555,0.0,0.0,-1.4571506772190332,0.0
4748,2021,16953,7937,Julian Chabot,h,DC,272.0,0.0,0.0,3.0,3.0,0.0,0.0460566598922013,0.0,0.0,-1.3618300203233957,0.0
4952,2021,16961,7937,Julian Chabot,a,DC,362.0,0.0,0.0,3.0,3.0,0.0,0.0460566598922013,0.0,0.0,-1.3618300203233957,0.0
