,season,matchId,playerId,player,homeOrAway,position,time,goals,assists,shots,yellowCard,redCard,xG,xA,bonus,xB,lastBonus
668,2021,16781,3632,Kevin Malcuit,h,Sub,0.0,0.0,0.0,0.0,0.0,0.0,0.0,0.0,0.0,0.0,0.0
4321,2021,16890,3632,Kevin Malcuit,h,Sub,1.0,0.0,0.0,0.0,0.0,0.0,0.0,0.0,0.0,0.0,0.0
4717,2021,16911,3632,Kevin Malcuit,h,DMR,4.0,0.0,0.0,0.0,0.0,0.0,0.0,0.0,0.0,0.0,0.0
5158,2021,16920,3632,Kevin Malcuit,h,Sub,89.0,0.0,1.0,1.0,1.0,0.0,0.0360753461718559,0.3165072798728943,0.5,-0.0752666816115379,0.5
5571,2021,16931,3632,Kevin Malcuit,a,DR,90.0,0.0,1.0,1.0,1.0,0.0,0.0360753461718559,0.3165072798728943,0.5,-0.0752666816115379,0.0
