,season,matchId,playerId,player,homeOrAway,position,time,goals,assists,shots,yellowCard,redCard,xG,xA,bonus,xB,lastBonus
102,2021,16760,3951,Kevin Bonifazi,h,DC,0.0,0.0,0.0,0.0,0.0,0.0,0.0,0.0,0.0,0.0,0.0
334,2021,16769,3951,Kevin Bonifazi,a,DC,90.0,0.0,0.0,0.0,1.0,0.0,0.0,0.0,0.0,-0.5,0.0
719,2021,16777,3951,Kevin Bonifazi,h,DC,180.0,0.0,0.0,0.0,1.0,0.0,0.0,0.0,0.0,-0.5,0.0
813,2021,16789,3951,Kevin Bonifazi,a,DC,270.0,0.0,0.0,1.0,1.0,0.0,0.0275765918195247,0.0,0.0,-0.4172702245414257,0.0
1009,2021,16797,3951,Kevin Bonifazi,h,DC,360.0,0.0,0.0,2.0,1.0,0.0,0.0738676898181437,0.0,0.0,-0.27839693054556847,0.0
1387,2021,16806,3951,Kevin Bonifazi,a,DC,450.0,0.0,0.0,5.0,2.0,0.0,0.2395653985440729,0.0,0.0,-0.2813038043677807,0.0
3857,2021,16906,3951,Kevin Bonifazi,h,Sub,520.0,0.0,0.0,5.0,2.0,0.0,0.2395653985440729,0.0,0.0,-0.2813038043677807,0.0
4589,2021,16943,3951,Kevin Bonifazi,a,DC,537.0,0.0,0.0,6.0,2.0,0.0,0.2538853380829093,0.0,0.0,-0.23834398575127128,0.0
5121,2021,16956,3951,Kevin Bonifazi,a,DC,617.0,0.0,0.0,6.0,2.0,0.0,0.2538853380829093,0.286008208990097,0.0,0.047664223238825715,0.0
