,season,matchId,playerId,player,homeOrAway,position,time,goals,assists,shots,yellowCard,redCard,xG,xA,bonus,xB,lastBonus
791,2021,16784,8010,Kevin Agudelo,h,Sub,0.0,0.0,0.0,0.0,0.0,0.0,0.0,0.0,0.0,0.0,0.0
4262,2021,16893,8010,Kevin Agudelo,h,Sub,23.0,0.0,0.0,1.0,0.0,0.0,0.0152941634878516,0.1589480191469192,0.0,0.2048305096104741,0.0
5269,2021,16921,8010,Kevin Agudelo,a,Sub,36.0,0.0,0.0,1.0,0.0,0.0,0.0152941634878516,0.1589480191469192,0.0,0.2048305096104741,0.0
5474,2021,16934,8010,Kevin Agudelo,h,Sub,71.0,0.0,0.0,1.0,0.0,0.0,0.0152941634878516,0.231229156255722,0.0,0.2771116467192769,0.0
5858,2021,16941,8010,Kevin Agudelo,a,FW,88.0,0.0,0.0,2.0,0.0,0.0,0.0835056593641638,0.231229156255722,0.0,0.4817461343482136,0.0
5930,2021,16955,8010,Kevin Agudelo,h,FW,178.0,0.0,0.0,2.0,0.0,0.0,0.0835056593641638,0.231229156255722,0.0,0.4817461343482136,0.0
6608,2021,16970,8010,Kevin Agudelo,a,Sub,265.0,0.0,0.0,2.0,1.0,1.0,0.0835056593641638,0.231229156255722,-1.0,-0.5182538656517863,-1.0
