,season,matchId,playerId,player,homeOrAway,position,time,goals,assists,shots,yellowCard,redCard,xG,xA,bonus,xB,lastBonus
356,2021,16767,1903,Kevin Lasagna,h,Sub,0.0,0.0,0.0,0.0,0.0,0.0,0.0,0.0,0.0,0.0,0.0
934,2021,16777,1903,Kevin Lasagna,a,Sub,27.0,0.0,0.0,1.0,0.0,0.0,0.0229271929711103,0.0,0.0,0.068781578913331,0.0
1656,2021,16807,1903,Kevin Lasagna,a,FW,33.0,0.0,0.0,1.0,0.0,0.0,0.0229271929711103,0.0,0.0,0.068781578913331,0.0
2280,2021,16831,1903,Kevin Lasagna,a,Sub,117.0,0.0,0.0,3.0,0.0,0.0,0.3853814583271741,0.1466845273971557,0.0,1.3028289023786783,0.0
2981,2021,16854,1903,Kevin Lasagna,a,AMC,141.0,0.0,0.0,3.0,0.0,0.0,0.3853814583271741,0.1466845273971557,0.0,1.3028289023786783,0.0
3696,2021,16871,1903,Kevin Lasagna,a,Sub,188.0,0.0,0.0,3.0,0.0,0.0,0.3853814583271741,0.1466845273971557,0.0,1.3028289023786783,0.0
4124,2021,16892,1903,Kevin Lasagna,a,Sub,203.0,0.0,0.0,5.0,0.0,0.0,0.4414750318974255,0.1466845273971557,0.0,1.4711096230894327,0.0
4417,2021,16900,1903,Kevin Lasagna,h,Sub,223.0,0.0,0.0,6.0,0.0,0.0,0.4942687433212994,0.1466845273971557,0.0,1.6294907573610544,0.0
4834,2021,16915,1903,Kevin Lasagna,a,Sub,235.0,0.0,0.0,7.0,0.0,0.0,0.6403779517859218,0.1466845273971557,0.0,2.067818382754922,0.0
5124,2021,16918,1903,Kevin Lasagna,h,AMC,267.0,0.0,1.0,9.0,0.0,0.0,0.7668939810246227,0.1721293348819016,1.0,2.4728112779557705,1.0
5547,2021,16935,1903,Kevin Lasagna,a,AMC,327.0,0.0,1.0,10.0,0.0,0.0,0.8860446643084285,0.3501762170344589,1.0,3.0083102099597454,0.0
5719,2021,16938,1903,Kevin Lasagna,h,AMC,355.0,0.0,1.0,10.0,0.0,0.0,0.8860446643084285,0.3501762170344589,1.0,3.0083102099597454,0.0
5941,2021,16955,1903,Kevin Lasagna,a,AMC,437.0,1.0,1.0,11.0,0.0,0.0,1.1917157005518673,0.8681271094828842,4.0,4.443274211138487,3.0
6229,2021,16959,1903,Kevin Lasagna,h,AMC,508.0,1.0,2.0,16.0,0.0,0.0,1.5138579141348598,0.9435373712331054,5.0,5.485111113637686,1.0
6457,2021,16974,1903,Kevin Lasagna,a,Sub,598.0,1.0,2.0,20.0,0.0,0.0,1.6365499552339313,1.0680787879973648,5.0,5.97772865369916,0.0
