,season,matchId,playerId,player,homeOrAway,position,time,goals,assists,shots,yellowCard,redCard,xG,xA,bonus,xB,lastBonus
1,2021,16756,7092,Koray Günter,h,DC,0.0,0.0,0.0,0.0,0.0,0.0,0.0,0.0,0.0,0.0,0.0
343,2021,16767,7092,Koray Günter,h,DC,90.0,0.0,0.0,0.0,0.0,0.0,0.0,0.0,0.0,0.0,0.0
923,2021,16777,7092,Koray Günter,a,DC,180.0,0.0,0.0,0.0,0.0,0.0,0.0,0.0625961944460868,0.0,0.0625961944460868,0.0
1129,2021,16788,7092,Koray Günter,h,DC,270.0,0.0,0.0,0.0,0.0,0.0,0.0,0.0625961944460868,0.0,0.0625961944460868,0.0
1366,2021,16802,7092,Koray Günter,a,DC,360.0,0.0,0.0,0.0,0.0,0.0,0.0,0.0625961944460868,0.0,0.0625961944460868,0.0
1650,2021,16807,7092,Koray Günter,a,DC,450.0,0.0,0.0,1.0,0.0,0.0,0.0302318856120109,0.0625961944460868,0.0,0.15329185128211958,0.0
2034,2021,16820,7092,Koray Günter,h,DC,540.0,0.0,0.0,1.0,1.0,0.0,0.0302318856120109,0.0625961944460868,-0.5,-0.3467081487178804,-0.5
2268,2021,16831,7092,Koray Günter,a,DC,589.0,0.0,0.0,1.0,1.0,0.0,0.0302318856120109,0.0625961944460868,-0.5,-0.3467081487178804,0.0
2712,2021,16839,7092,Koray Günter,h,DC,679.0,0.0,0.0,1.0,1.0,0.0,0.0302318856120109,0.0625961944460868,-0.5,-0.3467081487178804,0.0
3142,2021,16860,7092,Koray Günter,h,DC,749.0,0.0,0.0,1.0,1.0,0.0,0.0302318856120109,0.0625961944460868,-0.5,-0.3467081487178804,0.0
3685,2021,16871,7092,Koray Günter,a,DC,839.0,0.0,0.0,1.0,2.0,0.0,0.0302318856120109,0.0625961944460868,-1.0,-0.8467081487178805,-0.5
3972,2021,16880,7092,Koray Günter,h,DC,923.0,0.0,0.0,1.0,2.0,0.0,0.0302318856120109,0.0625961944460868,-1.0,-0.8467081487178805,0.0
4406,2021,16900,7092,Koray Günter,h,DC,1013.0,0.0,0.0,2.0,2.0,0.0,0.082045443356037,0.0997542217373847,-1.0,-0.654109448194504,0.0
5934,2021,16955,7092,Koray Günter,a,DC,1103.0,0.0,0.0,3.0,3.0,0.0,0.151242673397064,0.0997542217373847,-1.5,-0.9465177580714228,-0.5
6223,2021,16959,7092,Koray Günter,h,DC,1193.0,0.0,0.0,3.0,3.0,0.0,0.151242673397064,0.1259146407246588,-1.5,-0.9203573390841487,0.0
6446,2021,16974,7092,Koray Günter,a,DC,1283.0,0.0,0.0,4.0,4.0,0.0,0.1649552211165426,0.1629125177860258,-2.0,-1.3422218188643458,-0.5
