,season,matchId,playerId,player,homeOrAway,position,time,goals,assists,shots,yellowCard,redCard,xG,xA,bonus,xB,lastBonus
1441,2021,16798,9854,Kristjan Asllani,a,Sub,0.0,0.0,0.0,0.0,0.0,0.0,0.0,0.0,0.0,0.0,0.0
1707,2021,16806,9854,Kristjan Asllani,h,Sub,6.0,0.0,0.0,0.0,0.0,0.0,0.0,0.0,0.0,0.0,0.0
3031,2021,16847,9854,Kristjan Asllani,h,Sub,15.0,0.0,0.0,0.0,0.0,0.0,0.0,0.0,0.0,0.0,0.0
3327,2021,16864,9854,Kristjan Asllani,a,Sub,37.0,0.0,0.0,0.0,0.0,0.0,0.0,0.0,0.0,0.0,0.0
3998,2021,16880,9854,Kristjan Asllani,a,Sub,46.0,0.0,0.0,0.0,0.0,0.0,0.0,0.0,0.0,0.0,0.0
5815,2021,16936,9854,Kristjan Asllani,h,Sub,60.0,0.0,0.0,0.0,0.0,0.0,0.0,0.0,0.0,0.0,0.0
6084,2021,16957,9854,Kristjan Asllani,h,Sub,64.0,0.0,0.0,0.0,0.0,0.0,0.0,0.0,0.0,0.0,0.0
6486,2021,16975,9854,Kristjan Asllani,a,Sub,75.0,0.0,0.0,0.0,0.0,0.0,0.0,0.1116740256547927,0.0,0.1116740256547927,0.0
