,season,matchId,playerId,player,homeOrAway,position,time,goals,assists,shots,yellowCard,redCard,xG,xA,bonus,xB,lastBonus
290,2021,16767,7006,Lautaro Martínez,a,AMC,0.0,0.0,0.0,0.0,0.0,0.0,0.0,0.0,0.0,0.0,0.0
587,2021,16783,7006,Lautaro Martínez,a,FW,75.0,1.0,0.0,5.0,1.0,0.0,1.2809182405471802,0.0,3.0,3.3427547216415405,3.0
805,2021,16789,7006,Lautaro Martínez,h,FW,139.0,2.0,0.0,7.0,1.0,0.0,1.818142294883728,0.0,6.0,4.954426884651184,3.0
1081,2021,16799,7006,Lautaro Martínez,a,FW,206.0,3.0,0.0,10.0,1.0,0.0,3.2094544172286987,0.0646422430872917,9.0,9.193005494773388,3.0
1299,2021,16808,7006,Lautaro Martínez,h,FW,290.0,3.0,0.0,15.0,1.0,0.0,3.9081060886383057,0.0646422430872917,9.0,11.288960509002209,0.0
1620,2021,16824,7006,Lautaro Martínez,a,FW,371.0,4.0,0.0,20.0,1.0,0.0,5.020142078399658,0.0646422430872917,12.0,14.625068478286266,3.0
2275,2021,16840,7006,Lautaro Martínez,h,FW,460.0,5.0,0.0,21.0,1.0,0.0,5.781440913677216,0.1623418927192687,15.0,17.006664633750916,3.0
2493,2021,16847,7006,Lautaro Martínez,a,FW,535.0,5.0,0.0,21.0,1.0,0.0,5.781440913677216,0.1989613883197306,15.0,17.043284129351377,0.0
3031,2021,16870,7006,Lautaro Martínez,a,FW,619.0,5.0,1.0,25.0,1.0,0.0,6.357155978679657,0.6655998043715952,16.0,19.237067740410566,1.0
3187,2021,16881,7006,Lautaro Martínez,h,FW,704.0,5.0,1.0,29.0,1.0,0.0,7.258828103542328,0.6655998043715952,16.0,21.94208411499858,0.0
3393,2021,16895,7006,Lautaro Martínez,a,Sub,780.0,6.0,1.0,35.0,1.0,0.0,8.210951626300812,0.6655998043715952,19.0,24.79845468327403,3.0
3649,2021,16901,7006,Lautaro Martínez,h,FW,812.0,7.0,1.0,39.0,1.0,0.0,9.341637909412384,0.7271298915147779,22.0,28.25204361975193,3.0
4229,2021,16919,7006,Lautaro Martínez,h,FW,886.0,8.0,2.0,45.0,2.0,0.0,10.39894837141037,1.2549688369035719,26.0,31.45181395113468,4.0
4323,2021,16932,7006,Lautaro Martínez,a,Sub,958.0,10.0,2.0,49.0,3.0,0.0,11.90169757604599,1.4456353932619093,32.0,35.65072812139988,6.0
4660,2021,16939,7006,Lautaro Martínez,h,FW,992.0,11.0,2.0,53.0,3.0,0.0,12.619004428386688,1.5718477219343183,35.0,37.92886100709438,3.0
5068,2021,16960,7006,Lautaro Martínez,h,FW,1061.0,11.0,2.0,55.0,3.0,0.0,13.004021912813187,1.6915444508194921,35.0,39.20361018925905,0.0
