,season,matchId,playerId,player,homeOrAway,position,time,goals,assists,shots,yellowCard,redCard,xG,xA,bonus,xB,lastBonus
674,2021,16781,4970,Luca Pellegrini,a,DL,0.0,0.0,0.0,0.0,0.0,0.0,0.0,0.0,0.0,0.0,0.0
3168,2021,16860,4970,Luca Pellegrini,a,Sub,57.0,0.0,0.0,0.0,0.0,0.0,0.0,0.0603856109082698,0.0,0.0603856109082698,0.0
3495,2021,16868,4970,Luca Pellegrini,h,Sub,65.0,0.0,0.0,0.0,0.0,0.0,0.0,0.0603856109082698,0.0,0.0603856109082698,0.0
3783,2021,16882,4970,Luca Pellegrini,a,ML,105.0,0.0,0.0,0.0,0.0,0.0,0.0,0.12986635789275158,0.0,0.12986635789275158,0.0
4455,2021,16903,4970,Luca Pellegrini,a,DL,195.0,0.0,0.0,0.0,0.0,0.0,0.0,0.12986635789275158,0.0,0.12986635789275158,0.0
4872,2021,16909,4970,Luca Pellegrini,h,DL,265.0,0.0,0.0,0.0,0.0,0.0,0.0,0.12986635789275158,0.0,0.12986635789275158,0.0
5044,2021,16925,4970,Luca Pellegrini,a,DL,311.0,0.0,0.0,0.0,1.0,0.0,0.0,0.12986635789275158,-0.5,-0.3701336421072484,-0.5
5387,2021,16927,4970,Luca Pellegrini,a,DL,389.0,0.0,1.0,0.0,2.0,0.0,0.0,0.5914937816560266,0.0,-0.4085062183439732,0.5
6403,2021,16969,4970,Luca Pellegrini,h,DL,450.0,0.0,1.0,1.0,2.0,0.0,0.0154180685058236,0.5914937816560266,0.0,-0.36225201282650243,0.0
