,season,matchId,playerId,player,homeOrAway,position,time,goals,assists,shots,yellowCard,redCard,xG,xA,bonus,xB,lastBonus
89,2021,16758,1229,Luis Muriel,a,FW,0.0,0.0,0.0,0.0,0.0,0.0,0.0,0.0,0.0,0.0,0.0
415,2021,16769,1229,Luis Muriel,h,FW,57.0,1.0,0.0,2.0,0.0,0.0,0.1449765861034393,0.0,3.0,0.434929758310318,3.0
2169,2021,16816,1229,Luis Muriel,h,Sub,134.0,1.0,0.0,6.0,0.0,0.0,0.3324556946754455,0.1140772774815559,3.0,1.1114443615078926,0.0
2336,2021,16827,1229,Luis Muriel,a,FW,167.0,1.0,0.0,7.0,0.0,0.0,0.4102589637041091,0.1345886532217263,3.0,1.365365544334054,0.0
2660,2021,16836,1229,Luis Muriel,h,Sub,214.0,1.0,1.0,12.0,0.0,0.0,1.0860594660043716,0.3552808705717324,4.0,3.613459268584847,1.0
3123,2021,16856,1229,Luis Muriel,h,Sub,239.0,1.0,1.0,12.0,0.0,0.0,1.0860594660043716,0.3552808705717324,4.0,3.613459268584847,0.0
3742,2021,16876,1229,Luis Muriel,h,Sub,260.0,1.0,1.0,14.0,0.0,0.0,1.2154817432165146,0.3552808705717324,4.0,4.001726100221275,0.0
4351,2021,16896,1229,Luis Muriel,h,FW,269.0,2.0,2.0,16.0,0.0,0.0,1.401336446404457,0.40898690931498993,8.0,4.61299624852836,4.0
4739,2021,16911,1229,Luis Muriel,a,Sub,346.0,2.0,4.0,17.0,0.0,0.0,1.8273454457521439,1.563093526288867,10.0,7.045129863545298,2.0
5140,2021,16918,1229,Luis Muriel,a,FW,354.0,2.0,4.0,19.0,0.0,0.0,1.944886453449726,1.563093526288867,10.0,7.397752886638044,0.0
5350,2021,16926,1229,Luis Muriel,h,Sub,410.0,2.0,4.0,21.0,0.0,0.0,2.0041050799191,1.5848044604063034,10.0,7.597119700163602,0.0
5613,2021,16937,1229,Luis Muriel,a,Sub,467.0,2.0,4.0,22.0,0.0,0.0,2.0291517358273268,1.6386278606951237,10.0,7.726083068177103,0.0
6155,2021,16964,1229,Luis Muriel,a,FW,513.0,2.0,4.0,23.0,0.0,0.0,2.050159027799964,1.9961929358541965,10.0,8.146670019254088,0.0
6527,2021,16966,1229,Luis Muriel,h,FW,593.0,4.0,4.0,27.0,0.0,0.0,2.8624346759170294,2.1829383559525013,16.0,10.77024238370359,6.0
