,season,matchId,playerId,player,homeOrAway,position,time,goals,assists,shots,yellowCard,redCard,xG,xA,bonus,xB,lastBonus
1723,2021,16806,9921,Luis Binks,a,Sub,0.0,0.0,0.0,0.0,0.0,0.0,0.0,0.0,0.0,0.0,0.0
2391,2021,16834,9921,Luis Binks,a,DC,11.0,0.0,0.0,0.0,0.0,0.0,0.0,0.0,0.0,0.0,0.0
2632,2021,16837,9921,Luis Binks,h,Sub,80.0,0.0,0.0,0.0,0.0,0.0,0.0,0.0129728866741061,0.0,0.0129728866741061,0.0
3108,2021,16851,9921,Luis Binks,a,Sub,105.0,0.0,0.0,0.0,0.0,0.0,0.0,0.0129728866741061,0.0,0.0129728866741061,0.0
3404,2021,16857,9921,Luis Binks,h,Sub,119.0,0.0,0.0,0.0,0.0,0.0,0.0,0.0129728866741061,0.0,0.0129728866741061,0.0
3605,2021,16872,9921,Luis Binks,a,Sub,137.0,0.0,0.0,0.0,0.0,0.0,0.0,0.0129728866741061,0.0,0.0129728866741061,0.0
5675,2021,16943,9921,Luis Binks,a,Sub,143.0,0.0,0.0,0.0,0.0,0.0,0.0,0.0129728866741061,0.0,0.0129728866741061,0.0
6328,2021,16956,9921,Luis Binks,a,DC,153.0,0.0,0.0,0.0,0.0,0.0,0.0,0.0129728866741061,0.0,0.0129728866741061,0.0
6550,2021,16967,9921,Luis Binks,h,DC,243.0,0.0,0.0,0.0,0.0,0.0,0.0,0.0129728866741061,0.0,0.0129728866741061,0.0
