,season,matchId,playerId,player,homeOrAway,position,time,goals,assists,shots,yellowCard,redCard,xG,xA,bonus,xB,lastBonus
154,2021,16760,9864,Luka Bogdan,a,Sub,0.0,0.0,0.0,0.0,0.0,0.0,0.0,0.0,0.0,0.0,0.0
1044,2021,16792,9864,Luka Bogdan,h,Sub,12.0,0.0,0.0,0.0,0.0,0.0,0.0,0.0,0.0,0.0,0.0
4670,2021,16910,9864,Luka Bogdan,a,DC,33.0,0.0,0.0,0.0,0.0,0.0,0.0,0.0,0.0,0.0,0.0
5010,2021,16916,9864,Luka Bogdan,a,DC,123.0,0.0,0.0,1.0,0.0,0.0,0.0145234791561961,0.0,0.0,0.0435704374685883,0.0
5307,2021,16932,9864,Luka Bogdan,h,DC,213.0,0.0,0.0,1.0,0.0,0.0,0.0145234791561961,0.0,0.0,0.0435704374685883,0.0
