,season,matchId,playerId,player,homeOrAway,position,time,goals,assists,shots,yellowCard,redCard,xG,xA,bonus,xB,lastBonus
119,2021,16760,4903,Mamadou Coulibaly,a,MC,0.0,0.0,0.0,0.0,0.0,0.0,0.0,0.0,0.0,0.0,0.0
470,2021,16775,4903,Mamadou Coulibaly,h,MR,90.0,1.0,0.0,2.0,0.0,0.0,0.5351904034614563,0.0533284768462181,3.0,1.658899687230587,3.0
664,2021,16785,4903,Mamadou Coulibaly,a,MC,180.0,1.0,0.0,3.0,0.0,0.0,0.5564725194126366,0.0533284768462181,3.0,1.7227460350841284,0.0
830,2021,16792,4903,Mamadou Coulibaly,h,MC,270.0,1.0,0.0,4.0,0.0,0.0,0.5737404190003871,0.0533284768462181,3.0,1.7745497338473797,0.0
1089,2021,16802,4903,Mamadou Coulibaly,h,MC,360.0,1.0,0.0,6.0,0.0,0.0,0.6355762593448161,0.1305994763970375,3.0,2.037328254431486,0.0
1417,2021,16811,4903,Mamadou Coulibaly,a,MC,450.0,2.0,0.0,7.0,0.0,0.0,1.0955073647201061,0.1858877018094062,6.0,3.4724097959697247,3.0
1556,2021,16822,4903,Mamadou Coulibaly,h,MC,540.0,2.0,0.0,7.0,0.0,0.0,1.0955073647201061,0.2020225971937178,6.0,3.4885446913540363,0.0
1793,2021,16833,4903,Mamadou Coulibaly,a,MC,590.0,2.0,0.0,7.0,0.0,0.0,1.0955073647201061,0.2282526511698959,6.0,3.5147747453302145,0.0
5055,2021,16959,4903,Mamadou Coulibaly,a,MC,678.0,2.0,0.0,8.0,1.0,0.0,1.14416841045022,0.2282526511698959,6.0,3.1607578825205564,0.0
