,season,matchId,playerId,player,homeOrAway,position,time,goals,assists,shots,yellowCard,redCard,xG,xA,bonus,xB,lastBonus
2904,2021,16875,6324,Marash Kumbulla,a,DC,0.0,0.0,0.0,0.0,0.0,0.0,0.0,0.0,0.0,0.0,0.0
3214,2021,16879,6324,Marash Kumbulla,a,DC,68.0,0.0,0.0,1.0,0.0,0.0,0.07289769500494,0.0,0.0,0.2186930850148201,0.0
3797,2021,16912,6324,Marash Kumbulla,h,DC,155.0,0.0,0.0,1.0,0.0,0.0,0.07289769500494,0.0,0.0,0.2186930850148201,0.0
4247,2021,16921,6324,Marash Kumbulla,h,DC,217.0,0.0,0.0,1.0,0.0,0.0,0.07289769500494,0.0483102761209011,0.0,0.2670033611357212,0.0
5249,2021,16971,6324,Marash Kumbulla,h,DC,307.0,0.0,0.0,2.0,1.0,0.0,0.11271384358406061,0.0483102761209011,0.0,-0.11354819312691689,0.0
