,season,matchId,playerId,player,homeOrAway,position,time,goals,assists,shots,yellowCard,redCard,xG,xA,bonus,xB,lastBonus
3556,2021,16875,9907,Marco Modolo,h,Sub,0.0,0.0,0.0,0.0,0.0,0.0,0.0,0.0,0.0,0.0,0.0
3879,2021,16877,9907,Marco Modolo,a,Sub,18.0,0.0,0.0,1.0,0.0,0.0,0.040274504572153,0.0,0.0,0.1208235137164592,0.0
5027,2021,16925,9907,Marco Modolo,h,DC,28.0,0.0,0.0,1.0,0.0,0.0,0.040274504572153,0.0,0.0,0.1208235137164592,0.0
