,season,matchId,playerId,player,homeOrAway,position,time,goals,assists,shots,yellowCard,redCard,xG,xA,bonus,xB,lastBonus
252,2021,16763,1183,Marco Benassi,a,Sub,0.0,0.0,0.0,0.0,0.0,0.0,0.0,0.0,0.0,0.0,0.0
999,2021,16787,1183,Marco Benassi,a,Sub,13.0,0.0,0.0,1.0,0.0,0.0,0.0370678938925266,0.0,0.0,0.1112036816775798,0.0
1317,2021,16799,1183,Marco Benassi,h,DR,17.0,0.0,0.0,1.0,0.0,0.0,0.0370678938925266,0.0,0.0,0.1112036816775798,0.0
2107,2021,16819,1183,Marco Benassi,h,Sub,83.0,0.0,0.0,3.0,0.0,0.0,0.0861957967281341,0.0,0.0,0.2585873901844023,0.0
2490,2021,16835,1183,Marco Benassi,a,Sub,95.0,0.0,0.0,3.0,0.0,0.0,0.0861957967281341,0.0,0.0,0.2585873901844023,0.0
3076,2021,16849,1183,Marco Benassi,a,Sub,139.0,0.0,0.0,3.0,1.0,0.0,0.0861957967281341,0.1111346781253814,-0.5,-0.13027793169021618,-0.5
