,season,matchId,playerId,player,homeOrAway,position,time,goals,assists,shots,yellowCard,redCard,xG,xA,bonus,xB,lastBonus
60,2021,16758,1577,Marko Pjaca,h,FWL,0.0,0.0,0.0,0.0,0.0,0.0,0.0,0.0,0.0,0.0,0.0
366,2021,16770,1577,Marko Pjaca,a,Sub,75.0,0.0,0.0,1.0,0.0,0.0,0.0146946460008621,0.1795188635587692,0.0,0.2236028015613556,0.0
655,2021,16785,1577,Marko Pjaca,h,AMC,95.0,0.0,0.0,1.0,0.0,0.0,0.0146946460008621,0.1795188635587692,0.0,0.2236028015613556,0.0
2844,2021,16873,1577,Marko Pjaca,a,Sub,174.0,0.0,0.0,3.0,0.0,0.0,0.4782695025205612,0.1795188635587692,0.0,1.6143273711204529,0.0
3727,2021,16905,1577,Marko Pjaca,h,AMC,205.0,0.0,0.0,5.0,0.0,0.0,0.6192606091499329,0.1795188635587692,0.0,2.037300691008568,0.0
4015,2021,16907,1577,Marko Pjaca,a,AMC,239.0,1.0,0.0,7.0,0.0,0.0,0.7581428289413452,0.1795188635587692,3.0,2.453947350382805,3.0
4128,2021,16923,1577,Marko Pjaca,h,AMC,329.0,1.0,0.0,7.0,0.0,0.0,0.7581428289413452,0.2607901245355605,3.0,2.5352186113595963,0.0
4486,2021,16935,1577,Marko Pjaca,h,AMC,412.0,1.0,0.0,7.0,0.0,0.0,0.7581428289413452,0.34900148212909676,3.0,2.6234299689531326,0.0
4671,2021,16939,1577,Marko Pjaca,a,AMC,502.0,1.0,0.0,7.0,0.0,0.0,0.7581428289413452,0.34900148212909676,3.0,2.6234299689531326,0.0
