,season,matchId,playerId,player,homeOrAway,position,time,goals,assists,shots,yellowCard,redCard,xG,xA,bonus,xB,lastBonus
5,2021,16756,5103,Martin Hongla,h,MC,0.0,0.0,0.0,0.0,0.0,0.0,0.0,0.0,0.0,0.0,0.0
274,2021,16767,5103,Martin Hongla,h,MC,59.0,0.0,0.0,1.0,0.0,0.0,0.0176394060254097,0.0189884454011917,0.0,0.0719066634774208,0.0
742,2021,16777,5103,Martin Hongla,a,Sub,134.0,0.0,0.0,1.0,0.0,0.0,0.0176394060254097,0.0189884454011917,0.0,0.0719066634774208,0.0
1102,2021,16802,5103,Martin Hongla,a,MC,163.0,0.0,0.0,1.0,0.0,0.0,0.0176394060254097,0.0189884454011917,0.0,0.0719066634774208,0.0
2438,2021,16854,5103,Martin Hongla,a,MC,253.0,0.0,0.0,1.0,0.0,0.0,0.0176394060254097,0.08417051285505289,0.0,0.137088730931282,0.0
