,season,matchId,playerId,player,homeOrAway,position,time,goals,assists,shots,yellowCard,redCard,xG,xA,bonus,xB,lastBonus
2634,2021,16861,1273,Mato Jajalo,a,MC,0.0,0.0,0.0,0.0,0.0,0.0,0.0,0.0,0.0,0.0,0.0
3761,2021,16902,1273,Mato Jajalo,a,MC,60.0,0.0,0.0,0.0,0.0,0.0,0.0,0.0,0.0,0.0,0.0
3994,2021,16908,1273,Mato Jajalo,a,Sub,125.0,0.0,1.0,0.0,0.0,0.0,0.0,0.2379972636699676,1.0,0.2379972636699676,1.0
4106,2021,16924,1273,Mato Jajalo,h,Sub,160.0,0.0,1.0,1.0,0.0,0.0,0.0558136068284511,0.26420440711081017,1.0,0.4316452275961637,0.0
