,season,matchId,playerId,player,homeOrAway,position,time,goals,assists,shots,yellowCard,redCard,xG,xA,bonus,xB,lastBonus
92,2021,16758,8522,Matteo Lovato,a,Sub,0.0,0.0,0.0,0.0,0.0,0.0,0.0,0.0,0.0,0.0,0.0
2339,2021,16827,8522,Matteo Lovato,a,Sub,6.0,0.0,0.0,0.0,0.0,0.0,0.0,0.0,0.0,0.0,0.0
2650,2021,16836,8522,Matteo Lovato,h,DC,27.0,0.0,0.0,0.0,0.0,0.0,0.0,0.0,0.0,0.0,0.0
2944,2021,16852,8522,Matteo Lovato,a,DC,117.0,0.0,0.0,0.0,1.0,0.0,0.0,0.0,-0.5,-0.5,-0.5
3112,2021,16856,8522,Matteo Lovato,h,DC,207.0,0.0,0.0,0.0,1.0,0.0,0.0,0.0,-0.5,-0.5,0.0
3544,2021,16866,8522,Matteo Lovato,a,Sub,276.0,0.0,1.0,1.0,1.0,0.0,0.0244989581406116,0.0789869949221611,0.5,-0.347516130656004,1.0
5878,2021,16953,8522,Matteo Lovato,a,DC,302.0,0.0,1.0,1.0,1.0,0.0,0.0244989581406116,0.1370132677257061,0.5,-0.289489857852459,0.0
6312,2021,16956,8522,Matteo Lovato,h,DC,392.0,0.0,1.0,1.0,2.0,0.0,0.0244989581406116,0.1370132677257061,0.0,-0.789489857852459,-0.5
