,season,matchId,playerId,player,homeOrAway,position,time,goals,assists,shots,yellowCard,redCard,xG,xA,bonus,xB,lastBonus
1161,2021,16800,4920,Matteo Gabbia,h,DC,0.0,0.0,0.0,0.0,0.0,0.0,0.0,0.0,0.0,0.0,0.0
3094,2021,16878,4920,Matteo Gabbia,a,DC,59.0,0.0,0.0,0.0,0.0,0.0,0.0,0.0,0.0,0.0,0.0
3692,2021,16899,4920,Matteo Gabbia,a,Sub,149.0,0.0,0.0,0.0,0.0,0.0,0.0,0.0567463971674442,0.0,0.0567463971674442,0.0
4844,2021,16951,4920,Matteo Gabbia,h,DC,195.0,0.0,0.0,0.0,1.0,0.0,0.0,0.0567463971674442,0.0,-0.44325360283255577,0.0
4902,2021,16965,4920,Matteo Gabbia,a,DC,285.0,0.0,0.0,0.0,1.0,0.0,0.0,0.0567463971674442,0.0,-0.44325360283255577,0.0
5320,2021,16970,4920,Matteo Gabbia,h,DC,375.0,0.0,0.0,0.0,2.0,0.0,0.0,0.0567463971674442,0.0,-0.9432536028325558,0.0
