,season,matchId,playerId,player,homeOrAway,position,time,goals,assists,shots,yellowCard,redCard,xG,xA,bonus,xB,lastBonus
1523,2021,16814,8819,Mergim Vojvoda,a,Sub,0.0,0.0,0.0,0.0,0.0,0.0,0.0,0.0,0.0,0.0,0.0
2045,2021,16845,8819,Mergim Vojvoda,h,Sub,17.0,0.0,0.0,0.0,0.0,0.0,0.0,0.0,0.0,0.0,0.0
2370,2021,16850,8819,Mergim Vojvoda,a,Sub,48.0,0.0,0.0,1.0,0.0,0.0,0.0221027173101902,0.0,0.0,0.0663081519305706,0.0
2603,2021,16865,8819,Mergim Vojvoda,h,Sub,63.0,0.0,0.0,1.0,0.0,0.0,0.0221027173101902,0.0,0.0,0.0663081519305706,0.0
3251,2021,16885,8819,Mergim Vojvoda,h,DML,100.0,0.0,0.0,3.0,0.0,0.0,0.1620303578674793,0.0,0.0,0.4860910736024379,0.0
3483,2021,16891,8819,Mergim Vojvoda,a,DML,190.0,0.0,0.0,5.0,0.0,0.0,0.2020687162876128,0.0407336167991161,0.0,0.6469397656619549,0.0
3729,2021,16905,8819,Mergim Vojvoda,h,Sub,273.0,0.0,0.0,5.0,0.0,0.0,0.2020687162876128,0.0407336167991161,0.0,0.6469397656619549,0.0
4012,2021,16907,8819,Mergim Vojvoda,a,DML,329.0,0.0,0.0,5.0,0.0,0.0,0.2020687162876128,0.0407336167991161,0.0,0.6469397656619549,0.0
4125,2021,16923,8819,Mergim Vojvoda,h,DML,419.0,0.0,0.0,6.0,0.0,0.0,0.2295436691492794,0.0407336167991161,0.0,0.7293646242469549,0.0
4482,2021,16935,8819,Mergim Vojvoda,h,DML,509.0,0.0,0.0,6.0,0.0,0.0,0.2295436691492794,0.6723359040915966,0.0,1.3609669115394354,0.0
5089,2021,16963,8819,Mergim Vojvoda,h,DML,599.0,0.0,0.0,8.0,0.0,0.0,0.2877905797213314,0.6723359040915966,0.0,1.5357076432555914,0.0
5146,2021,16973,8819,Mergim Vojvoda,a,DML,689.0,0.0,1.0,8.0,1.0,0.0,0.2877905797213314,1.091405313462019,1.0,1.4547770526260138,1.0
