,season,matchId,playerId,player,homeOrAway,position,time,goals,assists,shots,yellowCard,redCard,xG,xA,bonus,xB,lastBonus
6,2021,16756,1098,Miguel Veloso,h,MC,0.0,0.0,0.0,0.0,0.0,0.0,0.0,0.0,0.0,0.0,0.0
2272,2021,16831,1098,Miguel Veloso,a,MC,45.0,0.0,0.0,1.0,0.0,1.0,0.0189884454011917,0.0458365641534328,-0.5,-0.397198099642992,-0.5
2718,2021,16839,1098,Miguel Veloso,h,MC,107.0,0.0,1.0,1.0,1.0,1.0,0.0189884454011917,0.3684304915368556,0.0,-0.5746041722595692,0.5
2978,2021,16854,1098,Miguel Veloso,a,MC,177.0,0.0,2.0,2.0,2.0,1.0,0.0442479439079761,0.5384391210973261,0.5,-0.8288170471787453,0.5
3147,2021,16860,1098,Miguel Veloso,h,MC,267.0,0.0,2.0,3.0,2.0,1.0,0.059653979726135606,0.5384391210973261,0.5,-0.7825989397242665,0.0
3690,2021,16871,1098,Miguel Veloso,a,MC,357.0,0.0,2.0,3.0,2.0,1.0,0.059653979726135606,0.5384391210973261,0.5,-0.7825989397242665,0.0
3978,2021,16880,1098,Miguel Veloso,h,MC,447.0,0.0,2.0,3.0,3.0,1.0,0.059653979726135606,0.5384391210973261,0.0,-1.2825989397242665,-0.5
4122,2021,16892,1098,Miguel Veloso,a,Sub,537.0,0.0,2.0,5.0,3.0,1.0,0.12147954571992141,0.639208938926458,0.0,-0.9963524239137769,0.0
4411,2021,16900,1098,Miguel Veloso,h,MC,550.0,0.0,2.0,6.0,3.0,1.0,0.14007444027811272,0.6972016803920266,0.0,-0.8825749987736344,0.0
4829,2021,16915,1098,Miguel Veloso,a,MC,628.0,0.0,2.0,8.0,3.0,1.0,0.20190142560750224,0.863165076822042,0.0,-0.5311306463554502,0.0
5127,2021,16918,1098,Miguel Veloso,h,Sub,686.0,0.0,2.0,10.0,3.0,1.0,0.31543234456330516,0.931187447160482,0.0,-0.12251551914960146,0.0
5544,2021,16935,1098,Miguel Veloso,a,MC,716.0,0.0,2.0,11.0,3.0,1.0,0.34460615646094056,0.9465350778773421,0.0,-0.019646452739834855,0.0
5716,2021,16938,1098,Miguel Veloso,h,MC,790.0,0.0,2.0,11.0,3.0,1.0,0.34460615646094056,0.9911970356479282,0.0,0.025015505030751145,0.0
5940,2021,16955,1098,Miguel Veloso,a,MC,837.0,0.0,2.0,11.0,3.0,1.0,0.34460615646094056,0.9911970356479282,0.0,0.025015505030751145,0.0
6226,2021,16959,1098,Miguel Veloso,h,MC,927.0,0.0,2.0,13.0,4.0,1.0,0.39648175891488757,1.1032321015372866,-0.5,-0.20732262171804905,-0.5
6451,2021,16974,1098,Miguel Veloso,a,MC,1017.0,0.0,3.0,15.0,4.0,1.0,0.47091949637979225,1.440290705300867,0.5,0.35304919444024563,1.0
