,season,matchId,playerId,player,homeOrAway,position,time,goals,assists,shots,yellowCard,redCard,xG,xA,bonus,xB,lastBonus
138,2021,16760,1826,Nicola Sansone,h,Sub,0.0,0.0,0.0,0.0,0.0,0.0,0.0,0.0,0.0,0.0,0.0
431,2021,16769,1826,Nicola Sansone,a,FWL,32.0,0.0,1.0,1.0,1.0,0.0,0.0840087383985519,0.3187071979045868,0.5,0.0707334131002426,0.5
919,2021,16777,1826,Nicola Sansone,h,Sub,116.0,0.0,1.0,1.0,2.0,0.0,0.0840087383985519,0.6024042367935181,0.0,-0.1455695480108261,-0.5
1025,2021,16789,1826,Nicola Sansone,a,AML,138.0,0.0,1.0,2.0,2.0,0.0,0.12512964755296702,0.6024042367935181,0.0,-0.022206820547580816,0.0
1264,2021,16797,1826,Nicola Sansone,h,Sub,194.0,0.0,1.0,3.0,2.0,0.0,0.24005217105150212,1.0376052856445312,0.0,0.7577617987990378,0.0
1722,2021,16806,1826,Nicola Sansone,a,Sub,203.0,0.0,1.0,3.0,2.0,0.0,0.24005217105150212,1.0376052856445312,0.0,0.7577617987990378,0.0
3107,2021,16851,1826,Nicola Sansone,a,Sub,246.0,0.0,1.0,6.0,2.0,0.0,0.3299726918339728,1.1786001175642014,0.0,1.1685181930661201,0.0
3406,2021,16857,1826,Nicola Sansone,h,Sub,260.0,0.0,1.0,8.0,2.0,0.0,0.417256362736225,1.1786001175642014,0.0,1.4303692057728767,0.0
3604,2021,16872,1826,Nicola Sansone,a,Sub,277.0,0.0,2.0,9.0,2.0,0.0,0.4440770875662563,1.7374965399503708,1.0,2.0697278026491404,1.0
3861,2021,16877,1826,Nicola Sansone,h,Sub,290.0,0.0,2.0,9.0,2.0,0.0,0.4440770875662563,1.7374965399503708,1.0,2.0697278026491404,0.0
4277,2021,16893,1826,Nicola Sansone,a,Sub,311.0,0.0,2.0,12.0,2.0,0.0,0.4925588462501762,1.7374965399503708,1.0,2.2151730787009,0.0
4480,2021,16897,1826,Nicola Sansone,h,Sub,325.0,0.0,2.0,13.0,2.0,0.0,0.5157467890530822,1.7374965399503708,1.0,2.284736907109618,0.0
4754,2021,16906,1826,Nicola Sansone,h,FW,399.0,0.0,2.0,14.0,3.0,0.0,0.5449600219726559,1.7374965399503708,0.5,1.8723766058683395,-0.5
5113,2021,16923,1826,Nicola Sansone,a,Sub,462.0,0.0,2.0,15.0,3.0,0.0,0.5893615335226056,1.769697442650795,0.5,2.0377820432186127,0.0
5379,2021,16927,1826,Nicola Sansone,h,Sub,485.0,0.0,2.0,15.0,3.0,0.0,0.5893615335226056,1.769697442650795,0.5,2.0377820432186127,0.0
6557,2021,16967,1826,Nicola Sansone,h,FW,496.0,0.0,2.0,15.0,3.0,0.0,0.5893615335226056,1.769697442650795,0.5,2.0377820432186127,0.0
