,season,matchId,playerId,player,homeOrAway,position,time,goals,assists,shots,yellowCard,redCard,xG,xA,bonus,xB,lastBonus
3860,2021,16877,6196,Nicolas Viola,h,Sub,0.0,0.0,0.0,0.0,0.0,0.0,0.0,0.0,0.0,0.0,0.0
5111,2021,16923,6196,Nicolas Viola,a,Sub,3.0,0.0,0.0,0.0,0.0,0.0,0.0,0.0,0.0,0.0,0.0
5382,2021,16927,6196,Nicolas Viola,h,Sub,26.0,0.0,0.0,1.0,0.0,0.0,0.0186105631291866,0.0,0.0,0.0558316893875598,0.0
6337,2021,16956,6196,Nicolas Viola,a,Sub,31.0,0.0,0.0,1.0,0.0,0.0,0.0186105631291866,0.0,0.0,0.0558316893875598,0.0
6552,2021,16967,6196,Nicolas Viola,h,DMC,32.0,0.0,0.0,1.0,0.0,0.0,0.0186105631291866,0.0,0.0,0.0558316893875598,0.0
