,season,matchId,playerId,player,homeOrAway,position,time,goals,assists,shots,yellowCard,redCard,xG,xA,bonus,xB,lastBonus
232,2021,16765,1400,Nicola Murru,h,Sub,0.0,0.0,0.0,0.0,0.0,0.0,0.0,0.0,0.0,0.0,0.0
1362,2021,16809,1400,Nicola Murru,a,DL,18.0,0.0,0.0,0.0,1.0,0.0,0.0,0.0930313840508461,0.0,-0.4069686159491539,0.0
1876,2021,16826,1400,Nicola Murru,a,Sub,79.0,0.0,0.0,0.0,2.0,0.0,0.0,0.0930313840508461,0.0,-0.9069686159491539,0.0
2399,2021,16852,1400,Nicola Murru,h,DL,103.0,0.0,0.0,0.0,2.0,0.0,0.0,0.5404288843274117,0.0,-0.4595711156725884,0.0
3556,2021,16898,1400,Nicola Murru,a,DL,160.0,0.0,0.0,0.0,2.0,0.0,0.0,0.5404288843274117,0.0,-0.4595711156725884,0.0
4750,2021,16953,1400,Nicola Murru,h,DL,215.0,0.0,0.0,1.0,2.0,0.0,0.0443361923098564,0.5404288843274117,0.0,-0.3265625387430192,0.0
