,season,matchId,playerId,player,homeOrAway,position,time,goals,assists,shots,yellowCard,redCard,xG,xA,bonus,xB,lastBonus
114,2021,16760,1599,Norbert Gyömbér,a,DC,0.0,0.0,0.0,0.0,0.0,0.0,0.0,0.0,0.0,0.0,0.0
467,2021,16775,1599,Norbert Gyömbér,h,DC,90.0,0.0,0.0,1.0,0.0,0.0,0.0391771383583545,0.0,0.0,0.1175314150750637,0.0
658,2021,16785,1599,Norbert Gyömbér,a,DC,180.0,0.0,0.0,1.0,0.0,0.0,0.0391771383583545,0.0,0.0,0.1175314150750637,0.0
828,2021,16792,1599,Norbert Gyömbér,h,DC,252.0,0.0,0.0,1.0,1.0,0.0,0.0391771383583545,0.0,0.0,-0.3824685849249363,0.0
1087,2021,16802,1599,Norbert Gyömbér,h,DC,342.0,0.0,0.0,1.0,1.0,0.0,0.0391771383583545,0.0,0.0,-0.3824685849249363,0.0
1411,2021,16811,1599,Norbert Gyömbér,a,DR,432.0,0.0,0.0,1.0,1.0,0.0,0.0391771383583545,0.0,0.0,-0.3824685849249363,0.0
1550,2021,16822,1599,Norbert Gyömbér,h,DR,518.0,0.0,0.0,3.0,1.0,0.0,0.0889836438000201,0.0,0.0,-0.2330490685999394,0.0
1789,2021,16833,1599,Norbert Gyömbér,a,DR,608.0,0.0,0.0,3.0,2.0,0.0,0.0889836438000201,0.0164778605103492,0.0,-0.7165712080895901,0.0
2334,2021,16855,1599,Norbert Gyömbér,a,DC,627.0,0.0,0.0,3.0,2.0,0.0,0.0889836438000201,0.0164778605103492,0.0,-0.7165712080895901,0.0
2722,2021,16863,1599,Norbert Gyömbér,h,DC,715.0,0.0,0.0,3.0,2.0,0.0,0.0889836438000201,0.0164778605103492,0.0,-0.7165712080895901,0.0
2975,2021,16869,1599,Norbert Gyömbér,a,DC,805.0,0.0,0.0,3.0,2.0,0.0,0.0889836438000201,0.0164778605103492,0.0,-0.7165712080895901,0.0
3152,2021,16883,1599,Norbert Gyömbér,h,DC,895.0,0.0,0.0,4.0,3.0,0.0,0.1073161661624907,0.0164778605103492,0.0,-1.1615736410021782,0.0
3285,2021,16886,1599,Norbert Gyömbér,a,DC,985.0,0.0,0.0,5.0,3.0,0.0,0.183267183601856,0.0164778605103492,0.0,-0.933720588684082,0.0
3593,2021,16903,1599,Norbert Gyömbér,h,DC,1075.0,0.0,0.0,5.0,3.0,0.0,0.183267183601856,0.0164778605103492,0.0,-0.933720588684082,0.0
3782,2021,16910,1599,Norbert Gyömbér,a,DC,1165.0,0.0,0.0,6.0,3.0,0.0,0.19589053839445092,0.0164778605103492,0.0,-0.8958505243062973,0.0
4061,2021,16916,1599,Norbert Gyömbér,a,DC,1255.0,0.0,0.0,6.0,3.0,0.0,0.19589053839445092,0.0164778605103492,0.0,-0.8958505243062973,0.0
4302,2021,16932,1599,Norbert Gyömbér,h,DC,1345.0,0.0,0.0,6.0,3.0,0.0,0.19589053839445092,0.0164778605103492,0.0,-0.8958505243062973,0.0
5052,2021,16959,1599,Norbert Gyömbér,a,DC,1425.0,0.0,0.0,6.0,4.0,0.0,0.19589053839445092,0.0164778605103492,0.0,-1.3958505243062973,0.0
