,season,matchId,playerId,player,homeOrAway,position,time,goals,assists,shots,yellowCard,redCard,xG,xA,bonus,xB,lastBonus
99,2021,16759,8584,Raul Moro,a,Sub,0.0,0.0,0.0,0.0,0.0,0.0,0.0,0.0,0.0,0.0,0.0
307,2021,16768,8584,Raul Moro,h,Sub,30.0,0.0,0.0,0.0,0.0,0.0,0.0,0.0,0.0,0.0,0.0
1235,2021,16805,8584,Raul Moro,a,FWL,46.0,0.0,1.0,1.0,0.0,0.0,0.0880430415272712,0.1094584241509437,1.0,0.3735875487327575,1.0
2242,2021,16839,8584,Raul Moro,a,Sub,94.0,0.0,1.0,1.0,0.0,0.0,0.0880430415272712,0.1094584241509437,1.0,0.3735875487327575,0.0
