,season,matchId,playerId,player,homeOrAway,position,time,goals,assists,shots,yellowCard,redCard,xG,xA,bonus,xB,lastBonus
411,2021,16769,1488,Remo Freuler,h,MC,0.0,0.0,0.0,0.0,0.0,0.0,0.0,0.0,0.0,0.0,0.0
690,2021,16776,1488,Remo Freuler,h,MC,90.0,0.0,0.0,0.0,0.0,0.0,0.0,0.1077873036265373,0.0,0.1077873036265373,0.0
1055,2021,16792,1488,Remo Freuler,a,MC,180.0,0.0,0.0,0.0,1.0,0.0,0.0,0.3785901293158531,-0.5,-0.12140987068414691,-0.5
1621,2021,16808,1488,Remo Freuler,a,MC,270.0,0.0,0.0,1.0,1.0,0.0,0.0734609588980674,0.3785901293158531,-0.5,0.09897300601005549,0.0
2163,2021,16816,1488,Remo Freuler,h,MC,360.0,0.0,0.0,1.0,1.0,0.0,0.0734609588980674,0.5056452825665473,-0.5,0.22602815926074968,0.0
2338,2021,16827,1488,Remo Freuler,a,Sub,448.0,0.0,0.0,1.0,1.0,0.0,0.0734609588980674,0.5623645409941672,-0.5,0.2827474176883696,0.0
2654,2021,16836,1488,Remo Freuler,h,MC,500.0,0.0,0.0,1.0,2.0,0.0,0.0734609588980674,0.5623645409941672,-1.0,-0.21725258231163042,-0.5
2948,2021,16852,1488,Remo Freuler,a,MC,590.0,0.0,0.0,1.0,2.0,0.0,0.0734609588980674,0.5623645409941672,-1.0,-0.21725258231163042,0.0
3117,2021,16856,1488,Remo Freuler,h,MC,680.0,0.0,0.0,1.0,3.0,0.0,0.0734609588980674,0.5623645409941672,-1.5,-0.7172525823116305,-0.5
3536,2021,16866,1488,Remo Freuler,a,MC,770.0,0.0,0.0,2.0,3.0,0.0,0.08386801648885,0.6022238396108149,-1.5,-0.6461721109226348,0.0
4145,2021,16888,1488,Remo Freuler,a,MC,860.0,0.0,0.0,2.0,3.0,0.0,0.08386801648885,0.6022238396108149,-1.5,-0.6461721109226348,0.0
4735,2021,16911,1488,Remo Freuler,a,MC,950.0,0.0,0.0,3.0,4.0,0.0,0.12647063378244622,0.6534254886209964,-2.0,-0.9671626100316646,-0.5
5343,2021,16926,1488,Remo Freuler,h,MC,1040.0,1.0,0.0,5.0,4.0,0.0,0.22983063105493762,0.6534254886209964,1.0,-0.6570826182141902,3.0
5607,2021,16937,1488,Remo Freuler,a,MC,1130.0,1.0,0.0,5.0,4.0,0.0,0.22983063105493762,0.6534254886209964,1.0,-0.6570826182141902,0.0
6525,2021,16966,1488,Remo Freuler,h,MC,1178.0,1.0,0.0,5.0,5.0,0.0,0.22983063105493762,0.6534254886209964,0.5,-1.1570826182141902,-0.5
