,season,matchId,playerId,player,homeOrAway,position,time,goals,assists,shots,yellowCard,redCard,xG,xA,bonus,xB,lastBonus
109,2021,16759,1105,Riccardo Fiamozzi,h,Sub,0.0,0.0,0.0,0.0,0.0,0.0,0.0,0.0,0.0,0.0,0.0
3030,2021,16847,1105,Riccardo Fiamozzi,h,Sub,7.0,0.0,0.0,0.0,0.0,0.0,0.0,0.1248357370495796,0.0,0.1248357370495796,0.0
3423,2021,16867,1105,Riccardo Fiamozzi,h,DR,15.0,0.0,0.0,0.0,0.0,0.0,0.0,0.1248357370495796,0.0,0.1248357370495796,0.0
3987,2021,16880,1105,Riccardo Fiamozzi,a,DR,97.0,0.0,0.0,0.0,0.0,0.0,0.0,0.17312992364168162,0.0,0.17312992364168162,0.0
6085,2021,16957,1105,Riccardo Fiamozzi,h,Sub,187.0,0.0,0.0,0.0,0.0,0.0,0.0,0.1971280705183743,0.0,0.1971280705183743,0.0
6479,2021,16975,1105,Riccardo Fiamozzi,a,DL,211.0,0.0,0.0,0.0,0.0,0.0,0.0,0.2219711821526287,0.0,0.2219711821526287,0.0
