,season,matchId,playerId,player,homeOrAway,position,time,goals,assists,shots,yellowCard,redCard,xG,xA,bonus,xB,lastBonus
621,2021,16775,8129,Riccardo Calafiori,a,Sub,0.0,0.0,0.0,0.0,0.0,0.0,0.0,0.0,0.0,0.0,0.0
1148,2021,16788,8129,Riccardo Calafiori,a,DL,7.0,0.0,0.0,0.0,0.0,0.0,0.0,0.0,0.0,0.0,0.0
1542,2021,16801,8129,Riccardo Calafiori,h,DL,86.0,0.0,0.0,0.0,0.0,0.0,0.0,0.0,0.0,0.0,0.0
2136,2021,16821,8129,Riccardo Calafiori,h,Sub,156.0,0.0,1.0,0.0,1.0,0.0,0.0,0.6805026531219482,0.5,0.1805026531219482,0.5
3013,2021,16846,8129,Riccardo Calafiori,a,Sub,161.0,0.0,1.0,0.0,1.0,0.0,0.0,0.6805026531219482,0.5,0.1805026531219482,0.0
5365,2021,16926,8129,Riccardo Calafiori,a,Sub,168.0,0.0,1.0,0.0,2.0,0.0,0.0,0.6805026531219482,0.0,-0.3194973468780518,-0.5
6629,2021,16968,8129,Riccardo Calafiori,a,DL,169.0,0.0,1.0,0.0,2.0,0.0,0.0,0.6805026531219482,0.0,-0.3194973468780518,0.0
