,season,matchId,playerId,player,homeOrAway,position,time,goals,assists,shots,yellowCard,redCard,xG,xA,bonus,xB,lastBonus
2407,2021,16852,9329,Riccardo Ciervo,h,Sub,0.0,0.0,0.0,0.0,0.0,0.0,0.0,0.0,0.0,0.0,0.0
2926,2021,16872,9329,Riccardo Ciervo,h,Sub,24.0,0.0,0.0,1.0,0.0,0.0,0.0181764978915452,0.0,0.0,0.0545294936746358,0.0
3566,2021,16898,9329,Riccardo Ciervo,a,Sub,45.0,0.0,0.0,1.0,0.0,0.0,0.0181764978915452,0.0,0.0,0.0545294936746358,0.0
4759,2021,16953,9329,Riccardo Ciervo,h,Sub,80.0,0.0,0.0,1.0,0.0,0.0,0.0181764978915452,0.0167665481567382,0.0,0.071296041831374,0.0
4955,2021,16961,9329,Riccardo Ciervo,a,MR,98.0,0.0,0.0,1.0,0.0,0.0,0.0181764978915452,0.0167665481567382,0.0,0.071296041831374,0.0
