,season,matchId,playerId,player,homeOrAway,position,time,goals,assists,shots,yellowCard,redCard,xG,xA,bonus,xB,lastBonus
565,2021,16776,1313,Riccardo Saponara,a,Sub,0.0,0.0,0.0,0.0,0.0,0.0,0.0,0.0,0.0,0.0,0.0
795,2021,16787,1313,Riccardo Saponara,a,Sub,20.0,0.0,0.0,0.0,0.0,0.0,0.0,0.0,0.0,0.0,0.0
1069,2021,16799,1313,Riccardo Saponara,h,Sub,59.0,1.0,1.0,1.0,0.0,0.0,0.0531324483454227,0.1266931146383285,4.0,0.2860904596745968,4.0
1447,2021,16813,1313,Riccardo Saponara,a,FWL,75.0,1.0,1.0,1.0,0.0,0.0,0.0531324483454227,0.1266931146383285,4.0,0.2860904596745968,0.0
2199,2021,16838,1313,Riccardo Saponara,h,FWL,165.0,1.0,1.0,3.0,0.0,0.0,0.20406587794423098,0.1266931146383285,4.0,0.7388907484710217,0.0
2518,2021,16849,1313,Riccardo Saponara,a,Sub,241.0,1.0,2.0,6.0,0.0,0.0,0.3075099103152751,1.0893605798482893,5.0,2.011890310794115,1.0
2652,2021,16858,1313,Riccardo Saponara,h,FWL,259.0,1.0,2.0,6.0,0.0,0.0,0.3075099103152751,1.1173276752233503,5.0,2.039857406169176,0.0
2865,2021,16868,1313,Riccardo Saponara,a,FWL,349.0,1.0,2.0,11.0,0.0,0.0,0.6122467331588266,1.266292870044708,5.0,3.1030330695211887,0.0
3089,2021,16878,1313,Riccardo Saponara,h,FWL,427.0,1.0,2.0,13.0,0.0,0.0,0.7724937312304971,1.306731183081865,5.0,3.6242123767733574,0.0
3319,2021,16887,1313,Riccardo Saponara,a,FWL,517.0,2.0,2.0,15.0,0.0,0.0,0.8681708909571169,1.306731183081865,8.0,3.9112438559532166,3.0
3552,2021,16898,1313,Riccardo Saponara,h,Sub,578.0,2.0,2.0,17.0,0.0,0.0,0.9041955098509785,1.8725108690559862,8.0,4.585097398608923,0.0
4412,2021,16929,1313,Riccardo Saponara,h,Sub,598.0,2.0,2.0,18.0,0.0,0.0,0.9508839473128315,1.8725108690559862,8.0,4.725162710994482,0.0
5107,2021,16963,1313,Riccardo Saponara,a,Sub,630.0,2.0,2.0,19.0,0.0,0.0,0.9780757240951058,1.8725108690559862,8.0,4.806738041341305,0.0
5351,2021,16968,1313,Riccardo Saponara,h,FWL,673.0,2.0,2.0,20.0,0.0,0.0,1.0483444742858405,1.8725108690559862,8.0,5.017544291913509,0.0
