,season,matchId,playerId,player,homeOrAway,position,time,goals,assists,shots,yellowCard,redCard,xG,xA,bonus,xB,lastBonus
1840,2021,16831,2303,Samu Castillejo,h,Sub,0.0,0.0,0.0,0.0,0.0,0.0,0.0,0.0,0.0,0.0,0.0
2158,2021,16837,2303,Samu Castillejo,a,AMR,42.0,0.0,0.0,0.0,0.0,0.0,0.0,0.0473181381821632,0.0,0.0473181381821632,0.0
4117,2021,16924,2303,Samu Castillejo,a,Sub,90.0,0.0,0.0,1.0,0.0,0.0,0.088480532169342,0.0473181381821632,0.0,0.3127597346901893,0.0
