,season,matchId,playerId,player,homeOrAway,position,time,goals,assists,shots,yellowCard,redCard,xG,xA,bonus,xB,lastBonus
2889,2021,16850,1642,Simone Zaza,a,Sub,0.0,0.0,0.0,0.0,0.0,0.0,0.0,0.0,0.0,0.0,0.0
3481,2021,16873,1642,Simone Zaza,a,Sub,10.0,0.0,0.0,0.0,0.0,0.0,0.0,0.0,0.0,0.0,0.0
4015,2021,16885,1642,Simone Zaza,h,Sub,24.0,0.0,0.0,1.0,0.0,0.0,0.085720457136631,0.0,0.0,0.257161371409893,0.0
4305,2021,16891,1642,Simone Zaza,a,Sub,31.0,0.0,0.0,1.0,1.0,0.0,0.085720457136631,0.0,-0.5,-0.24283862859010702,-0.5
4604,2021,16905,1642,Simone Zaza,h,Sub,38.0,0.0,0.0,2.0,1.0,0.0,0.168200634419918,0.0,-0.5,0.00460190325975407,0.0
4959,2021,16907,1642,Simone Zaza,a,Sub,52.0,0.0,0.0,3.0,1.0,0.0,0.2360947206616401,0.0,-0.5,0.20828416198492036,0.0
5098,2021,16923,1642,Simone Zaza,h,Sub,85.0,0.0,0.0,5.0,1.0,0.0,0.403634376823902,0.0,-0.5,0.7109031304717063,0.0
6368,2021,16973,1642,Simone Zaza,a,Sub,87.0,0.0,0.0,6.0,1.0,0.0,1.0196001008152962,0.0,-0.5,2.558800302445888,0.0
