,season,matchId,playerId,player,homeOrAway,position,time,goals,assists,shots,yellowCard,redCard,xG,xA,bonus,xB,lastBonus
78,2021,16759,1971,Simone Romagnoli,h,DC,0.0,0.0,0.0,0.0,0.0,0.0,0.0,0.0,0.0,0.0,0.0
1148,2021,16798,1971,Simone Romagnoli,a,DC,90.0,0.0,0.0,1.0,0.0,0.0,0.0666887313127517,0.0,0.0,0.2000661939382553,0.0
1375,2021,16806,1971,Simone Romagnoli,h,DC,180.0,0.0,0.0,2.0,0.0,0.0,0.4868022054433822,0.0828922763466835,0.0,1.5432988926768303,0.0
1738,2021,16821,1971,Simone Romagnoli,a,DC,270.0,0.0,0.0,3.0,0.0,0.0,0.5421895310282706,0.1597704589366912,0.0,1.7863390520215034,0.0
1881,2021,16827,1971,Simone Romagnoli,h,DC,360.0,0.0,0.0,3.0,0.0,0.0,0.5421895310282706,0.1597704589366912,0.0,1.7863390520215034,0.0
3236,2021,16880,1971,Simone Romagnoli,a,DC,401.0,0.0,0.0,3.0,0.0,0.0,0.5421895310282706,0.1597704589366912,0.0,1.7863390520215034,0.0
3731,2021,16905,1971,Simone Romagnoli,a,DC,491.0,1.0,0.0,4.0,0.0,0.0,1.467734806239605,0.1597704589366912,3.0,4.562974877655506,3.0
3982,2021,16908,1971,Simone Romagnoli,h,Sub,581.0,2.0,0.0,5.0,0.0,0.0,1.823810689151287,0.1597704589366912,6.0,5.6312025263905525,3.0
4701,2021,16936,1971,Simone Romagnoli,h,DC,605.0,2.0,0.0,5.0,1.0,0.0,1.823810689151287,0.1597704589366912,6.0,5.1312025263905525,0.0
