,season,matchId,playerId,player,homeOrAway,position,time,goals,assists,shots,yellowCard,redCard,xG,xA,bonus,xB,lastBonus
566,2021,16776,7927,Sofyan Amrabat,a,Sub,0.0,0.0,0.0,0.0,0.0,0.0,0.0,0.0,0.0,0.0,0.0
1071,2021,16799,7927,Sofyan Amrabat,h,Sub,20.0,0.0,0.0,0.0,0.0,0.0,0.0,0.0,0.0,0.0,0.0
1451,2021,16813,7927,Sofyan Amrabat,a,Sub,44.0,0.0,0.0,0.0,0.0,0.0,0.0,0.0,0.0,0.0,0.0
2023,2021,16835,7927,Sofyan Amrabat,a,MC,66.0,0.0,0.0,0.0,1.0,0.0,0.0,0.0238044187426567,0.0,-0.4761955812573433,0.0
2866,2021,16868,7927,Sofyan Amrabat,a,Sub,122.0,0.0,0.0,0.0,2.0,0.0,0.0,0.0627863965928554,0.0,-0.9372136034071445,0.0
