,season,matchId,playerId,player,homeOrAway,position,time,goals,assists,shots,yellowCard,redCard,xG,xA,bonus,xB,lastBonus
59,2021,16757,1898,Stefano Sabelli,a,Sub,0.0,0.0,0.0,0.0,0.0,0.0,0.0,0.0,0.0,0.0,0.0
767,2021,16778,1898,Stefano Sabelli,a,DMR,41.0,0.0,0.0,1.0,0.0,0.0,0.1015670672059059,0.0,0.0,0.3047012016177177,0.0
1933,2021,16822,1898,Stefano Sabelli,a,DMR,89.0,0.0,0.0,1.0,1.0,0.0,0.1015670672059059,0.0,-0.5,-0.1952987983822823,-0.5
2347,2021,16828,1898,Stefano Sabelli,h,DMR,150.0,0.0,0.0,3.0,1.0,0.0,0.16777104139328,0.1065150946378707,-0.5,0.10982821881771077,0.0
3945,2021,16879,1898,Stefano Sabelli,h,DMR,181.0,0.0,0.0,3.0,1.0,0.0,0.16777104139328,0.1065150946378707,-0.5,0.10982821881771077,0.0
4205,2021,16894,1898,Stefano Sabelli,a,DMR,265.0,0.0,0.0,3.0,2.0,0.0,0.16777104139328,0.1065150946378707,-1.0,-0.39017178118228923,-0.5
5302,2021,16930,1898,Stefano Sabelli,a,Sub,325.0,0.0,0.0,3.0,3.0,0.0,0.16777104139328,0.1065150946378707,-1.5,-0.8901717811822892,-0.5
