,season,matchId,playerId,player,homeOrAway,position,time,goals,assists,shots,yellowCard,redCard,xG,xA,bonus,xB,lastBonus
77,2021,16758,1099,Tomás Rincón,h,Sub,0.0,0.0,0.0,0.0,0.0,0.0,0.0,0.0,0.0,0.0,0.0
826,2021,16785,1099,Tomás Rincón,h,Sub,43.0,0.0,0.0,0.0,1.0,0.0,0.0,0.0220138020813465,-0.5,-0.4779861979186535,-0.5
1521,2021,16805,1099,Tomás Rincón,h,Sub,44.0,0.0,0.0,0.0,1.0,0.0,0.0,0.0220138020813465,-0.5,-0.4779861979186535,0.0
1958,2021,16825,1099,Tomás Rincón,h,Sub,58.0,0.0,0.0,0.0,1.0,0.0,0.0,0.0220138020813465,-0.5,-0.4779861979186535,0.0
3185,2021,16865,1099,Tomás Rincón,h,Sub,64.0,0.0,0.0,0.0,1.0,0.0,0.0,0.0326740108430385,-0.5,-0.4673259891569615,0.0
3475,2021,16873,1099,Tomás Rincón,a,MC,77.0,0.0,0.0,0.0,1.0,0.0,0.0,0.0326740108430385,-0.5,-0.4673259891569615,0.0
4603,2021,16905,1099,Tomás Rincón,h,Sub,136.0,0.0,0.0,0.0,2.0,0.0,0.0,0.0326740108430385,-1.0,-0.9673259891569614,-0.5
6130,2021,16961,1099,Tomás Rincón,a,Sub,150.0,0.0,0.0,0.0,2.0,0.0,0.0,0.0326740108430385,-1.0,-0.9673259891569614,0.0
6345,2021,16973,1099,Tomás Rincón,h,DMC,191.0,0.0,0.0,0.0,2.0,0.0,0.0,0.06495431810617441,-1.0,-0.9350456818938255,0.0
