,season,matchId,playerId,player,homeOrAway,position,time,goals,assists,shots,yellowCard,redCard,xG,xA,bonus,xB,lastBonus
5009,2016,3556,4450,Adel Taarabt,a,Sub,0.0,0.0,0.0,0.0,0.0,0.0,0.0,0.0,0.0,0.0,0.0
5160,2016,3562,4450,Adel Taarabt,h,Sub,59.0,0.0,2.0,1.0,0.0,0.0,0.2127633094787597,1.0783582925796509,2.0,1.7166482210159302,2.0
5398,2016,3572,4450,Adel Taarabt,a,Sub,81.0,0.0,2.0,2.0,0.0,0.0,0.23296373151242722,1.125846717506647,2.0,1.824737912043929,0.0
6575,2016,3624,4450,Adel Taarabt,a,ML,111.0,0.0,2.0,3.0,0.0,0.0,0.24410709924995883,1.15015958994627,2.0,1.882480887696147,0.0
