,season,matchId,playerId,player,homeOrAway,position,time,goals,assists,shots,yellowCard,redCard,xG,xA,bonus,xB,lastBonus
125,2016,936,716,Alberto Paloschi,h,FW,0.0,0.0,0.0,0.0,0.0,0.0,0.0,0.0,0.0,0.0,0.0
320,2016,944,716,Alberto Paloschi,a,FW,90.0,0.0,0.0,2.0,0.0,0.0,0.1866721212863922,0.0246568396687507,0.0,0.5846732035279274,0.0
619,2016,957,716,Alberto Paloschi,h,Sub,136.0,0.0,0.0,2.0,0.0,0.0,0.1866721212863922,0.0246568396687507,0.0,0.5846732035279274,0.0
845,2016,966,716,Alberto Paloschi,a,FW,171.0,0.0,0.0,3.0,0.0,0.0,0.2795855551958084,0.0414939690381287,0.0,0.8802506346255541,0.0
2293,2016,3287,716,Alberto Paloschi,a,FW,261.0,0.0,0.0,5.0,0.0,0.0,1.0738869458436966,0.0414939690381287,0.0,3.263154806569219,0.0
6707,2016,3630,716,Alberto Paloschi,h,Sub,351.0,0.0,0.0,7.0,0.0,0.0,1.1406869441270828,0.0608114469796417,0.0,3.482872279360891,0.0
