,season,matchId,playerId,player,homeOrAway,position,time,goals,assists,shots,yellowCard,redCard,xG,xA,bonus,xB,lastBonus
1502,2016,994,1582,Aleksandar Pesic,h,Sub,0.0,0.0,0.0,0.0,0.0,0.0,0.0,0.0,0.0,0.0,0.0
3322,2016,3067,1582,Aleksandar Pesic,a,Sub,17.0,0.0,0.0,1.0,0.0,0.0,0.0763894021511077,0.0,0.0,0.2291682064533233,0.0
4015,2016,3097,1582,Aleksandar Pesic,h,Sub,51.0,0.0,0.0,2.0,0.0,0.0,0.1545005291700362,0.0,0.0,0.46350158751010884,0.0
