,season,matchId,playerId,player,homeOrAway,position,time,goals,assists,shots,yellowCard,redCard,xG,xA,bonus,xB,lastBonus
488,2016,948,1254,Alessandro Florenzi,a,DR,0.0,0.0,0.0,0.0,0.0,0.0,0.0,0.0,0.0,0.0,0.0
698,2016,956,1254,Alessandro Florenzi,h,DR,90.0,0.0,0.0,3.0,1.0,0.0,0.6975510120391846,0.1094403713941574,-0.5,1.7020934075117111,-0.5
1076,2016,969,1254,Alessandro Florenzi,a,DR,180.0,0.0,0.0,7.0,1.0,0.0,0.8107234016060829,0.1094403713941574,-0.5,2.041610576212406,0.0
1286,2016,977,1254,Alessandro Florenzi,h,DR,270.0,0.0,0.0,7.0,2.0,0.0,0.8107234016060829,0.5328980237245559,-1.0,1.9650682285428047,-0.5
1440,2016,982,1254,Alessandro Florenzi,a,DR,350.0,0.0,1.0,9.0,2.0,0.0,0.8955284133553504,0.6258325874805448,0.0,2.3124178275465965,1.0
1908,2016,999,1254,Alessandro Florenzi,h,AMC,440.0,0.0,1.0,9.0,3.0,0.0,0.8955284133553504,0.7422630712389944,-0.5,1.928848311305046,-0.5
1943,2016,1000,1254,Alessandro Florenzi,a,DR,530.0,0.0,1.0,12.0,3.0,0.0,1.108890779316425,0.9240583553910253,-0.5,2.7507306933403015,0.0
2472,2016,1019,1254,Alessandro Florenzi,h,Sub,620.0,0.0,2.0,12.0,3.0,0.0,1.108890779316425,1.3290958777070043,0.5,3.1557682156562805,1.0
2725,2016,3288,1254,Alessandro Florenzi,a,DR,664.0,0.0,3.0,13.0,3.0,0.0,1.1830504313111303,1.5181886628270147,1.5,3.5673399567604065,1.0
