,season,matchId,playerId,player,homeOrAway,position,time,goals,assists,shots,yellowCard,redCard,xG,xA,bonus,xB,lastBonus
347,2016,945,1173,Alexandru Mitrita,a,Sub,0.0,0.0,0.0,0.0,0.0,0.0,0.0,0.0,0.0,0.0,0.0
727,2016,961,1173,Alexandru Mitrita,a,Sub,16.0,0.0,1.0,1.0,0.0,0.0,0.0343953184783458,0.8861186504364014,1.0,0.989304605871439,1.0
1276,2016,984,1173,Alexandru Mitrita,a,AMC,32.0,0.0,1.0,1.0,0.0,0.0,0.0343953184783458,0.8861186504364014,1.0,0.989304605871439,0.0
1409,2016,990,1173,Alexandru Mitrita,h,Sub,97.0,0.0,1.0,1.0,0.0,0.0,0.0343953184783458,0.9065307676792145,1.0,1.009716723114252,0.0
2455,2016,3294,1173,Alexandru Mitrita,a,ML,119.0,0.0,1.0,1.0,0.0,0.0,0.0343953184783458,0.9065307676792145,1.0,1.009716723114252,0.0
4529,2016,3535,1173,Alexandru Mitrita,a,Sub,197.0,0.0,1.0,1.0,1.0,0.0,0.0343953184783458,0.9375609923154115,1.0,0.5407469477504492,0.0
5250,2016,3566,1173,Alexandru Mitrita,h,Sub,217.0,0.0,1.0,1.0,1.0,0.0,0.0343953184783458,0.9375609923154115,1.0,0.5407469477504492,0.0
6469,2016,3621,1173,Alexandru Mitrita,h,FWL,249.0,0.0,1.0,2.0,1.0,0.0,0.0590342693030833,1.0021953526884315,1.0,0.679298160597682,0.0
8366,2016,3699,1173,Alexandru Mitrita,a,FWR,315.0,0.0,1.0,3.0,1.0,0.0,0.1123235858976839,1.0021953526884315,1.0,0.839166110381484,0.0
8642,2016,3708,1173,Alexandru Mitrita,h,Sub,369.0,0.0,2.0,3.0,1.0,0.0,0.1123235858976839,1.1275125984102485,2.0,0.964483356103301,1.0
8847,2016,3719,1173,Alexandru Mitrita,a,Sub,413.0,1.0,2.0,5.0,1.0,0.0,0.5351566113531587,1.1996946204453705,5.0,2.3051644545048475,3.0
