,season,matchId,playerId,player,homeOrAway,position,time,goals,assists,shots,yellowCard,redCard,xG,xA,bonus,xB,lastBonus
174,2016,938,1522,Andrea Ranocchia,a,DC,0.0,0.0,0.0,0.0,0.0,0.0,0.0,0.0,0.0,0.0,0.0
1282,2016,985,1522,Andrea Ranocchia,h,DC,90.0,0.0,0.0,2.0,0.0,0.0,0.5438877940177917,0.0,0.0,1.6316633820533752,0.0
2739,2016,2753,1522,Andrea Ranocchia,h,DC,180.0,0.0,0.0,4.0,0.0,0.0,1.0157576501369476,0.0395639277994632,0.0,3.086836878210306,0.0
3255,2016,2775,1522,Andrea Ranocchia,h,DC,199.0,0.0,0.0,4.0,1.0,0.0,1.0157576501369476,0.0395639277994632,0.0,2.586836878210306,0.0
3291,2016,3066,1522,Andrea Ranocchia,a,DC,289.0,0.0,0.0,5.0,1.0,0.0,1.0324270483106375,0.0395639277994632,0.0,2.6368450727313757,0.0
