,season,matchId,playerId,player,homeOrAway,position,time,goals,assists,shots,yellowCard,redCard,xG,xA,bonus,xB,lastBonus
3946,2016,3094,1232,Angelo Palombo,a,DC,0.0,0.0,0.0,0.0,0.0,0.0,0.0,0.0,0.0,0.0,0.0
4463,2016,3533,1232,Angelo Palombo,h,DC,90.0,0.0,0.0,2.0,0.0,0.0,0.1793931871652603,0.0,0.0,0.538179561495781,0.0
8765,2016,3718,1232,Angelo Palombo,h,Sub,180.0,0.0,0.0,2.0,1.0,0.0,0.1793931871652603,0.0,0.0,0.038179561495780945,0.0
