,season,matchId,playerId,player,homeOrAway,position,time,goals,assists,shots,yellowCard,redCard,xG,xA,bonus,xB,lastBonus
2220,2016,1010,1232,Angelo Palombo,h,Sub,0.0,0.0,0.0,0.0,0.0,0.0,0.0,0.0,0.0,0.0,0.0
4679,2016,3094,1232,Angelo Palombo,a,DC,12.0,0.0,0.0,0.0,0.0,0.0,0.0,0.0,0.0,0.0,0.0
5305,2016,3533,1232,Angelo Palombo,h,DC,102.0,0.0,0.0,2.0,0.0,0.0,0.1793931871652603,0.0,0.0,0.538179561495781,0.0
10449,2016,3718,1232,Angelo Palombo,h,Sub,192.0,0.0,0.0,2.0,1.0,0.0,0.1793931871652603,0.0,-0.5,0.038179561495780945,-0.5
