,season,matchId,playerId,player,homeOrAway,position,time,goals,assists,shots,yellowCard,redCard,xG,xA,bonus,xB,lastBonus
187,2016,937,1357,Aniello Salzano,a,MC,0.0,0.0,0.0,0.0,0.0,0.0,0.0,0.0,0.0,0.0,0.0
507,2016,949,1357,Aniello Salzano,h,MC,90.0,0.0,0.0,0.0,0.0,0.0,0.0,0.0965893492102623,0.0,0.0965893492102623,0.0
802,2016,959,1357,Aniello Salzano,a,MC,180.0,0.0,0.0,0.0,0.0,0.0,0.0,0.1256219875067472,0.0,0.1256219875067472,0.0
1305,2016,977,1357,Aniello Salzano,a,MC,270.0,0.0,0.0,0.0,0.0,0.0,0.0,0.1256219875067472,0.0,0.1256219875067472,0.0
2143,2016,1007,1357,Aniello Salzano,a,MC,360.0,0.0,0.0,2.0,0.0,0.0,0.0360067933797836,0.1473188586533069,0.0,0.2553392387926578,0.0
2354,2016,1015,1357,Aniello Salzano,h,MC,450.0,0.0,0.0,2.0,0.0,0.0,0.0360067933797836,0.1473188586533069,0.0,0.2553392387926578,0.0
4174,2016,3076,1357,Aniello Salzano,h,Sub,496.0,0.0,0.0,3.0,0.0,0.0,0.0817651450634002,0.1473188586533069,0.0,0.39261429384350766,0.0
