,season,matchId,playerId,player,homeOrAway,position,time,goals,assists,shots,yellowCard,redCard,xG,xA,bonus,xB,lastBonus
5364,2016,3570,4923,Boadu Maxwell Acosty,h,Sub,0.0,0.0,0.0,0.0,0.0,0.0,0.0,0.0,0.0,0.0,0.0
5431,2016,3574,4923,Boadu Maxwell Acosty,h,ML,20.0,0.0,0.0,0.0,0.0,0.0,0.0,0.0,0.0,0.0,0.0
5649,2016,3583,4923,Boadu Maxwell Acosty,a,AMC,110.0,0.0,0.0,3.0,0.0,0.0,0.0699938163161277,0.145198181271553,0.0,0.3551796302199363,0.0
5933,2016,3594,4923,Boadu Maxwell Acosty,h,MR,189.0,0.0,0.0,5.0,0.0,0.0,0.1480547487735747,0.145198181271553,0.0,0.5893624275922774,0.0
6262,2016,3611,4923,Boadu Maxwell Acosty,h,Sub,249.0,0.0,0.0,6.0,1.0,0.0,0.20469228178262688,0.166487282142043,0.0,0.2805641274899243,0.0
8060,2016,3685,4923,Boadu Maxwell Acosty,a,Sub,265.0,0.0,0.0,6.0,1.0,0.0,0.20469228178262688,0.166487282142043,0.0,0.2805641274899243,0.0
8382,2016,3701,4923,Boadu Maxwell Acosty,h,Sub,303.0,0.0,0.0,7.0,1.0,0.0,0.21494469046592687,0.166487282142043,0.0,0.3113213535398243,0.0
