,season,matchId,playerId,player,homeOrAway,position,time,goals,assists,shots,yellowCard,redCard,xG,xA,bonus,xB,lastBonus
197,2016,938,1572,Bostjan Cesar,h,DC,0.0,0.0,0.0,0.0,0.0,0.0,0.0,0.0,0.0,0.0,0.0
546,2016,950,1572,Bostjan Cesar,a,DC,90.0,0.0,0.0,0.0,0.0,0.0,0.0,0.0,0.0,0.0,0.0
653,2016,954,1572,Bostjan Cesar,h,Sub,180.0,0.0,0.0,1.0,1.0,0.0,0.0178439430892467,0.0,-0.5,-0.4464681707322597,-0.5
910,2016,963,1572,Bostjan Cesar,a,DC,187.0,0.0,0.0,2.0,2.0,0.0,0.3463823907077312,0.0,-1.0,0.039147172123193796,-0.5
1414,2016,981,1572,Bostjan Cesar,a,DC,277.0,0.0,0.0,2.0,3.0,0.0,0.3463823907077312,0.0,-1.5,-0.4608528278768062,-0.5
5527,2016,3540,1572,Bostjan Cesar,h,DC,367.0,0.0,0.0,2.0,4.0,0.0,0.3463823907077312,0.0,-2.0,-0.9608528278768063,-0.5
6193,2016,3564,1572,Bostjan Cesar,h,DC,457.0,0.0,0.0,3.0,5.0,0.0,0.3789881356060504,0.0,-2.5,-1.3630355931818485,-0.5
7323,2016,3602,1572,Bostjan Cesar,a,DC,539.0,0.0,0.0,3.0,5.0,1.0,0.3789881356060504,0.0,-3.0,-1.8630355931818485,-0.5
7699,2016,3616,1572,Bostjan Cesar,h,DC,629.0,0.0,0.0,3.0,6.0,1.0,0.3789881356060504,0.0,-3.5,-2.3630355931818485,-0.5
7907,2016,3622,1572,Bostjan Cesar,a,DC,719.0,1.0,0.0,5.0,6.0,1.0,1.910768497735262,0.0,-0.5,2.2323054932057858,3.0
8439,2016,3642,1572,Bostjan Cesar,a,DC,809.0,1.0,0.0,6.0,6.0,1.0,2.011446762830019,0.0,-0.5,2.534340288490057,0.0
8747,2016,3654,1572,Bostjan Cesar,a,DC,899.0,1.0,0.0,6.0,6.0,1.0,2.011446762830019,0.0,-0.5,2.534340288490057,0.0
9306,2016,3672,1572,Bostjan Cesar,a,DC,989.0,1.0,0.0,6.0,7.0,1.0,2.011446762830019,0.3360022008419037,-1.0,2.3703424893319607,-0.5
9683,2016,3688,1572,Bostjan Cesar,h,DC,1079.0,1.0,0.0,7.0,7.0,1.0,2.1398614682257175,0.3360022008419037,-1.0,2.7555866055190563,0.0
9866,2016,3692,1572,Bostjan Cesar,a,DC,1163.0,1.0,0.0,8.0,8.0,1.0,2.169977830722928,0.3360022008419037,-1.5,2.345935693010688,-0.5
10047,2016,3709,1572,Bostjan Cesar,h,DC,1253.0,1.0,0.0,8.0,8.0,1.0,2.169977830722928,0.3360022008419037,-1.5,2.345935693010688,0.0
10340,2016,3712,1572,Bostjan Cesar,a,DC,1343.0,1.0,0.0,9.0,8.0,1.0,2.4972998071461916,0.3360022008419037,-1.5,3.3279016222804785,0.0
