,season,matchId,playerId,player,homeOrAway,position,time,goals,assists,shots,yellowCard,redCard,xG,xA,bonus,xB,lastBonus
8608,2016,3651,4902,Carlao,a,DC,0.0,0.0,0.0,0.0,0.0,0.0,0.0,0.0,0.0,0.0,0.0
8761,2016,3655,4902,Carlao,h,DC,69.0,0.0,0.0,1.0,1.0,0.0,0.0447553098201751,0.0,-0.5,-0.3657340705394745,-0.5
9235,2016,3679,4902,Carlao,h,DC,159.0,0.0,0.0,1.0,1.0,0.0,0.0447553098201751,0.0,-0.5,-0.3657340705394745,0.0
9934,2016,3698,4902,Carlao,h,DC,249.0,0.0,0.0,1.0,1.0,0.0,0.0447553098201751,0.0,-0.5,-0.3657340705394745,0.0
