,season,matchId,playerId,player,homeOrAway,position,time,goals,assists,shots,yellowCard,redCard,xG,xA,bonus,xB,lastBonus
600,2016,952,1391,Christian Maggio,a,DR,0.0,0.0,0.0,0.0,0.0,0.0,0.0,0.0,0.0,0.0,0.0
1398,2016,981,1391,Christian Maggio,h,DR,90.0,0.0,0.0,0.0,0.0,0.0,0.0,0.1366809606552124,0.0,0.1366809606552124,0.0
2599,2016,3284,1391,Christian Maggio,h,DR,180.0,0.0,0.0,0.0,0.0,0.0,0.0,0.1366809606552124,0.0,0.1366809606552124,0.0
3895,2016,3066,1391,Christian Maggio,h,Sub,258.0,0.0,0.0,1.0,0.0,0.0,0.0453834794461727,0.1366809606552124,0.0,0.2728313989937305,0.0
5371,2016,3535,1391,Christian Maggio,h,Sub,286.0,0.0,0.0,1.0,0.0,0.0,0.0453834794461727,0.179668478667736,0.0,0.3158189170062541,0.0
6415,2016,3572,1391,Christian Maggio,h,DR,290.0,0.0,0.0,1.0,0.0,0.0,0.0453834794461727,0.179668478667736,0.0,0.3158189170062541,0.0
6982,2016,3592,1391,Christian Maggio,h,Sub,380.0,0.0,0.0,1.0,0.0,0.0,0.0453834794461727,0.179668478667736,0.0,0.3158189170062541,0.0
