,season,matchId,playerId,player,homeOrAway,position,time,goals,assists,shots,yellowCard,redCard,xG,xA,bonus,xB,lastBonus
2548,2016,3282,1300,Claudio Marchisio,h,MC,0.0,0.0,0.0,0.0,0.0,0.0,0.0,0.0,0.0,0.0,0.0
2806,2016,3291,1300,Claudio Marchisio,h,Sub,75.0,0.0,0.0,0.0,0.0,0.0,0.0,0.0,0.0,0.0,0.0
3919,2016,3067,1300,Claudio Marchisio,h,MC,96.0,0.0,0.0,0.0,0.0,0.0,0.0,0.0,0.0,0.0,0.0
4265,2016,3079,1300,Claudio Marchisio,a,MC,186.0,0.0,1.0,1.0,0.0,0.0,0.0240335296839475,0.057750217616558,1.0,0.1298508066684007,1.0
4530,2016,3089,1300,Claudio Marchisio,h,MC,276.0,0.0,1.0,2.0,0.0,0.0,0.0589039232581853,0.1871079131960868,1.0,0.36381968297064293,0.0
5195,2016,3529,1300,Claudio Marchisio,h,MC,366.0,0.0,1.0,2.0,0.0,0.0,0.0589039232581853,0.1871079131960868,1.0,0.36381968297064293,0.0
5461,2016,3538,1300,Claudio Marchisio,a,MC,456.0,0.0,1.0,4.0,0.0,0.0,0.1078273486346005,0.1871079131960868,1.0,0.5105899590998886,0.0
6314,2016,3568,1300,Claudio Marchisio,h,Sub,534.0,0.0,1.0,4.0,0.0,0.0,0.1078273486346005,0.1871079131960868,1.0,0.5105899590998886,0.0
6656,2016,3580,1300,Claudio Marchisio,a,DMC,552.0,0.0,1.0,4.0,0.0,0.0,0.1078273486346005,0.1871079131960868,1.0,0.5105899590998886,0.0
6699,2016,3582,1300,Claudio Marchisio,h,DMC,621.0,0.0,2.0,4.0,1.0,0.0,0.1078273486346005,0.50522892922163,1.5,0.3287109751254318,0.5
7005,2016,3595,1300,Claudio Marchisio,h,DMC,696.0,1.0,2.0,5.0,2.0,0.0,0.5630926322191953,0.50522892922163,4.0,1.194506825879216,2.5
8330,2016,3637,1300,Claudio Marchisio,a,DMC,775.0,1.0,2.0,5.0,2.0,0.0,0.5630926322191953,0.50522892922163,4.0,1.194506825879216,0.0
8429,2016,3642,1300,Claudio Marchisio,h,DMC,856.0,1.0,2.0,5.0,2.0,0.0,0.5630926322191953,0.50522892922163,4.0,1.194506825879216,0.0
8835,2016,3657,1300,Claudio Marchisio,a,DMC,946.0,1.0,2.0,6.0,2.0,0.0,0.5909101366996764,0.50522892922163,4.0,1.2779593393206594,0.0
9156,2016,3666,1300,Claudio Marchisio,h,MC,1036.0,1.0,2.0,7.0,2.0,0.0,0.6557950899004935,0.50522892922163,4.0,1.4726141989231107,0.0
10041,2016,3695,1300,Claudio Marchisio,a,Sub,1122.0,1.0,2.0,9.0,2.0,0.0,1.0995278283953664,0.5678763315081595,4.0,2.8664598166942596,0.0
10189,2016,3705,1300,Claudio Marchisio,h,DMC,1134.0,1.0,2.0,9.0,2.0,0.0,1.0995278283953664,0.5678763315081595,4.0,2.8664598166942596,0.0
10371,2016,3715,1300,Claudio Marchisio,a,DMC,1210.0,1.0,2.0,9.0,2.0,0.0,1.0995278283953664,0.5678763315081595,4.0,2.8664598166942596,0.0
