,season,matchId,playerId,player,homeOrAway,position,time,goals,assists,shots,yellowCard,redCard,xG,xA,bonus,xB,lastBonus
117,2016,936,1499,Cristian Raimondi,h,DC,0.0,0.0,0.0,0.0,0.0,0.0,0.0,0.0,0.0,0.0,0.0
314,2016,944,1499,Cristian Raimondi,a,DC,90.0,0.0,0.0,1.0,1.0,0.0,0.0134342657402157,0.0130392648279666,0.0,-0.446657937951386,0.0
617,2016,957,1499,Cristian Raimondi,h,Sub,180.0,0.0,0.0,3.0,2.0,0.0,0.130775419063866,0.08146235719323139,0.0,-0.52621138561517,0.0
1375,2016,988,1499,Cristian Raimondi,a,Sub,204.0,0.0,0.0,3.0,2.0,0.0,0.130775419063866,0.1498383395373819,0.0,-0.4578354032710195,0.0
8003,2016,3682,1499,Cristian Raimondi,a,MR,228.0,0.0,0.0,3.0,2.0,0.0,0.130775419063866,0.1498383395373819,0.0,-0.4578354032710195,0.0
8661,2016,3712,1499,Cristian Raimondi,h,ML,277.0,0.0,0.0,3.0,3.0,0.0,0.130775419063866,0.1498383395373819,0.0,-0.9578354032710195,0.0
