,season,matchId,playerId,player,homeOrAway,position,time,goals,assists,shots,yellowCard,redCard,xG,xA,bonus,xB,lastBonus
1230,2016,975,1301,Daniele Rugani,h,DC,0.0,0.0,0.0,0.0,0.0,0.0,0.0,0.0,0.0,0.0,0.0
1384,2016,980,1301,Daniele Rugani,a,DC,90.0,1.0,0.0,2.0,1.0,0.0,0.6145334839820862,0.0,2.5,1.3436004519462583,2.5
3383,2016,2758,1301,Daniele Rugani,h,DC,120.0,1.0,0.0,2.0,1.0,0.0,0.6145334839820862,0.0,2.5,1.3436004519462583,0.0
3771,2016,2771,1301,Daniele Rugani,a,Sub,210.0,1.0,0.0,2.0,1.0,0.0,0.6145334839820862,0.0,2.5,1.3436004519462583,0.0
3915,2016,3067,1301,Daniele Rugani,h,DC,268.0,1.0,0.0,2.0,1.0,0.0,0.6145334839820862,0.4377813041210174,2.5,1.7813817560672758,0.0
4262,2016,3079,1301,Daniele Rugani,a,DC,358.0,2.0,0.0,3.0,2.0,0.0,0.6887241899967192,0.4377813041210174,5.0,1.5039538741111753,2.5
4525,2016,3089,1301,Daniele Rugani,h,DC,448.0,2.0,0.0,3.0,3.0,0.0,0.6887241899967192,0.4377813041210174,4.5,1.0039538741111753,-0.5
6315,2016,3568,1301,Daniele Rugani,h,Sub,538.0,2.0,0.0,3.0,4.0,0.0,0.6887241899967192,0.4377813041210174,4.0,0.5039538741111753,-0.5
6403,2016,3570,1301,Daniele Rugani,a,DC,542.0,2.0,0.0,3.0,4.0,0.0,0.6887241899967192,0.4377813041210174,4.0,0.5039538741111753,0.0
6663,2016,3580,1301,Daniele Rugani,a,Sub,632.0,2.0,0.0,3.0,4.0,0.0,0.6887241899967192,0.4377813041210174,4.0,0.5039538741111753,0.0
7001,2016,3595,1301,Daniele Rugani,h,DC,705.0,2.0,0.0,3.0,4.0,0.0,0.6887241899967192,0.4377813041210174,4.0,0.5039538741111753,0.0
7539,2016,3617,1301,Daniele Rugani,h,Sub,795.0,2.0,0.0,3.0,4.0,0.0,0.6887241899967192,0.4377813041210174,4.0,0.5039538741111753,0.0
7963,2016,3626,1301,Daniele Rugani,a,DC,806.0,2.0,0.0,3.0,4.0,0.0,0.6887241899967192,0.4377813041210174,4.0,0.5039538741111753,0.0
8426,2016,3642,1301,Daniele Rugani,h,DC,896.0,2.0,0.0,3.0,4.0,0.0,0.6887241899967192,0.4377813041210174,4.0,0.5039538741111753,0.0
8832,2016,3657,1301,Daniele Rugani,a,DC,986.0,2.0,0.0,3.0,4.0,0.0,0.6887241899967192,0.4377813041210174,4.0,0.5039538741111753,0.0
