,season,matchId,playerId,player,homeOrAway,position,time,goals,assists,shots,yellowCard,redCard,xG,xA,bonus,xB,lastBonus
9140,2016,3671,1933,Danilo Avelar,a,DL,0.0,0.0,0.0,0.0,0.0,0.0,0.0,0.0,0.0,0.0,0.0
9237,2016,3679,1933,Danilo Avelar,h,DL,84.0,0.0,0.0,0.0,0.0,0.0,0.0,0.1331754475831985,0.0,0.1331754475831985,0.0
10258,2016,3711,1933,Danilo Avelar,a,DL,174.0,0.0,0.0,0.0,1.0,0.0,0.0,0.1915499493479728,-0.5,-0.3084500506520272,-0.5
