,season,matchId,playerId,player,homeOrAway,position,time,goals,assists,shots,yellowCard,redCard,xG,xA,bonus,xB,lastBonus
123,2016,935,1174,Dario Zuparic,h,Sub,0.0,0.0,0.0,0.0,0.0,0.0,0.0,0.0,0.0,0.0,0.0
1967,2016,1001,1174,Dario Zuparic,h,Sub,18.0,0.0,0.0,0.0,0.0,0.0,0.0,0.0,0.0,0.0,0.0
3395,2016,2758,1174,Dario Zuparic,a,DC,52.0,0.0,0.0,0.0,0.0,0.0,0.0,0.0,0.0,0.0,0.0
3817,2016,2773,1174,Dario Zuparic,a,DC,142.0,0.0,0.0,1.0,0.0,0.0,0.3846359550952911,0.1178743317723274,0.0,1.2717821970582008,0.0
4005,2016,3070,1174,Dario Zuparic,h,Sub,232.0,0.0,0.0,1.0,1.0,0.0,0.3846359550952911,0.1178743317723274,-0.5,0.7717821970582008,-0.5
4912,2016,3099,1174,Dario Zuparic,a,Sub,233.0,0.0,0.0,1.0,1.0,0.0,0.3846359550952911,0.1178743317723274,-0.5,0.7717821970582008,0.0
5374,2016,3535,1174,Dario Zuparic,a,DC,243.0,0.0,0.0,1.0,1.0,0.0,0.3846359550952911,0.1178743317723274,-0.5,0.7717821970582008,0.0
