,season,matchId,playerId,player,homeOrAway,position,time,goals,assists,shots,yellowCard,redCard,xG,xA,bonus,xB,lastBonus
3757,2016,2771,1114,Davide Biraschi,h,Sub,0.0,0.0,0.0,0.0,0.0,0.0,0.0,0.0,0.0,0.0,0.0
7861,2016,3624,1114,Davide Biraschi,a,Sub,1.0,0.0,0.0,1.0,1.0,0.0,0.0145783480256795,0.0,-0.5,-0.4562649559229612,-0.5
9175,2016,3666,1114,Davide Biraschi,a,Sub,19.0,0.0,0.0,1.0,1.0,0.0,0.0145783480256795,0.0,-0.5,-0.4562649559229612,0.0
9654,2016,3687,1114,Davide Biraschi,h,DC,42.0,0.0,0.0,1.0,1.0,0.0,0.0145783480256795,0.1053309217095375,-0.5,-0.3509340342134237,0.0
9921,2016,3694,1114,Davide Biraschi,a,DC,132.0,0.0,0.0,1.0,2.0,0.0,0.0145783480256795,0.1053309217095375,-1.0,-0.8509340342134237,-0.5
10243,2016,3711,1114,Davide Biraschi,h,DC,222.0,0.0,0.0,1.0,2.0,0.0,0.0145783480256795,0.1053309217095375,-1.0,-0.8509340342134237,0.0
10423,2016,3714,1114,Davide Biraschi,a,DC,301.0,0.0,0.0,2.0,2.0,0.0,0.0398479271680115,0.1053309217095375,-1.0,-0.7751252967864275,0.0
