,season,matchId,playerId,player,homeOrAway,position,time,goals,assists,shots,yellowCard,redCard,xG,xA,bonus,xB,lastBonus
333,2016,942,1574,Davide Calabria,a,Sub,0.0,0.0,0.0,0.0,0.0,0.0,0.0,0.0,0.0,0.0,0.0
827,2016,960,1574,Davide Calabria,a,DL,9.0,0.0,0.0,0.0,0.0,0.0,0.0,0.0,0.0,0.0,0.0
1090,2016,970,1574,Davide Calabria,h,DR,99.0,0.0,0.0,2.0,0.0,0.0,0.0245882906019687,0.0,0.0,0.0737648718059063,0.0
1580,2016,987,1574,Davide Calabria,a,DR,189.0,0.0,0.0,2.0,1.0,0.0,0.0245882906019687,0.6530321836471558,-0.5,0.226797055453062,-0.5
5486,2016,3539,1574,Davide Calabria,a,DL,279.0,0.0,0.0,2.0,2.0,0.0,0.0245882906019687,0.6530321836471558,-1.0,-0.273202944546938,-0.5
5500,2016,3541,1574,Davide Calabria,h,DL,367.0,0.0,0.0,5.0,2.0,0.0,0.115726988762617,0.7249660491943358,-1.0,0.07214701548218722,0.0
8298,2016,3639,1574,Davide Calabria,a,DR,457.0,0.0,0.0,6.0,3.0,0.0,0.1288673998787998,0.7249660491943358,-1.5,-0.38843175116926437,-0.5
8536,2016,3647,1574,Davide Calabria,h,DR,547.0,0.0,0.0,7.0,3.0,0.0,0.14196024555712922,1.123028427362442,-1.5,0.04890916403383011,0.0
8662,2016,3659,1574,Davide Calabria,a,DR,637.0,0.0,1.0,7.0,3.0,0.0,0.14196024555712922,1.5439423620700836,-0.5,0.4698230987414717,1.0
9067,2016,3665,1574,Davide Calabria,h,DR,719.0,0.0,1.0,7.0,3.0,0.0,0.14196024555712922,1.5439423620700836,-0.5,0.4698230987414717,0.0
9360,2016,3676,1574,Davide Calabria,a,DR,809.0,0.0,1.0,8.0,3.0,0.0,0.15512275043874962,1.665625475347042,-0.5,0.6309937266632915,0.0
10395,2016,3717,1574,Davide Calabria,a,DR,899.0,0.0,1.0,8.0,3.0,0.0,0.15512275043874962,1.6959924809634686,-0.5,0.6613607322797178,0.0
