,season,matchId,playerId,player,homeOrAway,position,time,goals,assists,shots,yellowCard,redCard,xG,xA,bonus,xB,lastBonus
339,2016,943,1509,Davide Santon,h,DL,0.0,0.0,0.0,0.0,0.0,0.0,0.0,0.0,0.0,0.0,0.0
771,2016,958,1509,Davide Santon,a,DL,68.0,0.0,0.0,0.0,0.0,0.0,0.0,0.0281422920525074,0.0,0.0281422920525074,0.0
1037,2016,968,1509,Davide Santon,h,DL,158.0,0.0,0.0,0.0,0.0,0.0,0.0,0.0847043246030807,0.0,0.0847043246030807,0.0
1191,2016,973,1509,Davide Santon,a,DL,238.0,0.0,0.0,0.0,0.0,0.0,0.0,0.1642819270491599,0.0,0.1642819270491599,0.0
1510,2016,985,1509,Davide Santon,h,DR,328.0,0.0,0.0,0.0,0.0,0.0,0.0,0.1841772943735121,0.0,0.1841772943735121,0.0
1918,2016,999,1509,Davide Santon,a,DL,418.0,0.0,0.0,0.0,0.0,0.0,0.0,0.21601392328739139,0.0,0.21601392328739139,0.0
2072,2016,1005,1509,Davide Santon,h,DL,508.0,0.0,0.0,0.0,1.0,0.0,0.0,0.21601392328739139,-0.5,-0.2839860767126086,-0.5
2422,2016,1017,1509,Davide Santon,a,DL,598.0,0.0,0.0,0.0,1.0,0.0,0.0,0.21601392328739139,-0.5,-0.2839860767126086,0.0
2979,2016,3297,1509,Davide Santon,a,DL,688.0,0.0,0.0,1.0,1.0,0.0,0.0137674640864133,0.21601392328739139,-0.5,-0.24268368445336852,0.0
3244,2016,2753,1509,Davide Santon,h,DL,778.0,0.0,0.0,1.0,1.0,0.0,0.0137674640864133,0.4290765970945355,-0.5,-0.02962101064622441,0.0
5579,2016,3543,1509,Davide Santon,a,Sub,868.0,0.0,0.0,1.0,1.0,0.0,0.0137674640864133,0.4290765970945355,-0.5,-0.02962101064622441,0.0
5813,2016,3551,1509,Davide Santon,h,Sub,874.0,0.0,0.0,1.0,1.0,0.0,0.0137674640864133,0.4290765970945355,-0.5,-0.02962101064622441,0.0
10295,2016,3707,1509,Davide Santon,a,Sub,878.0,0.0,0.0,1.0,1.0,0.0,0.0137674640864133,0.4290765970945355,-0.5,-0.02962101064622441,0.0
10578,2016,3721,1509,Davide Santon,h,DL,946.0,0.0,0.0,1.0,1.0,0.0,0.0137674640864133,0.4290765970945355,-0.5,-0.02962101064622441,0.0
