,season,matchId,playerId,player,homeOrAway,position,time,goals,assists,shots,yellowCard,redCard,xG,xA,bonus,xB,lastBonus
1260,2016,984,1097,Edenilson,h,DMR,0.0,0.0,0.0,0.0,0.0,0.0,0.0,0.0,0.0,0.0,0.0
1738,2016,1004,1097,Edenilson,h,FWL,75.0,0.0,0.0,0.0,0.0,1.0,0.0,0.1548354029655456,0.0,-0.3451645970344543,0.0
1885,2016,1010,1097,Edenilson,a,MR,159.0,0.0,0.0,0.0,0.0,1.0,0.0,0.1741591505706309,0.0,-0.325840849429369,0.0
2107,2016,1020,1097,Edenilson,h,MR,249.0,0.0,1.0,1.0,0.0,1.0,0.0545389018952846,0.8349591903388499,1.0,0.498575896024704,1.0
2693,2016,2751,1097,Edenilson,h,MR,328.0,0.0,1.0,1.0,0.0,1.0,0.0545389018952846,0.8349591903388499,1.0,0.498575896024704,0.0
2915,2016,2760,1097,Edenilson,a,MR,405.0,0.0,2.0,2.0,0.0,1.0,0.1150830537080764,1.2527201287448406,2.0,1.09796928986907,1.0
3170,2016,2771,1097,Edenilson,h,Sub,495.0,0.0,2.0,2.0,1.0,1.0,0.1150830537080764,1.318556983023882,2.0,0.6638061441481113,0.0
3990,2016,3096,1097,Edenilson,h,Sub,514.0,0.0,2.0,3.0,1.0,1.0,0.1303684823215007,1.318556983023882,2.0,0.7096624299883842,0.0
4310,2016,3526,1097,Edenilson,h,Sub,540.0,0.0,2.0,3.0,2.0,1.0,0.1303684823215007,1.3366085402667522,2.0,0.22771398723125463,0.0
4453,2016,3532,1097,Edenilson,a,MR,566.0,0.0,2.0,3.0,2.0,1.0,0.1303684823215007,1.3710131719708443,2.0,0.2621186189353466,0.0
4718,2016,3544,1097,Edenilson,h,MR,656.0,0.0,3.0,3.0,2.0,1.0,0.1303684823215007,2.2075495794415474,3.0,1.0986550264060497,1.0
5152,2016,3562,1097,Edenilson,h,MR,746.0,0.0,3.0,3.0,2.0,1.0,0.1303684823215007,3.0962545946240425,3.0,1.9873600415885448,0.0
5722,2016,3586,1097,Edenilson,a,Sub,829.0,0.0,3.0,3.0,2.0,1.0,0.1303684823215007,3.0962545946240425,3.0,1.9873600415885448,0.0
6578,2016,3624,1097,Edenilson,a,Sub,856.0,0.0,3.0,3.0,2.0,1.0,0.1303684823215007,3.143192958086729,3.0,2.0342984050512314,0.0
