,season,matchId,playerId,player,homeOrAway,position,time,goals,assists,shots,yellowCard,redCard,xG,xA,bonus,xB,lastBonus
2387,2016,3291,1033,Emanuele Giaccherini,a,Sub,0.0,0.0,0.0,0.0,0.0,0.0,0.0,0.0,0.0,0.0,0.0
3288,2016,3066,1033,Emanuele Giaccherini,h,Sub,28.0,0.0,0.0,0.0,0.0,0.0,0.0,0.014322149567306,0.0,0.014322149567306,0.0
5124,2016,3560,1033,Emanuele Giaccherini,a,Sub,59.0,0.0,0.0,1.0,0.0,0.0,0.0429875180125236,0.014322149567306,0.0,0.14328470360487688,0.0
5383,2016,3572,1033,Emanuele Giaccherini,h,FWR,74.0,0.0,0.0,1.0,0.0,0.0,0.0429875180125236,0.014322149567306,0.0,0.14328470360487688,0.0
6424,2016,3615,1033,Emanuele Giaccherini,h,Sub,150.0,1.0,0.0,3.0,0.0,0.0,0.7909100577235222,0.014322149567306,3.0,2.387052322737873,3.0
