,season,matchId,playerId,player,homeOrAway,position,time,goals,assists,shots,yellowCard,redCard,xG,xA,bonus,xB,lastBonus
1480,2016,983,1585,Ewandro,a,Sub,0.0,0.0,0.0,0.0,0.0,0.0,0.0,0.0,0.0,0.0,0.0
5397,2016,3536,1585,Ewandro,h,Sub,14.0,0.0,0.0,0.0,0.0,0.0,0.0,0.0448207445442676,0.0,0.0448207445442676,0.0
9552,2016,3682,1585,Ewandro,h,Sub,30.0,0.0,0.0,0.0,0.0,0.0,0.0,0.0448207445442676,0.0,0.0448207445442676,0.0
10015,2016,3701,1585,Ewandro,a,Sub,41.0,0.0,0.0,0.0,0.0,0.0,0.0,0.0448207445442676,0.0,0.0448207445442676,0.0
10225,2016,3710,1585,Ewandro,h,Sub,50.0,0.0,0.0,0.0,0.0,0.0,0.0,0.0448207445442676,0.0,0.0448207445442676,0.0
