,season,matchId,playerId,player,homeOrAway,position,time,goals,assists,shots,yellowCard,redCard,xG,xA,bonus,xB,lastBonus
7643,2016,3671,1624,Fabio Depaoli,h,DR,0.0,0.0,0.0,0.0,0.0,0.0,0.0,0.0,0.0,0.0,0.0
7789,2016,3672,1624,Fabio Depaoli,a,DR,84.0,0.0,0.0,0.0,0.0,0.0,0.0,0.0396775044500827,0.0,0.0396775044500827,0.0
8270,2016,3692,1624,Fabio Depaoli,a,MC,174.0,0.0,0.0,0.0,0.0,1.0,0.0,0.0396775044500827,0.0,-0.4603224955499173,0.0
8422,2016,3709,1624,Fabio Depaoli,h,MC,264.0,0.0,1.0,0.0,1.0,1.0,0.0,0.0705620199441909,1.0,-0.929437980055809,1.0
8671,2016,3712,1624,Fabio Depaoli,a,MR,354.0,0.0,1.0,0.0,1.0,1.0,0.0,0.0705620199441909,1.0,-0.929437980055809,0.0
