,season,matchId,playerId,player,homeOrAway,position,time,goals,assists,shots,yellowCard,redCard,xG,xA,bonus,xB,lastBonus
7707,2016,3616,1624,Fabio Depaoli,h,Sub,0.0,0.0,0.0,0.0,0.0,0.0,0.0,0.0,0.0,0.0,0.0
9123,2016,3671,1624,Fabio Depaoli,h,DR,1.0,0.0,0.0,0.0,0.0,0.0,0.0,0.0,0.0,0.0,0.0
9304,2016,3672,1624,Fabio Depaoli,a,DR,85.0,0.0,0.0,0.0,0.0,0.0,0.0,0.0396775044500827,0.0,0.0396775044500827,0.0
9868,2016,3692,1624,Fabio Depaoli,a,MC,175.0,0.0,0.0,0.0,0.0,1.0,0.0,0.0396775044500827,-0.5,-0.4603224955499173,-0.5
10049,2016,3709,1624,Fabio Depaoli,h,MC,265.0,0.0,1.0,0.0,1.0,1.0,0.0,0.0705620199441909,0.0,-0.929437980055809,0.5
10343,2016,3712,1624,Fabio Depaoli,a,MR,355.0,0.0,1.0,0.0,1.0,1.0,0.0,0.0705620199441909,0.0,-0.929437980055809,0.0
