,season,matchId,playerId,player,homeOrAway,position,time,goals,assists,shots,yellowCard,redCard,xG,xA,bonus,xB,lastBonus
1773,2016,1005,1407,Federico Melchiorri,a,FW,0.0,0.0,0.0,0.0,0.0,0.0,0.0,0.0,0.0,0.0,0.0
1972,2016,1014,1407,Federico Melchiorri,h,Sub,90.0,1.0,0.0,4.0,0.0,0.0,1.0011906623840332,0.0,3.0,3.0035719871521,3.0
2197,2016,3283,1407,Federico Melchiorri,a,FW,111.0,1.0,0.0,5.0,0.0,0.0,1.0766722783446312,0.0,3.0,3.230016835033894,0.0
2594,2016,2746,1407,Federico Melchiorri,a,FWR,201.0,1.0,0.0,7.0,0.0,0.0,1.2081521078944206,0.0,3.0,3.6244563236832623,0.0
2829,2016,2756,1407,Federico Melchiorri,a,Sub,274.0,2.0,0.0,10.0,0.0,0.0,1.3155241757631302,0.0936078205704689,6.0,4.0401803478598595,3.0
3391,2016,3070,1407,Federico Melchiorri,a,Sub,298.0,2.0,0.0,10.0,0.0,0.0,1.3155241757631302,0.0936078205704689,6.0,4.0401803478598595,0.0
3567,2016,3078,1407,Federico Melchiorri,h,Sub,319.0,2.0,0.0,10.0,0.0,0.0,1.3155241757631302,0.0936078205704689,6.0,4.0401803478598595,0.0
3785,2016,3087,1407,Federico Melchiorri,a,FW,336.0,2.0,0.0,11.0,0.0,0.0,1.3882813304662704,0.1557635404169559,6.0,4.320607531815767,0.0
