,season,matchId,playerId,player,homeOrAway,position,time,goals,assists,shots,yellowCard,redCard,xG,xA,bonus,xB,lastBonus
2112,2016,1006,1440,Filip Helander,a,DC,0.0,0.0,0.0,0.0,0.0,0.0,0.0,0.0,0.0,0.0,0.0
2435,2016,1018,1440,Filip Helander,h,DC,84.0,1.0,0.0,1.0,0.0,0.0,0.5639135241508484,0.0,3.0,1.6917405724525452,3.0
2653,2016,3285,1440,Filip Helander,a,Sub,174.0,1.0,0.0,1.0,0.0,0.0,0.5639135241508484,0.0,3.0,1.6917405724525452,0.0
2769,2016,3290,1440,Filip Helander,h,DC,191.0,1.0,0.0,1.0,1.0,0.0,0.5639135241508484,0.0,2.5,1.1917405724525452,-0.5
3312,2016,2755,1440,Filip Helander,a,DC,281.0,1.0,0.0,2.0,1.0,0.0,0.670735202729702,0.0,2.5,1.512205608189106,0.0
7081,2016,3593,1440,Filip Helander,a,Sub,371.0,1.0,0.0,2.0,1.0,0.0,0.670735202729702,0.0,2.5,1.512205608189106,0.0
7504,2016,3607,1440,Filip Helander,h,DC,383.0,1.0,0.0,2.0,1.0,0.0,0.670735202729702,0.0,2.5,1.512205608189106,0.0
7600,2016,3613,1440,Filip Helander,a,DC,473.0,1.0,0.0,2.0,1.0,0.0,0.670735202729702,0.0,2.5,1.512205608189106,0.0
7893,2016,3622,1440,Filip Helander,h,DC,563.0,1.0,0.0,3.0,2.0,0.0,0.7195383384823799,0.0,2.0,1.1586150154471397,-0.5
9963,2016,3699,1440,Filip Helander,h,DC,653.0,1.0,0.0,3.0,2.0,0.0,0.7195383384823799,0.0,2.0,1.1586150154471397,0.0
10145,2016,3703,1440,Filip Helander,a,DC,743.0,1.0,0.0,3.0,2.0,0.0,0.7195383384823799,0.0680126398801803,2.0,1.22662765532732,0.0
