,season,matchId,playerId,player,homeOrAway,position,time,goals,assists,shots,yellowCard,redCard,xG,xA,bonus,xB,lastBonus
4830,2016,3548,1233,Filip Djuricic,a,Sub,0.0,0.0,0.0,0.0,0.0,0.0,0.0,0.0,0.0,0.0,0.0
5148,2016,3561,1233,Filip Djuricic,a,Sub,38.0,0.0,0.0,0.0,1.0,0.0,0.0,0.0,0.0,-0.5,0.0
5547,2016,3579,1233,Filip Djuricic,h,Sub,74.0,0.0,0.0,1.0,2.0,0.0,0.0447064079344272,0.0,0.0,-0.8658807761967182,0.0
5735,2016,3587,1233,Filip Djuricic,h,Sub,114.0,0.0,1.0,2.0,2.0,0.0,0.0906455740332602,0.3755978643894195,1.0,-0.3524654135107994,1.0
5902,2016,3599,1233,Filip Djuricic,a,MC,156.0,0.0,1.0,3.0,2.0,0.0,0.1442127078771589,0.6514585316181182,1.0,0.08409665524959559,0.0
7451,2016,3660,1233,Filip Djuricic,a,Sub,210.0,0.0,1.0,3.0,3.0,0.0,0.1442127078771589,0.6514585316181182,1.0,-0.4159033447504044,0.0
7580,2016,3664,1233,Filip Djuricic,h,Sub,229.0,0.0,1.0,3.0,3.0,0.0,0.1442127078771589,0.711429953575134,1.0,-0.35593192279338853,0.0
8151,2016,3690,1233,Filip Djuricic,a,AMC,251.0,0.0,1.0,3.0,3.0,0.0,0.1442127078771589,0.876488700509071,1.0,-0.19087317585945154,0.0
8579,2016,3710,1233,Filip Djuricic,a,MC,341.0,0.0,1.0,4.0,3.0,0.0,0.4919285923242567,0.876488700509071,1.0,0.8522744774818416,0.0
