,season,matchId,playerId,player,homeOrAway,position,time,goals,assists,shots,yellowCard,redCard,xG,xA,bonus,xB,lastBonus
1293,2016,985,1521,Gabriel,h,Sub,0.0,0.0,0.0,0.0,0.0,0.0,0.0,0.0,0.0,0.0,0.0
5700,2016,3585,1521,Gabriel,a,Sub,15.0,0.0,0.0,1.0,0.0,0.0,0.029578099027276,0.0822835713624954,0.0,0.1710178684443235,0.0
8107,2016,3687,1521,Gabriel,a,Sub,30.0,1.0,0.0,3.0,1.0,0.0,1.053859243169427,0.1130101382732391,3.0,2.77458786778152,3.0
