,season,matchId,playerId,player,homeOrAway,position,time,goals,assists,shots,yellowCard,redCard,xG,xA,bonus,xB,lastBonus
1953,2016,1000,1258,Gerson,a,Sub,0.0,0.0,0.0,0.0,0.0,0.0,0.0,0.0,0.0,0.0,0.0
3308,2016,2755,1258,Gerson,h,Sub,1.0,0.0,0.0,0.0,0.0,0.0,0.0,0.0,0.0,0.0,0.0
3805,2016,2773,1258,Gerson,h,DMC,12.0,0.0,0.0,0.0,0.0,0.0,0.0,0.0,0.0,0.0,0.0
4544,2016,3089,1258,Gerson,a,AMR,85.0,0.0,0.0,0.0,0.0,0.0,0.0,0.0341994240880012,0.0,0.0341994240880012,0.0
