,season,matchId,playerId,player,homeOrAway,position,time,goals,assists,shots,yellowCard,redCard,xG,xA,bonus,xB,lastBonus
77,2016,933,1194,Giuseppe Vives,a,MC,0.0,0.0,0.0,0.0,0.0,0.0,0.0,0.0,0.0,0.0,0.0
424,2016,946,1194,Giuseppe Vives,h,MC,60.0,0.0,0.0,1.0,0.0,0.0,0.017782749608159,0.0,0.0,0.0533482488244771,0.0
1278,2016,976,1194,Giuseppe Vives,a,MC,150.0,0.0,0.0,1.0,0.0,0.0,0.017782749608159,0.0,0.0,0.0533482488244771,0.0
