,season,matchId,playerId,player,homeOrAway,position,time,goals,assists,shots,yellowCard,redCard,xG,xA,bonus,xB,lastBonus
8253,2016,3634,4914,Han Kwang Song,a,Sub,0.0,0.0,0.0,0.0,0.0,0.0,0.0,0.0,0.0,0.0,0.0
8604,2016,3651,4914,Han Kwang Song,h,Sub,2.0,0.0,0.0,0.0,0.0,0.0,0.0,0.0,0.0,0.0,0.0
9888,2016,3693,4914,Han Kwang Song,h,Sub,8.0,1.0,0.0,2.0,0.0,0.0,0.5310483574867249,0.0,3.0,1.5931450724601746,3.0
10181,2016,3704,4914,Han Kwang Song,a,Sub,16.0,1.0,0.0,2.0,0.0,0.0,0.5310483574867249,0.6612774729728699,3.0,2.2544225454330444,0.0
10393,2016,3717,4914,Han Kwang Song,h,Sub,32.0,1.0,0.0,2.0,0.0,0.0,0.5310483574867249,0.6612774729728699,3.0,2.2544225454330444,0.0
