,season,matchId,playerId,player,homeOrAway,position,time,goals,assists,shots,yellowCard,redCard,xG,xA,bonus,xB,lastBonus
8007,2016,3630,4941,Hans Hateboer,h,MR,0.0,0.0,0.0,0.0,0.0,0.0,0.0,0.0,0.0,0.0,0.0
8196,2016,3632,4941,Hans Hateboer,a,Sub,90.0,0.0,1.0,2.0,1.0,0.0,0.0932346209883689,0.0897625163197517,0.5,-0.1305336207151413,0.5
8693,2016,3652,4941,Hans Hateboer,a,DMR,97.0,0.0,1.0,2.0,1.0,0.0,0.0932346209883689,0.0897625163197517,0.5,-0.1305336207151413,0.0
9214,2016,3674,4941,Hans Hateboer,h,AMC,187.0,0.0,1.0,3.0,2.0,0.0,0.1856557205319403,0.0897625163197517,0.0,-0.35327032208442677,-0.5
9804,2016,3697,4941,Hans Hateboer,h,Sub,277.0,0.0,1.0,3.0,2.0,0.0,0.1856557205319403,0.1233975738286971,0.0,-0.31963526457548136,0.0
10125,2016,3702,4941,Hans Hateboer,a,Sub,282.0,0.0,1.0,3.0,2.0,0.0,0.1856557205319403,0.1233975738286971,0.0,-0.31963526457548136,0.0
