,season,matchId,playerId,player,homeOrAway,position,time,goals,assists,shots,yellowCard,redCard,xG,xA,bonus,xB,lastBonus
2111,2016,1006,1458,Ibrahima Mbaye,a,DR,0.0,0.0,0.0,0.0,0.0,0.0,0.0,0.0,0.0,0.0,0.0
2652,2016,3285,1458,Ibrahima Mbaye,a,Sub,90.0,0.0,1.0,0.0,0.0,0.0,0.0,0.5639135241508484,1.0,0.5639135241508484,1.0
2767,2016,3290,1458,Ibrahima Mbaye,h,DR,115.0,0.0,1.0,0.0,0.0,0.0,0.0,0.5639135241508484,1.0,0.5639135241508484,0.0
4159,2016,3075,1458,Ibrahima Mbaye,a,Sub,205.0,0.0,1.0,0.0,1.0,0.0,0.0,0.5808578878641127,0.5,0.08085788786411291,-0.5
6362,2016,3571,1458,Ibrahima Mbaye,h,DL,217.0,0.0,1.0,0.0,1.0,0.0,0.0,0.5808578878641127,0.5,0.08085788786411291,0.0
6635,2016,3579,1458,Ibrahima Mbaye,a,Sub,298.0,0.0,1.0,0.0,2.0,0.0,0.0,0.5808578878641127,0.0,-0.4191421121358871,-0.5
6776,2016,3585,1458,Ibrahima Mbaye,h,DR,376.0,0.0,1.0,0.0,3.0,0.0,0.0,0.5808578878641127,-0.5,-0.9191421121358871,-0.5
7080,2016,3593,1458,Ibrahima Mbaye,a,Sub,441.0,0.0,1.0,0.0,3.0,0.0,0.0,0.5808578878641127,-0.5,-0.9191421121358871,0.0
7904,2016,3622,1458,Ibrahima Mbaye,h,Sub,477.0,0.0,1.0,0.0,3.0,0.0,0.0,0.5808578878641127,-0.5,-0.9191421121358871,0.0
8217,2016,3633,1458,Ibrahima Mbaye,a,DMR,482.0,0.0,1.0,0.0,3.0,0.0,0.0,0.5808578878641127,-0.5,-0.9191421121358871,0.0
8942,2016,3662,1458,Ibrahima Mbaye,a,DR,572.0,0.0,1.0,0.0,3.0,0.0,0.0,0.5808578878641127,-0.5,-0.9191421121358871,0.0
9433,2016,3681,1458,Ibrahima Mbaye,h,DL,647.0,0.0,1.0,0.0,4.0,0.0,0.0,0.5808578878641127,-1.0,-1.4191421121358871,-0.5
9587,2016,3683,1458,Ibrahima Mbaye,a,DL,737.0,0.0,1.0,0.0,4.0,0.0,0.0,0.5808578878641127,-1.0,-1.4191421121358871,0.0
9961,2016,3699,1458,Ibrahima Mbaye,h,DR,827.0,0.0,1.0,0.0,4.0,0.0,0.0,0.5808578878641127,-1.0,-1.4191421121358871,0.0
10146,2016,3703,1458,Ibrahima Mbaye,a,DL,917.0,0.0,1.0,3.0,4.0,0.0,0.1326799839735031,0.5808578878641127,-1.0,-1.0211021602153778,0.0
10356,2016,3715,1458,Ibrahima Mbaye,h,DL,982.0,0.0,1.0,4.0,4.0,0.0,0.1442931778728961,0.5808578878641127,-1.0,-0.9862625785171986,0.0
