,season,matchId,playerId,player,homeOrAway,position,time,goals,assists,shots,yellowCard,redCard,xG,xA,bonus,xB,lastBonus
63,2016,933,1198,Josef Martínez,a,FWR,0.0,0.0,0.0,0.0,0.0,0.0,0.0,0.0,0.0,0.0,0.0
360,2016,946,1198,Josef Martínez,h,Sub,90.0,0.0,0.0,2.0,1.0,0.0,0.1263822764158249,0.3775391578674316,0.0,0.2566859871149063,0.0
629,2016,957,1198,Josef Martínez,a,FWL,155.0,1.0,0.0,6.0,1.0,0.0,0.7701538652181625,0.5756607502698898,3.0,2.3861223459243774,3.0
811,2016,965,1198,Josef Martínez,h,FWL,245.0,1.0,0.0,6.0,1.0,0.0,0.7701538652181625,0.6982776820659637,3.0,2.5087392777204514,0.0
1082,2016,976,1198,Josef Martínez,a,AMC,335.0,1.0,0.0,7.0,1.0,0.0,0.8191143423318863,0.6982776820659637,3.0,2.6556207090616226,0.0
1573,2016,997,1198,Josef Martínez,h,Sub,425.0,1.0,0.0,10.0,2.0,0.0,0.955372154712677,0.7134809000417589,3.0,2.57959736417979,0.0
2586,2016,2746,1198,Josef Martínez,h,Sub,442.0,1.0,0.0,12.0,2.0,0.0,0.997749526053667,0.7134809000417589,3.0,2.70672947820276,0.0
2945,2016,2761,1198,Josef Martínez,a,Sub,462.0,1.0,0.0,13.0,2.0,0.0,1.0169071927666662,0.7134809000417589,3.0,2.7642024783417583,0.0
