,season,matchId,playerId,player,homeOrAway,position,time,goals,assists,shots,yellowCard,redCard,xG,xA,bonus,xB,lastBonus
2123,2016,1020,1124,Keisuke Honda,a,FWR,0.0,0.0,0.0,0.0,0.0,0.0,0.0,0.0,0.0,0.0,0.0
8499,2016,3703,1124,Keisuke Honda,h,Sub,63.0,0.0,0.0,0.0,0.0,0.0,0.0,0.031856533139944,0.0,0.031856533139944,0.0
8725,2016,3717,1124,Keisuke Honda,a,FWL,94.0,1.0,0.0,2.0,0.0,0.0,0.0842178985476493,0.1807405613362788,3.0,0.433394256979227,3.0
