,season,matchId,playerId,player,homeOrAway,position,time,goals,assists,shots,yellowCard,redCard,xG,xA,bonus,xB,lastBonus
36,2016,932,1587,Kwadwo Asamoah,h,MC,0.0,0.0,0.0,0.0,0.0,0.0,0.0,0.0,0.0,0.0,0.0
300,2016,941,1587,Kwadwo Asamoah,a,MC,90.0,0.0,0.0,2.0,0.0,0.0,0.0920485034584999,0.1499114334583282,0.0,0.426056943833828,0.0
1054,2016,968,1587,Kwadwo Asamoah,a,MC,180.0,0.0,0.0,3.0,0.0,0.0,0.1455097161233425,0.1499114334583282,0.0,0.5864405818283558,0.0
1394,2016,980,1587,Kwadwo Asamoah,a,Sub,270.0,0.0,0.0,3.0,1.0,0.0,0.1455097161233425,0.1499114334583282,-0.5,0.08644058182835579,-0.5
2555,2016,3282,1587,Kwadwo Asamoah,h,Sub,289.0,0.0,0.0,3.0,1.0,0.0,0.1455097161233425,0.1499114334583282,-0.5,0.08644058182835579,0.0
3387,2016,2758,1587,Kwadwo Asamoah,h,MC,295.0,0.0,0.0,3.0,1.0,0.0,0.1455097161233425,0.1499114334583282,-0.5,0.08644058182835579,0.0
5194,2016,3529,1587,Kwadwo Asamoah,h,DL,385.0,0.0,0.0,3.0,1.0,0.0,0.1455097161233425,0.2504099309444427,-0.5,0.1869390793144703,0.0
5584,2016,3542,1587,Kwadwo Asamoah,h,DL,475.0,0.0,0.0,4.0,1.0,0.0,0.2064078226685523,0.273603906854987,-0.5,0.3928273748606443,0.0
6404,2016,3570,1587,Kwadwo Asamoah,a,DL,565.0,0.0,0.0,4.0,1.0,0.0,0.2064078226685523,0.273603906854987,-0.5,0.3928273748606443,0.0
6697,2016,3582,1587,Kwadwo Asamoah,h,DL,655.0,0.0,0.0,5.0,1.0,0.0,0.2891840487718581,0.2963209394365547,-0.5,0.6638730857521296,0.0
7532,2016,3617,1587,Kwadwo Asamoah,h,DL,745.0,0.0,0.0,5.0,1.0,0.0,0.2891840487718581,0.3234699144959447,-0.5,0.6910220608115195,0.0
7965,2016,3626,1587,Kwadwo Asamoah,a,DL,835.0,0.0,0.0,5.0,1.0,0.0,0.2891840487718581,0.3234699144959447,-0.5,0.6910220608115195,0.0
8329,2016,3637,1587,Kwadwo Asamoah,a,DL,925.0,0.0,1.0,5.0,1.0,0.0,0.2891840487718581,0.9372830763459203,0.5,1.3048352226614952,1.0
8833,2016,3657,1587,Kwadwo Asamoah,a,DL,1015.0,0.0,1.0,5.0,1.0,0.0,0.2891840487718581,0.9372830763459203,0.5,1.3048352226614952,0.0
9157,2016,3666,1587,Kwadwo Asamoah,h,ML,1105.0,0.0,1.0,5.0,1.0,0.0,0.2891840487718581,0.9372830763459203,0.5,1.3048352226614952,0.0
9517,2016,3691,1587,Kwadwo Asamoah,h,DL,1195.0,0.0,1.0,6.0,1.0,0.0,0.3382372818887232,0.9372830763459203,0.5,1.4519949220120907,0.0
10034,2016,3695,1587,Kwadwo Asamoah,a,DL,1285.0,0.0,1.0,7.0,2.0,0.0,0.3744511492550371,0.9899291060864922,0.0,1.1132825538516045,-0.5
10370,2016,3715,1587,Kwadwo Asamoah,a,DL,1375.0,0.0,1.0,8.0,2.0,0.0,0.39362129755318137,1.013569094240665,0.0,1.1944329869002104,0.0
