,season,matchId,playerId,player,homeOrAway,position,time,goals,assists,shots,yellowCard,redCard,xG,xA,bonus,xB,lastBonus
260,2016,940,1104,Leonardo Pavoletti,h,FW,0.0,0.0,0.0,0.0,0.0,0.0,0.0,0.0,0.0,0.0,0.0
524,2016,949,1104,Leonardo Pavoletti,a,FW,90.0,0.0,0.0,4.0,0.0,0.0,0.2111378461122512,0.0650737509131431,0.0,0.698487289249897,0.0
944,2016,964,1104,Leonardo Pavoletti,a,FW,180.0,2.0,0.0,11.0,0.0,0.0,1.1940634995698929,0.0650737509131431,6.0,3.647264249622822,6.0
1211,2016,974,1104,Leonardo Pavoletti,h,FW,270.0,2.0,0.0,14.0,1.0,0.0,1.8622638136148453,0.0762354396283625,5.5,5.1630268804728985,-0.5
2234,2016,1010,1104,Leonardo Pavoletti,a,Sub,300.0,2.0,0.0,15.0,1.0,0.0,1.9086781553924084,0.0762354396283625,5.5,5.302269905805588,0.0
2499,2016,1020,1104,Leonardo Pavoletti,h,Sub,314.0,2.0,0.0,17.0,1.0,0.0,1.9862606264650822,0.0762354396283625,5.5,5.535017319023609,0.0
2845,2016,3292,1104,Leonardo Pavoletti,a,FW,336.0,3.0,0.0,19.0,2.0,0.0,2.442544613033533,0.0762354396283625,8.0,6.403869278728962,2.5
3193,2016,2751,1104,Leonardo Pavoletti,h,FW,426.0,3.0,0.0,21.0,2.0,0.0,2.5405921153724194,0.20854916796088202,8.0,6.83032551407814,0.0
3459,2016,2760,1104,Leonardo Pavoletti,a,FW,516.0,3.0,0.0,25.0,2.0,0.0,2.864359449595213,0.3385421000421045,8.0,7.9316204488277435,0.0
6034,2016,3559,1104,Leonardo Pavoletti,h,Sub,578.0,3.0,0.0,29.0,2.0,0.0,3.091860841959715,0.3385421000421045,8.0,8.61412462592125,0.0
6427,2016,3572,1104,Leonardo Pavoletti,h,Sub,603.0,3.0,0.0,30.0,2.0,0.0,3.1151880212128162,0.3385421000421045,8.0,8.684106163680553,0.0
6910,2016,3589,1104,Leonardo Pavoletti,a,FW,613.0,3.0,0.0,31.0,2.0,0.0,3.2511363066732883,0.3385421000421045,8.0,9.09195102006197,0.0
6983,2016,3592,1104,Leonardo Pavoletti,h,Sub,686.0,3.0,0.0,31.0,2.0,0.0,3.2511363066732883,0.3385421000421045,8.0,9.09195102006197,0.0
7677,2016,3615,1104,Leonardo Pavoletti,h,FW,697.0,3.0,0.0,34.0,2.0,0.0,3.3698272071778774,0.3385421000421045,8.0,9.448023721575737,0.0
10084,2016,3706,1104,Leonardo Pavoletti,h,Sub,759.0,3.0,0.0,36.0,2.0,0.0,3.8955900631844997,0.3385421000421045,8.0,11.025312289595604,0.0
