,season,matchId,playerId,player,homeOrAway,position,time,goals,assists,shots,yellowCard,redCard,xG,xA,bonus,xB,lastBonus
988,2016,966,1415,Luca Bittante,h,Sub,0.0,0.0,0.0,0.0,0.0,0.0,0.0,0.0,0.0,0.0,0.0
1244,2016,975,1415,Luca Bittante,a,DR,9.0,0.0,0.0,0.0,0.0,0.0,0.0,0.0,0.0,0.0,0.0
2585,2016,3283,1415,Luca Bittante,a,DR,99.0,0.0,0.0,0.0,1.0,0.0,0.0,0.0712181031703949,-0.5,-0.4287818968296051,-0.5
3342,2016,2756,1415,Luca Bittante,a,DL,189.0,0.0,0.0,1.0,1.0,0.0,0.0061841551214456,0.0869782883673906,-0.5,-0.3944692462682724,0.0
3700,2016,2769,1415,Luca Bittante,h,Sub,279.0,0.0,0.0,1.0,2.0,0.0,0.0061841551214456,0.1279735546559095,-1.0,-0.8534739799797535,-0.5
