,season,matchId,playerId,player,homeOrAway,position,time,goals,assists,shots,yellowCard,redCard,xG,xA,bonus,xB,lastBonus
105,2016,934,1477,Luca Mazzitelli,a,MC,0.0,0.0,0.0,0.0,0.0,0.0,0.0,0.0,0.0,0.0,0.0
1460,2016,983,1477,Luca Mazzitelli,h,MC,73.0,0.0,0.0,3.0,1.0,0.0,0.0771867483854293,0.1249260306358337,-0.5,-0.1435137242078781,-0.5
1893,2016,998,1477,Luca Mazzitelli,a,MC,140.0,0.0,0.0,3.0,1.0,0.0,0.0771867483854293,0.19075207412242878,-0.5,-0.07768768072128301,0.0
2715,2016,3288,1477,Luca Mazzitelli,h,DMC,208.0,0.0,0.0,3.0,1.0,0.0,0.0771867483854293,0.19075207412242878,-0.5,-0.07768768072128301,0.0
3224,2016,2752,1477,Luca Mazzitelli,h,Sub,298.0,0.0,0.0,5.0,2.0,0.0,0.1081432532519101,0.23359698802232728,-1.0,-0.441973252221942,-0.5
3428,2016,2759,1477,Luca Mazzitelli,a,MC,316.0,0.0,0.0,5.0,2.0,0.0,0.1081432532519101,0.23359698802232728,-1.0,-0.441973252221942,0.0
3847,2016,2774,1477,Luca Mazzitelli,a,MC,406.0,0.0,0.0,7.0,2.0,0.0,0.1338061913847922,0.24924422800540907,-1.0,-0.3493371978402139,0.0
4062,2016,3072,1477,Luca Mazzitelli,h,Sub,468.0,0.0,0.0,7.0,3.0,0.0,0.1338061913847922,0.24924422800540907,-1.5,-0.8493371978402139,-0.5
4410,2016,3084,1477,Luca Mazzitelli,a,Sub,496.0,0.0,0.0,8.0,4.0,0.0,0.2743899300694464,0.24924422800540907,-2.0,-0.9275859817862511,-0.5
4584,2016,3090,1477,Luca Mazzitelli,h,MC,513.0,0.0,0.0,8.0,4.0,0.0,0.2743899300694464,0.24924422800540907,-2.0,-0.9275859817862511,0.0
4932,2016,3103,1477,Luca Mazzitelli,a,MC,590.0,0.0,0.0,8.0,4.0,0.0,0.2743899300694464,0.329698286950588,-2.0,-0.8471319228410722,0.0
5336,2016,3534,1477,Luca Mazzitelli,h,DMC,674.0,0.0,1.0,8.0,5.0,0.0,0.2743899300694464,0.4112190976738927,-1.5,-1.2656111121177673,0.5
5653,2016,3545,1477,Luca Mazzitelli,a,DMC,764.0,0.0,1.0,8.0,6.0,0.0,0.2743899300694464,0.4112190976738927,-2.0,-1.7656111121177673,-0.5
5974,2016,3557,1477,Luca Mazzitelli,h,DMC,854.0,0.0,2.0,12.0,6.0,0.0,0.376238092780113,0.9919312372803686,-1.0,-0.8793544843792915,1.0
6159,2016,3562,1477,Luca Mazzitelli,a,Sub,916.0,0.0,2.0,13.0,7.0,0.0,0.3947813566774127,0.9919312372803686,-1.5,-1.3237246926873922,-0.5
7491,2016,3611,1477,Luca Mazzitelli,a,MC,921.0,0.0,2.0,13.0,7.0,0.0,0.3947813566774127,1.1039467751979826,-1.5,-1.2117091547697783,0.0
8994,2016,3668,1477,Luca Mazzitelli,h,Sub,1011.0,0.0,2.0,13.0,7.0,0.0,0.3947813566774127,1.1868186369538305,-1.5,-1.1288372930139303,0.0
