,season,matchId,playerId,player,homeOrAway,position,time,goals,assists,shots,yellowCard,redCard,xG,xA,bonus,xB,lastBonus
380,2016,947,1152,Lucas Evangelista,h,AMC,0.0,0.0,0.0,0.0,0.0,0.0,0.0,0.0,0.0,0.0,0.0
7105,2016,3644,1152,Lucas Evangelista,h,MC,80.0,0.0,0.0,1.0,0.0,0.0,0.0740204975008964,0.0,0.0,0.2220614925026893,0.0
8896,2016,3721,1152,Lucas Evangelista,a,Sub,148.0,0.0,1.0,1.0,1.0,0.0,0.0740204975008964,0.0303417332470417,1.0,-0.247596774250269,1.0
