,season,matchId,playerId,player,homeOrAway,position,time,goals,assists,shots,yellowCard,redCard,xG,xA,bonus,xB,lastBonus
790,2016,964,1108,Lucas Orban,a,DC,0.0,0.0,0.0,0.0,0.0,0.0,0.0,0.0,0.0,0.0,0.0
1017,2016,974,1108,Lucas Orban,h,DC,90.0,0.0,0.0,0.0,1.0,0.0,0.0,0.0,0.0,-0.5,0.0
1731,2016,1004,1108,Lucas Orban,h,DC,180.0,0.0,0.0,0.0,2.0,0.0,0.0,0.1113445684313774,0.0,-0.8886554315686226,0.0
1883,2016,1010,1108,Lucas Orban,a,DC,270.0,0.0,0.0,0.0,2.0,0.0,0.0,0.1113445684313774,0.0,-0.8886554315686226,0.0
2692,2016,2751,1108,Lucas Orban,h,DC,332.0,0.0,0.0,0.0,3.0,0.0,0.0,0.1113445684313774,0.0,-1.3886554315686226,0.0
2914,2016,2760,1108,Lucas Orban,a,DC,422.0,0.0,0.0,0.0,3.0,0.0,0.0,0.1113445684313774,0.0,-1.3886554315686226,0.0
4999,2016,3556,1108,Lucas Orban,a,DC,512.0,0.0,0.0,0.0,3.0,1.0,0.0,0.1113445684313774,0.0,-1.8886554315686226,0.0
5396,2016,3572,1108,Lucas Orban,a,Sub,602.0,0.0,0.0,1.0,3.0,1.0,0.0677650719881057,0.7394601032137871,0.0,-1.0572446808218956,0.0
5712,2016,3586,1108,Lucas Orban,a,DC,674.0,0.0,0.0,1.0,4.0,1.0,0.0677650719881057,0.7596241272985935,0.0,-1.5370806567370892,0.0
