,season,matchId,playerId,player,homeOrAway,position,time,goals,assists,shots,yellowCard,redCard,xG,xA,bonus,xB,lastBonus
49,2016,933,1590,Luca Antonelli,h,DL,0.0,0.0,0.0,0.0,0.0,0.0,0.0,0.0,0.0,0.0,0.0
564,2016,955,1590,Luca Antonelli,h,DL,90.0,0.0,0.0,0.0,0.0,0.0,0.0,0.016481963917613,0.0,0.016481963917613,0.0
3792,2016,3088,1590,Luca Antonelli,h,DL,145.0,0.0,0.0,0.0,0.0,0.0,0.0,0.016481963917613,0.0,0.016481963917613,0.0
4355,2016,3528,1590,Luca Antonelli,h,Sub,218.0,0.0,0.0,1.0,0.0,0.0,0.0428725928068161,0.016481963917613,0.0,0.1450997423380613,0.0
7157,2016,3647,1590,Luca Antonelli,h,Sub,282.0,0.0,0.0,1.0,0.0,0.0,0.0428725928068161,0.016481963917613,0.0,0.1450997423380613,0.0
