,season,matchId,playerId,player,homeOrAway,position,time,goals,assists,shots,yellowCard,redCard,xG,xA,bonus,xB,lastBonus
179,2016,937,1457,Luca Rizzo,h,Sub,0.0,0.0,0.0,0.0,0.0,0.0,0.0,0.0,0.0,0.0,0.0
442,2016,946,1457,Luca Rizzo,a,FWL,32.0,0.0,0.0,1.0,0.0,0.0,0.0251453910022974,0.0,0.0,0.0754361730068922,0.0
890,2016,962,1457,Luca Rizzo,a,Sub,88.0,0.0,0.0,1.0,0.0,0.0,0.0251453910022974,0.0,0.0,0.0754361730068922,0.0
1800,2016,995,1457,Luca Rizzo,h,Sub,104.0,0.0,0.0,2.0,0.0,0.0,0.1011597383767366,0.0,0.0,0.3034792151302099,0.0
2778,2016,3290,1457,Luca Rizzo,h,Sub,129.0,0.0,0.0,2.0,0.0,0.0,0.1011597383767366,0.0,0.0,0.3034792151302099,0.0
3558,2016,2764,1457,Luca Rizzo,h,FWL,208.0,0.0,0.0,3.0,0.0,0.0,0.12298871204257,0.063468225300312,0.0,0.43243436142802233,0.0
3780,2016,2772,1457,Luca Rizzo,h,FWR,298.0,0.0,0.0,3.0,0.0,0.0,0.12298871204257,0.0838958807289599,0.0,0.4528620168566702,0.0
5216,2016,3529,1457,Luca Rizzo,a,Sub,345.0,0.0,0.0,4.0,0.0,0.0,0.1981418021023272,0.0838958807289599,0.0,0.6783212870359419,0.0
5673,2016,3546,1457,Luca Rizzo,h,Sub,363.0,0.0,0.0,4.0,0.0,0.0,0.1981418021023272,0.0838958807289599,0.0,0.6783212870359419,0.0
6086,2016,3560,1457,Luca Rizzo,h,FWR,364.0,0.0,0.0,4.0,0.0,0.0,0.1981418021023272,0.11465185694396479,0.0,0.7090772632509468,0.0
7082,2016,3593,1457,Luca Rizzo,a,Sub,412.0,0.0,0.0,4.0,0.0,0.0,0.1981418021023272,0.11465185694396479,0.0,0.7090772632509468,0.0
10154,2016,3703,1457,Luca Rizzo,a,Sub,417.0,0.0,0.0,4.0,0.0,0.0,0.1981418021023272,0.11465185694396479,0.0,0.7090772632509468,0.0
