,season,matchId,playerId,player,homeOrAway,position,time,goals,assists,shots,yellowCard,redCard,xG,xA,bonus,xB,lastBonus
962,2016,971,1238,Luca Cigarini,a,Sub,0.0,0.0,0.0,0.0,0.0,0.0,0.0,0.0,0.0,0.0,0.0
1393,2016,989,1238,Luca Cigarini,a,MC,35.0,0.0,0.0,0.0,0.0,0.0,0.0,0.465684562921524,0.0,0.465684562921524,0.0
2168,2016,3282,1238,Luca Cigarini,a,MC,125.0,0.0,0.0,1.0,1.0,0.0,0.013075727969408,0.7987866401672363,0.0,0.33801382407546043,0.0
5900,2016,3599,1238,Luca Cigarini,a,MC,215.0,0.0,0.0,1.0,2.0,0.0,0.013075727969408,0.8087418153882027,0.0,-0.15203100070357317,0.0
