,season,matchId,playerId,player,homeOrAway,position,time,goals,assists,shots,yellowCard,redCard,xG,xA,bonus,xB,lastBonus
454,2016,947,1152,Lucas Evangelista,h,AMC,0.0,0.0,0.0,0.0,0.0,0.0,0.0,0.0,0.0,0.0,0.0
906,2016,963,1152,Lucas Evangelista,h,Sub,80.0,0.0,0.0,1.0,0.0,0.0,0.0740204975008964,0.0,0.0,0.2220614925026893,0.0
4856,2016,3101,1152,Lucas Evangelista,a,Sub,91.0,0.0,0.0,1.0,0.0,0.0,0.0740204975008964,0.0,0.0,0.2220614925026893,0.0
8484,2016,3644,1152,Lucas Evangelista,h,MC,92.0,0.0,0.0,1.0,0.0,0.0,0.0740204975008964,0.0,0.0,0.2220614925026893,0.0
8925,2016,3661,1152,Lucas Evangelista,a,Sub,160.0,0.0,1.0,1.0,1.0,0.0,0.0740204975008964,0.0303417332470417,0.5,-0.247596774250269,0.5
10601,2016,3721,1152,Lucas Evangelista,a,Sub,171.0,0.0,1.0,1.0,1.0,0.0,0.0740204975008964,0.0303417332470417,0.5,-0.247596774250269,0.0
