,season,matchId,playerId,player,homeOrAway,position,time,goals,assists,shots,yellowCard,redCard,xG,xA,bonus,xB,lastBonus
1115,2016,970,1219,Luis Alberto,a,Sub,0.0,0.0,0.0,0.0,0.0,0.0,0.0,0.0,0.0,0.0,0.0
2109,2016,1006,1219,Luis Alberto,h,Sub,11.0,0.0,0.0,0.0,0.0,0.0,0.0,0.0846740528941154,0.0,0.0846740528941154,0.0
5088,2016,3525,1219,Luis Alberto,h,FWL,25.0,0.0,0.0,0.0,0.0,0.0,0.0,0.1118629723787307,0.0,0.1118629723787307,0.0
5421,2016,3537,1219,Luis Alberto,h,AMC,108.0,0.0,0.0,1.0,0.0,0.0,0.0378369316458702,0.3514825552701949,0.0,0.4649933502078055,0.0
5786,2016,3550,1219,Luis Alberto,h,Sub,166.0,0.0,0.0,3.0,0.0,0.0,0.0874619148671626,0.3756844624876974,0.0,0.6380702070891855,0.0
8001,2016,3627,1219,Luis Alberto,a,Sub,180.0,0.0,0.0,4.0,0.0,0.0,0.12815851345658288,0.3756844624876974,0.0,0.7601600028574464,0.0
8869,2016,3658,1219,Luis Alberto,a,Sub,197.0,0.0,0.0,5.0,0.0,0.0,0.15417607873678188,0.3756844624876974,0.0,0.8382126986980436,0.0
9785,2016,3696,1219,Luis Alberto,a,MC,204.0,1.0,0.0,7.0,0.0,0.0,0.19366877153515788,0.5623176470398901,3.0,1.1433239616453645,3.0
10275,2016,3707,1219,Luis Alberto,h,MC,294.0,1.0,2.0,10.0,0.0,0.0,0.37383333221077886,1.0474748685956,5.0,2.1689748652279377,2.0
