,season,matchId,playerId,player,homeOrAway,position,time,goals,assists,shots,yellowCard,redCard,xG,xA,bonus,xB,lastBonus
4287,2016,3525,1219,Luis Alberto,h,FWL,0.0,0.0,0.0,0.0,0.0,0.0,0.0,0.0,0.0,0.0,0.0
4564,2016,3537,1219,Luis Alberto,h,AMC,83.0,0.0,0.0,1.0,0.0,0.0,0.0378369316458702,0.2396195828914642,0.0,0.3531303778290748,0.0
6695,2016,3627,1219,Luis Alberto,a,Sub,141.0,0.0,0.0,3.0,0.0,0.0,0.0874619148671626,0.2638214901089667,0.0,0.5262072347104548,0.0
8199,2016,3696,1219,Luis Alberto,a,MC,158.0,0.0,0.0,4.0,0.0,0.0,0.11347948014736159,0.2638214901089667,0.0,0.6042599305510519,0.0
8615,2016,3707,1219,Luis Alberto,h,MC,248.0,0.0,2.0,7.0,0.0,0.0,0.29364404082298257,0.7489787116646764,2.0,1.6299108341336248,2.0
