,season,matchId,playerId,player,homeOrAway,position,time,goals,assists,shots,yellowCard,redCard,xG,xA,bonus,xB,lastBonus
6719,2016,3630,4903,Mamadou Coulibaly,a,Sub,0.0,0.0,0.0,0.0,0.0,0.0,0.0,0.0,0.0,0.0,0.0
6935,2016,3639,4903,Mamadou Coulibaly,h,MC,20.0,0.0,0.0,0.0,0.0,0.0,0.0,0.0,0.0,0.0,0.0
7017,2016,3648,4903,Mamadou Coulibaly,a,MC,110.0,0.0,0.0,0.0,1.0,0.0,0.0,0.0,0.0,-0.5,0.0
7386,2016,3657,4903,Mamadou Coulibaly,h,MC,180.0,0.0,0.0,0.0,1.0,0.0,0.0,0.0,0.0,-0.5,0.0
7694,2016,3670,4903,Mamadou Coulibaly,h,MC,270.0,0.0,0.0,0.0,2.0,0.0,0.0,0.0222708825021982,0.0,-0.9777291174978018,0.0
7864,2016,3678,4903,Mamadou Coulibaly,a,MC,338.0,0.0,0.0,1.0,2.0,0.0,0.1206919476389885,0.0222708825021982,0.0,-0.6156532745808363,0.0
8047,2016,3685,4903,Mamadou Coulibaly,h,Sub,412.0,0.0,0.0,1.0,2.0,0.0,0.1206919476389885,0.0222708825021982,0.0,-0.6156532745808363,0.0
8365,2016,3699,4903,Mamadou Coulibaly,a,MC,435.0,0.0,0.0,1.0,3.0,0.0,0.1206919476389885,0.0222708825021982,0.0,-1.1156532745808363,0.0
