,season,matchId,playerId,player,homeOrAway,position,time,goals,assists,shots,yellowCard,redCard,xG,xA,bonus,xB,lastBonus
8099,2016,3687,2603,Marco Andreolli,a,DC,0.0,0.0,0.0,0.0,0.0,0.0,0.0,0.0,0.0,0.0,0.0
8231,2016,3700,2603,Marco Andreolli,h,DC,90.0,0.0,0.0,0.0,0.0,0.0,0.0,0.0,0.0,0.0,0.0
8623,2016,3707,2603,Marco Andreolli,a,DC,169.0,0.0,0.0,3.0,0.0,0.0,0.1052167043089866,0.0,0.0,0.31565011292696,0.0
8874,2016,3721,2603,Marco Andreolli,h,DC,259.0,1.0,0.0,4.0,0.0,0.0,0.4517644271254539,0.0,3.0,1.355293281376362,3.0
