,season,matchId,playerId,player,homeOrAway,position,time,goals,assists,shots,yellowCard,redCard,xG,xA,bonus,xB,lastBonus
266,2016,940,1408,Marco Capuano,a,DC,0.0,0.0,0.0,0.0,0.0,0.0,0.0,0.0,0.0,0.0,0.0
2332,2016,1014,1408,Marco Capuano,h,Sub,82.0,0.0,0.0,0.0,0.0,0.0,0.0,0.0,0.0,0.0,0.0
2596,2016,3283,1408,Marco Capuano,a,Sub,113.0,1.0,0.0,1.0,0.0,0.0,0.3818196356296539,0.0,3.0,1.1454589068889618,3.0
4230,2016,3078,1408,Marco Capuano,h,Sub,135.0,1.0,0.0,2.0,0.0,0.0,0.41629737988114346,0.0,3.0,1.2488921396434307,0.0
4917,2016,3103,1408,Marco Capuano,h,DL,143.0,1.0,0.0,3.0,0.0,0.0,0.42587469890713675,0.0,3.0,1.2776240967214108,0.0
5180,2016,3528,1408,Marco Capuano,a,DL,233.0,1.0,0.0,3.0,0.0,0.0,0.42587469890713675,0.0750441551208496,3.0,1.3526682518422604,0.0
5277,2016,3532,1408,Marco Capuano,h,DC,323.0,1.0,0.0,3.0,0.0,0.0,0.42587469890713675,0.0750441551208496,3.0,1.3526682518422604,0.0
5917,2016,3553,1408,Marco Capuano,h,DL,403.0,1.0,0.0,3.0,0.0,1.0,0.42587469890713675,0.0750441551208496,2.5,0.8526682518422604,-0.5
6236,2016,3565,1408,Marco Capuano,a,DL,493.0,1.0,0.0,4.0,0.0,1.0,0.5316512770950792,0.21069121360778797,2.5,1.3056450448930264,0.0
6640,2016,3580,1408,Marco Capuano,h,DC,572.0,1.0,0.0,4.0,0.0,1.0,0.5316512770950792,0.21069121360778797,2.5,1.3056450448930264,0.0
7110,2016,3594,1408,Marco Capuano,a,Sub,662.0,1.0,0.0,4.0,0.0,1.0,0.5316512770950792,0.24512588232755647,2.5,1.3400797136127949,0.0
7392,2016,3605,1408,Marco Capuano,h,DC,676.0,1.0,0.0,4.0,0.0,1.0,0.5316512770950792,0.24512588232755647,2.5,1.3400797136127949,0.0
