,season,matchId,playerId,player,homeOrAway,position,time,goals,assists,shots,yellowCard,redCard,xG,xA,bonus,xB,lastBonus
3579,2016,3078,1390,Marko Rog,a,Sub,0.0,0.0,0.0,0.0,0.0,0.0,0.0,0.0,0.0,0.0,0.0
6085,2016,3608,1390,Marko Rog,a,MC,17.0,0.0,0.0,0.0,0.0,0.0,0.0,0.0,0.0,0.0,0.0
6418,2016,3615,1390,Marko Rog,h,MC,107.0,0.0,0.0,2.0,1.0,0.0,0.1507449150085449,0.0729099884629249,0.0,0.0251447334885597,0.0
7463,2016,3661,1390,Marko Rog,h,Sub,162.0,0.0,0.0,3.0,2.0,0.0,0.2262800484895706,0.0729099884629249,0.0,-0.24824986606836322,0.0
7941,2016,3677,1390,Marko Rog,a,Sub,180.0,0.0,0.0,3.0,2.0,0.0,0.2262800484895706,0.1163016781210898,0.0,-0.20485817641019832,0.0
7952,2016,3684,1390,Marko Rog,h,Sub,206.0,0.0,0.0,5.0,3.0,0.0,0.4368341565132141,0.1163016781210898,0.0,-0.07319585233926793,0.0
8346,2016,3698,1390,Marko Rog,a,Sub,226.0,0.0,0.0,6.0,3.0,0.0,0.4572544861584901,0.1163016781210898,0.0,-0.011934863403439723,0.0
8452,2016,3706,1390,Marko Rog,h,Sub,249.0,0.0,0.0,6.0,3.0,0.0,0.4572544861584901,0.1163016781210898,0.0,-0.011934863403439723,0.0
8776,2016,3718,1390,Marko Rog,a,Sub,274.0,0.0,0.0,7.0,3.0,0.0,0.5920275170356034,0.1163016781210898,0.0,0.3923842292279003,0.0
