,season,matchId,playerId,player,homeOrAway,position,time,goals,assists,shots,yellowCard,redCard,xG,xA,bonus,xB,lastBonus
2338,2016,1014,1420,Maximiliano Olivera,a,DL,0.0,0.0,0.0,0.0,0.0,0.0,0.0,0.0,0.0,0.0,0.0
2658,2016,3286,1420,Maximiliano Olivera,h,DL,90.0,0.0,0.0,0.0,0.0,0.0,0.0,0.0,0.0,0.0,0.0
4389,2016,3084,1420,Maximiliano Olivera,h,DL,138.0,0.0,0.0,0.0,0.0,0.0,0.0,0.0,0.0,0.0,0.0
4457,2016,3086,1420,Maximiliano Olivera,a,DL,228.0,0.0,0.0,0.0,0.0,0.0,0.0,0.0,0.0,0.0,0.0
4711,2016,3095,1420,Maximiliano Olivera,a,ML,311.0,0.0,0.0,0.0,0.0,0.0,0.0,0.0165338795632123,0.0,0.0165338795632123,0.0
4945,2016,3104,1420,Maximiliano Olivera,h,DL,401.0,0.0,0.0,0.0,1.0,0.0,0.0,0.0548611488193272,-0.5,-0.4451388511806727,-0.5
5445,2016,3538,1420,Maximiliano Olivera,h,DML,491.0,0.0,0.0,0.0,2.0,0.0,0.0,0.0548611488193272,-1.0,-0.9451388511806726,-0.5
5549,2016,3540,1420,Maximiliano Olivera,a,Sub,581.0,0.0,1.0,0.0,2.0,0.0,0.0,0.0820722598582504,0.0,-0.9179277401417495,1.0
5947,2016,3556,1420,Maximiliano Olivera,h,ML,625.0,0.0,1.0,0.0,2.0,0.0,0.0,0.0820722598582504,0.0,-0.9179277401417495,0.0
6071,2016,3523,1420,Maximiliano Olivera,a,ML,715.0,0.0,1.0,0.0,3.0,0.0,0.0,0.0995571240782735,-0.5,-1.4004428759217262,-0.5
6351,2016,3569,1420,Maximiliano Olivera,a,ML,805.0,0.0,2.0,0.0,3.0,0.0,0.0,0.12746994197368589,0.5,-1.3725300580263138,1.0
7236,2016,3600,1420,Maximiliano Olivera,h,Sub,868.0,0.0,2.0,0.0,3.0,0.0,0.0,0.12746994197368589,0.5,-1.3725300580263138,0.0
7361,2016,3603,1420,Maximiliano Olivera,a,Sub,869.0,0.0,2.0,0.0,3.0,0.0,0.0,0.12746994197368589,0.5,-1.3725300580263138,0.0
7945,2016,3623,1420,Maximiliano Olivera,a,Sub,877.0,0.0,2.0,0.0,3.0,0.0,0.0,0.12746994197368589,0.5,-1.3725300580263138,0.0
8799,2016,3656,1420,Maximiliano Olivera,h,Sub,895.0,0.0,2.0,0.0,3.0,0.0,0.0,0.8245615214109417,0.5,-0.6754384785890579,0.0
9646,2016,3686,1420,Maximiliano Olivera,a,ML,901.0,0.0,2.0,0.0,4.0,0.0,0.0,0.8245615214109417,0.0,-1.175438478589058,-0.5
9772,2016,3696,1420,Maximiliano Olivera,h,ML,991.0,0.0,2.0,0.0,4.0,0.0,0.0,0.8771582879126069,0.0,-1.1228417120873928,0.0
10093,2016,3706,1420,Maximiliano Olivera,a,ML,1056.0,0.0,2.0,0.0,4.0,0.0,0.0,0.9033316224813458,0.0,-1.0966683775186539,0.0
