,season,matchId,playerId,player,homeOrAway,position,time,goals,assists,shots,yellowCard,redCard,xG,xA,bonus,xB,lastBonus
2094,2016,1019,1267,Michel Morganella,a,MR,0.0,0.0,0.0,0.0,0.0,0.0,0.0,0.0,0.0,0.0,0.0
3092,2016,2768,1267,Michel Morganella,h,DMR,60.0,0.0,0.0,0.0,0.0,0.0,0.0,0.0,0.0,0.0,0.0
3452,2016,3073,1267,Michel Morganella,a,DMR,150.0,0.0,0.0,2.0,0.0,0.0,0.0848170891404151,0.1977959722280502,0.0,0.4522472396492958,0.0
4206,2016,3520,1267,Michel Morganella,a,ML,218.0,0.0,0.0,2.0,1.0,0.0,0.0848170891404151,0.1977959722280502,0.0,-0.04775276035070419,0.0
4506,2016,3534,1267,Michel Morganella,a,Sub,294.0,0.0,0.0,3.0,2.0,0.0,0.10585346817970259,0.1977959722280502,0.0,-0.4846436232328415,0.0
6249,2016,3609,1267,Michel Morganella,a,Sub,338.0,0.0,0.0,3.0,2.0,0.0,0.10585346817970259,0.2108810869976877,0.0,-0.471558508463204,0.0
6485,2016,3618,1267,Michel Morganella,h,DR,373.0,0.0,0.0,3.0,2.0,0.0,0.10585346817970259,0.2108810869976877,0.0,-0.471558508463204,0.0
6735,2016,3629,1267,Michel Morganella,a,MR,463.0,0.0,0.0,4.0,2.0,0.0,0.121170913800597,0.2108810869976877,0.0,-0.42560617160052083,0.0
7636,2016,3669,1267,Michel Morganella,a,ML,553.0,0.0,0.0,5.0,3.0,0.0,0.1310574570670722,0.2108810869976877,0.0,-0.8959465418010952,0.0
