,season,matchId,playerId,player,homeOrAway,position,time,goals,assists,shots,yellowCard,redCard,xG,xA,bonus,xB,lastBonus
5884,2016,3555,4937,Miha Zajc,a,Sub,0.0,0.0,0.0,0.0,0.0,0.0,0.0,0.0,0.0,0.0,0.0
6174,2016,3563,4937,Miha Zajc,h,Sub,4.0,0.0,0.0,0.0,0.0,0.0,0.0,0.0,0.0,0.0,0.0
6580,2016,3577,4937,Miha Zajc,a,Sub,13.0,0.0,0.0,0.0,0.0,0.0,0.0,0.0,0.0,0.0,0.0
9902,2016,3693,4937,Miha Zajc,a,Sub,25.0,0.0,0.0,1.0,0.0,0.0,0.0270415712147951,0.0,0.0,0.0811247136443853,0.0
10486,2016,3713,4937,Miha Zajc,a,AMC,38.0,1.0,1.0,2.0,0.0,0.0,0.1248487401753663,0.55954509973526,4.0,0.9340913202613592,4.0
