,season,matchId,playerId,player,homeOrAway,position,time,goals,assists,shots,yellowCard,redCard,xG,xA,bonus,xB,lastBonus
894,2016,963,1159,Molla Wagué,h,DR,0.0,0.0,0.0,0.0,0.0,0.0,0.0,0.0,0.0,0.0,0.0
1999,2016,1002,1159,Molla Wagué,a,DR,90.0,0.0,0.0,1.0,0.0,0.0,0.0251293051987886,0.0,0.0,0.0753879155963659,0.0
2991,2016,3298,1159,Molla Wagué,h,DC,180.0,0.0,0.0,1.0,1.0,0.0,0.0251293051987886,0.0,-0.5,-0.42461208440363407,-0.5
3200,2016,2751,1159,Molla Wagué,a,DC,270.0,0.0,0.0,3.0,1.0,0.0,0.19688274152576918,0.0,-0.5,0.0906482245773077,0.0
3355,2016,2757,1159,Molla Wagué,h,DC,360.0,0.0,0.0,3.0,1.0,0.0,0.19688274152576918,0.0,-0.5,0.0906482245773077,0.0
3705,2016,2769,1159,Molla Wagué,a,DC,450.0,0.0,0.0,4.0,1.0,0.0,0.2177032008767127,0.0,-0.5,0.1531096026301383,0.0
