,season,matchId,playerId,player,homeOrAway,position,time,goals,assists,shots,yellowCard,redCard,xG,xA,bonus,xB,lastBonus
6496,2016,3574,1792,Mário Rui,a,Sub,0.0,0.0,0.0,0.0,0.0,0.0,0.0,0.0,0.0,0.0,0.0
7773,2016,3618,1792,Mário Rui,a,ML,2.0,0.0,0.0,0.0,0.0,0.0,0.0,0.0,0.0,0.0,0.0
8122,2016,3636,1792,Mário Rui,h,ML,92.0,0.0,0.0,0.0,0.0,0.0,0.0,0.0,0.0,0.0,0.0
8679,2016,3652,1792,Mário Rui,h,DL,182.0,0.0,0.0,0.0,0.0,0.0,0.0,0.094342716038227,0.0,0.094342716038227,0.0
10421,2016,3714,1792,Mário Rui,h,Sub,272.0,0.0,0.0,1.0,1.0,0.0,0.0179976988583803,0.094342716038227,-0.5,-0.35166418738663197,-0.5
