,season,matchId,playerId,player,homeOrAway,position,time,goals,assists,shots,yellowCard,redCard,xG,xA,bonus,xB,lastBonus
6504,2016,3618,1792,M치rio Rui,a,ML,0.0,0.0,0.0,0.0,0.0,0.0,0.0,0.0,0.0,0.0,0.0
6798,2016,3636,1792,M치rio Rui,h,ML,90.0,0.0,0.0,0.0,0.0,0.0,0.0,0.0,0.0,0.0,0.0
7269,2016,3652,1792,M치rio Rui,h,DL,180.0,0.0,0.0,0.0,0.0,0.0,0.0,0.094342716038227,0.0,0.094342716038227,0.0
8739,2016,3714,1792,M치rio Rui,h,Sub,270.0,0.0,0.0,1.0,1.0,0.0,0.0179976988583803,0.094342716038227,0.0,-0.35166418738663197,0.0
