,season,matchId,playerId,player,homeOrAway,position,time,goals,assists,shots,yellowCard,redCard,xG,xA,bonus,xB,lastBonus
1539,2016,995,1103,Nicola Ninkovic,a,Sub,0.0,0.0,0.0,0.0,0.0,0.0,0.0,0.0,0.0,0.0,0.0
1739,2016,1004,1103,Nicola Ninkovic,h,Sub,16.0,0.0,0.0,2.0,0.0,0.0,0.0668309032917022,0.0,0.0,0.2004927098751068,0.0
2113,2016,1020,1103,Nicola Ninkovic,h,FWL,34.0,0.0,0.0,3.0,0.0,0.0,0.1422741264104842,0.0,0.0,0.42682237923145294,0.0
2410,2016,3292,1103,Nicola Ninkovic,a,Sub,89.0,1.0,0.0,4.0,0.0,0.0,0.4347437471151351,0.0,3.0,1.3042312413454056,3.0
2700,2016,2751,1103,Nicola Ninkovic,h,Sub,115.0,1.0,0.0,6.0,0.0,0.0,0.5128540024161337,0.1738516688346862,3.0,1.712413676083088,0.0
2922,2016,2760,1103,Nicola Ninkovic,a,Sub,148.0,1.0,0.0,6.0,1.0,0.0,0.5128540024161337,0.1738516688346862,3.0,1.212413676083088,0.0
3484,2016,3074,1103,Nicola Ninkovic,a,Sub,191.0,1.0,0.0,8.0,1.0,0.0,0.6196685358881948,0.1738516688346862,3.0,1.5328572764992714,0.0
3694,2016,3083,1103,Nicola Ninkovic,a,Sub,224.0,1.0,0.0,10.0,1.0,0.0,0.688918702304363,0.20602200552821148,3.0,1.7727781124413013,0.0
3750,2016,3086,1103,Nicola Ninkovic,h,AMC,256.0,1.0,0.0,12.0,1.0,0.0,0.7237094640731809,0.20602200552821148,3.0,1.877150397747755,0.0
3989,2016,3096,1103,Nicola Ninkovic,h,FWL,318.0,1.0,1.0,12.0,2.0,0.0,0.7237094640731809,0.6593813113868234,4.0,1.8305097036063671,1.0
4116,2016,3102,1103,Nicola Ninkovic,a,AMC,408.0,2.0,1.0,16.0,2.0,0.0,1.195983976125717,0.7503629289567468,7.0,3.3383148573338985,3.0
4306,2016,3526,1103,Nicola Ninkovic,h,AMC,482.0,2.0,1.0,21.0,3.0,0.0,1.5541197359561918,0.944756533950567,7.0,4.107115741819143,0.0
4461,2016,3532,1103,Nicola Ninkovic,a,Sub,546.0,2.0,1.0,23.0,3.0,0.0,1.6314042434096334,0.944756533950567,7.0,4.338969264179468,0.0
8320,2016,3694,1103,Nicola Ninkovic,a,Sub,577.0,2.0,1.0,24.0,3.0,0.0,1.643795000389218,0.975375063717365,7.0,4.40676006488502,0.0
8751,2016,3714,1103,Nicola Ninkovic,a,Sub,595.0,2.0,1.0,25.0,3.0,0.0,1.676201047375798,1.1289017274975774,7.0,4.657504869624972,0.0
