,season,matchId,playerId,player,homeOrAway,position,time,goals,assists,shots,yellowCard,redCard,xG,xA,bonus,xB,lastBonus
1776,2016,994,1377,Nikola Maksimovic,a,DC,0.0,0.0,0.0,0.0,0.0,0.0,0.0,0.0,0.0,0.0,0.0
1930,2016,1000,1377,Nikola Maksimovic,h,DC,90.0,0.0,0.0,0.0,0.0,0.0,0.0,0.0440459102392196,0.0,0.0440459102392196,0.0
2364,2016,1015,1377,Nikola Maksimovic,a,DC,180.0,0.0,0.0,0.0,0.0,0.0,0.0,0.0440459102392196,0.0,0.0440459102392196,0.0
4966,2016,3104,1377,Nikola Maksimovic,a,Sub,270.0,1.0,0.0,1.0,0.0,0.0,0.5346434116363525,0.0440459102392196,3.0,1.6479761451482773,3.0
6025,2016,3559,1377,Nikola Maksimovic,h,DC,318.0,1.0,0.0,1.0,1.0,0.0,0.5346434116363525,0.0440459102392196,2.5,1.1479761451482773,-0.5
6095,2016,3560,1377,Nikola Maksimovic,a,DC,408.0,1.0,0.0,1.0,1.0,0.0,0.5346434116363525,0.0440459102392196,2.5,1.1479761451482773,0.0
6903,2016,3589,1377,Nikola Maksimovic,a,DC,498.0,1.0,0.0,1.0,1.0,0.0,0.5346434116363525,0.0440459102392196,2.5,1.1479761451482773,0.0
6973,2016,3592,1377,Nikola Maksimovic,h,DC,588.0,1.0,0.0,1.0,1.0,0.0,0.5346434116363525,0.0440459102392196,2.5,1.1479761451482773,0.0
