,season,matchId,playerId,player,homeOrAway,position,time,goals,assists,shots,yellowCard,redCard,xG,xA,bonus,xB,lastBonus
3559,2016,2764,4929,Orji Okwonkwo,h,Sub,0.0,0.0,0.0,0.0,0.0,0.0,0.0,0.0,0.0,0.0,0.0
3783,2016,2772,4929,Orji Okwonkwo,h,Sub,1.0,0.0,0.0,0.0,0.0,0.0,0.0,0.0,0.0,0.0,0.0
4341,2016,3082,4929,Orji Okwonkwo,h,Sub,18.0,0.0,0.0,1.0,0.0,0.0,0.0094955591484904,0.0,0.0,0.0284866774454712,0.0
4659,2016,3093,4929,Orji Okwonkwo,a,Sub,25.0,0.0,0.0,1.0,0.0,0.0,0.0094955591484904,0.0,0.0,0.0284866774454712,0.0
8953,2016,3662,4929,Orji Okwonkwo,a,Sub,29.0,0.0,0.0,1.0,0.0,0.0,0.0094955591484904,0.0,0.0,0.0284866774454712,0.0
9595,2016,3683,4929,Orji Okwonkwo,a,Sub,39.0,0.0,0.0,1.0,0.0,0.0,0.0094955591484904,0.0164094381034374,0.0,0.0448961155489086,0.0
9971,2016,3699,4929,Orji Okwonkwo,h,Sub,54.0,0.0,0.0,1.0,0.0,0.0,0.0094955591484904,0.0164094381034374,0.0,0.0448961155489086,0.0
10155,2016,3703,4929,Orji Okwonkwo,a,Sub,70.0,0.0,1.0,2.0,0.0,0.0,0.0356592973694205,0.3616376630961895,1.0,0.468615555204451,1.0
10358,2016,3715,4929,Orji Okwonkwo,h,MR,146.0,0.0,1.0,2.0,0.0,0.0,0.0356592973694205,0.3616376630961895,1.0,0.468615555204451,0.0
