,season,matchId,playerId,player,homeOrAway,position,time,goals,assists,shots,yellowCard,redCard,xG,xA,bonus,xB,lastBonus
458,2016,947,1561,Panagiotis Kone,h,Sub,0.0,0.0,0.0,0.0,0.0,0.0,0.0,0.0,0.0,0.0,0.0
905,2016,963,1561,Panagiotis Kone,h,Sub,10.0,0.0,0.0,0.0,0.0,0.0,0.0,0.0,0.0,0.0,0.0
1319,2016,978,1561,Panagiotis Kone,h,MC,32.0,0.0,0.0,0.0,1.0,0.0,0.0,0.0,-0.5,-0.5,-0.5
1472,2016,983,1561,Panagiotis Kone,a,MC,117.0,0.0,0.0,1.0,1.0,0.0,0.0076666809618473,0.1159109473228454,-0.5,-0.36108900979161274,0.0
1684,2016,991,1561,Panagiotis Kone,h,MC,207.0,0.0,0.0,5.0,1.0,0.0,0.1543284840881824,0.1159109473228454,-0.5,0.07889639958739264,0.0
