,season,matchId,playerId,player,homeOrAway,position,time,goals,assists,shots,yellowCard,redCard,xG,xA,bonus,xB,lastBonus
6683,2016,3627,4912,Paolo Faragò,h,Sub,0.0,0.0,0.0,0.0,0.0,0.0,0.0,0.0,0.0,0.0,0.0
7205,2016,3651,4912,Paolo Faragò,h,Sub,82.0,0.0,0.0,1.0,1.0,0.0,0.0305598825216293,0.063979797065258,0.0,-0.344340555369854,0.0
7858,2016,3678,4912,Paolo Faragò,h,Sub,139.0,0.0,0.0,1.0,1.0,0.0,0.0305598825216293,0.1086892485618591,0.0,-0.29963110387325287,0.0
7963,2016,3684,4912,Paolo Faragò,a,Sub,169.0,0.0,0.0,2.0,1.0,0.0,0.0940147042274474,0.1086892485618591,0.0,-0.10926663875579837,0.0
8536,2016,3704,4912,Paolo Faragò,a,Sub,187.0,0.0,0.0,2.0,1.0,0.0,0.0940147042274474,0.1086892485618591,0.0,-0.10926663875579837,0.0
8708,2016,3717,4912,Paolo Faragò,h,MC,216.0,0.0,0.0,2.0,1.0,0.0,0.0940147042274474,0.1086892485618591,0.0,-0.10926663875579837,0.0
