,season,matchId,playerId,player,homeOrAway,position,time,goals,assists,shots,yellowCard,redCard,xG,xA,bonus,xB,lastBonus
40,2016,932,1298,Patrice Evra,h,Sub,0.0,0.0,0.0,0.0,0.0,0.0,0.0,0.0,0.0,0.0,0.0
1988,2016,1002,1298,Patrice Evra,h,DL,4.0,0.0,0.0,0.0,0.0,0.0,0.0,0.0,0.0,0.0,0.0
2547,2016,3282,1298,Patrice Evra,h,DML,94.0,0.0,0.0,0.0,0.0,0.0,0.0,0.0,0.0,0.0,0.0
3182,2016,2750,1298,Patrice Evra,a,Sub,133.0,0.0,0.0,1.0,0.0,0.0,0.0225294604897499,0.0,0.0,0.0675883814692497,0.0
3381,2016,2758,1298,Patrice Evra,h,DC,140.0,0.0,0.0,1.0,0.0,0.0,0.0225294604897499,0.0,0.0,0.0675883814692497,0.0
3925,2016,3067,1298,Patrice Evra,h,Sub,230.0,0.0,0.0,1.0,0.0,0.0,0.0225294604897499,0.0,0.0,0.0675883814692497,0.0
