,season,matchId,playerId,player,homeOrAway,position,time,goals,assists,shots,yellowCard,redCard,xG,xA,bonus,xB,lastBonus
137,2016,936,1564,Ricardo Kishna,a,FWL,0.0,0.0,0.0,0.0,0.0,0.0,0.0,0.0,0.0,0.0,0.0
558,2016,954,1564,Ricardo Kishna,a,FWL,70.0,0.0,0.0,1.0,0.0,0.0,0.0487278997898101,0.3300199806690216,0.0,0.4762036800384521,0.0
3967,2016,3095,1564,Ricardo Kishna,h,Sub,125.0,0.0,0.0,1.0,0.0,0.0,0.0487278997898101,0.4167087972164154,0.0,0.562892496585846,0.0
