,season,matchId,playerId,player,homeOrAway,position,time,goals,assists,shots,yellowCard,redCard,xG,xA,bonus,xB,lastBonus
50,2016,933,1573,Riccardo Montolivo,h,MC,0.0,0.0,0.0,0.0,0.0,0.0,0.0,0.0,0.0,0.0,0.0
272,2016,942,1573,Riccardo Montolivo,a,MC,90.0,0.0,0.0,1.0,0.0,0.0,0.0158338751643896,0.0,0.0,0.0475016254931688,0.0
565,2016,955,1573,Riccardo Montolivo,h,MC,180.0,0.0,0.0,1.0,0.0,0.0,0.0158338751643896,0.0,0.0,0.0475016254931688,0.0
697,2016,960,1573,Riccardo Montolivo,a,MC,270.0,0.0,0.0,3.0,0.0,0.0,0.047166237607598194,0.0577566400170326,0.0,0.1992553528398275,0.0
921,2016,970,1573,Riccardo Montolivo,h,MC,360.0,0.0,0.0,4.0,0.0,0.0,0.06028204411268219,0.0949055217206477,0.0,0.27575165405869484,0.0
1346,2016,987,1573,Riccardo Montolivo,a,MC,450.0,0.0,0.0,4.0,0.0,0.0,0.06028204411268219,0.1619480811059473,0.0,0.3427942134439944,0.0
1593,2016,998,1573,Riccardo Montolivo,h,MC,540.0,0.0,0.0,4.0,1.0,0.0,0.06028204411268219,0.3713017515838144,0.0,0.05214788392186154,0.0
8221,2016,3697,1573,Riccardo Montolivo,a,DMC,600.0,0.0,0.0,5.0,2.0,0.0,0.07727867178618888,0.3713017515838144,0.0,-0.39686223305761825,0.0
8494,2016,3703,1573,Riccardo Montolivo,h,DMC,690.0,0.0,0.0,6.0,2.0,0.0,0.09257593005895588,0.3947292678058145,0.0,-0.32754294201731693,0.0
