,season,matchId,playerId,player,homeOrAway,position,time,goals,assists,shots,yellowCard,redCard,xG,xA,bonus,xB,lastBonus
8048,2016,3685,1571,Robert Muric,h,Sub,0.0,0.0,0.0,0.0,0.0,0.0,0.0,0.0,0.0,0.0,0.0
8371,2016,3699,1571,Robert Muric,a,Sub,23.0,0.0,0.0,1.0,0.0,0.0,0.0388224422931671,0.0,0.0,0.1164673268795013,0.0
8639,2016,3708,1571,Robert Muric,h,FWR,59.0,0.0,0.0,3.0,0.0,0.0,0.1142037510871887,0.0,0.0,0.3426112532615661,0.0
8844,2016,3719,1571,Robert Muric,a,FWR,105.0,1.0,0.0,5.0,0.0,0.0,0.5622638463973999,0.0,3.0,1.6867915391921997,3.0
