,season,matchId,playerId,player,homeOrAway,position,time,goals,assists,shots,yellowCard,redCard,xG,xA,bonus,xB,lastBonus
2207,2016,1009,1537,Sasa Lukic,a,Sub,0.0,0.0,0.0,0.0,0.0,0.0,0.0,0.0,0.0,0.0,0.0
3013,2016,3298,1537,Sasa Lukic,a,Sub,4.0,0.0,0.0,0.0,0.0,0.0,0.0,0.0,0.0,0.0,0.0
4576,2016,3092,1537,Sasa Lukic,a,Sub,47.0,0.0,0.0,0.0,0.0,0.0,0.0,0.0687560513615608,0.0,0.0687560513615608,0.0
5481,2016,3539,1537,Sasa Lukic,h,Sub,90.0,0.0,0.0,0.0,1.0,0.0,0.0,0.1840194761753082,-0.5,-0.3159805238246918,-0.5
6187,2016,3563,1537,Sasa Lukic,a,Sub,112.0,0.0,0.0,0.0,1.0,0.0,0.0,0.2137871254235505,-0.5,-0.28621287457644945,0.0
6505,2016,3575,1537,Sasa Lukic,h,MC,118.0,0.0,0.0,0.0,1.0,0.0,0.0,0.2137871254235505,-0.5,-0.28621287457644945,0.0
6935,2016,3590,1537,Sasa Lukic,a,MC,176.0,0.0,0.0,2.0,2.0,0.0,0.1497406810522079,0.30248746462166287,-1.0,-0.24829049222171315,-0.5
7243,2016,3600,1537,Sasa Lukic,a,MC,266.0,0.0,0.0,3.0,3.0,0.0,0.1709700562059878,0.3780506569892166,-1.5,-0.6090391743928194,-0.5
7451,2016,3609,1537,Sasa Lukic,h,MC,356.0,0.0,0.0,4.0,4.0,0.0,0.1827545287087558,0.3780506569892166,-2.0,-1.0736857568845153,-0.5
7799,2016,3620,1537,Sasa Lukic,a,MC,446.0,0.0,0.0,6.0,4.0,0.0,0.21841995883733012,0.4101265352219341,-2.0,-0.9346135882660747,0.0
7814,2016,3625,1537,Sasa Lukic,h,MC,536.0,0.0,0.0,6.0,4.0,0.0,0.21841995883733012,0.4101265352219341,-2.0,-0.9346135882660747,0.0
8148,2016,3641,1537,Sasa Lukic,h,MC,626.0,0.0,0.0,7.0,4.0,0.0,0.33648396003991343,0.4481218066066501,-2.0,-0.5424263132736087,0.0
8772,2016,3655,1537,Sasa Lukic,h,Sub,684.0,0.0,0.0,7.0,4.0,0.0,0.33648396003991343,0.4481218066066501,-2.0,-0.5424263132736087,0.0
10267,2016,3711,1537,Sasa Lukic,a,Sub,696.0,0.0,0.0,7.0,5.0,0.0,0.33648396003991343,0.4481218066066501,-2.5,-1.0424263132736087,-0.5
