,season,matchId,playerId,player,homeOrAway,position,time,goals,assists,shots,yellowCard,redCard,xG,xA,bonus,xB,lastBonus
288,2016,943,1549,Senna Miangue,h,Sub,0.0,0.0,0.0,0.0,0.0,0.0,0.0,0.0,0.0,0.0,0.0
1284,2016,985,1549,Senna Miangue,h,DL,22.0,0.0,0.0,0.0,0.0,0.0,0.0,0.0,0.0,0.0,0.0
5237,2016,3565,1549,Senna Miangue,a,Sub,112.0,0.0,0.0,0.0,0.0,0.0,0.0,0.1225396916270256,0.0,0.1225396916270256,0.0
6413,2016,3614,1549,Senna Miangue,a,Sub,132.0,0.0,0.0,0.0,0.0,0.0,0.0,0.1225396916270256,0.0,0.1225396916270256,0.0
8715,2016,3717,1549,Senna Miangue,h,Sub,174.0,0.0,0.0,0.0,1.0,0.0,0.0,0.1225396916270256,0.0,-0.3774603083729744,0.0
