,season,matchId,playerId,player,homeOrAway,position,time,goals,assists,shots,yellowCard,redCard,xG,xA,bonus,xB,lastBonus
3113,2016,2748,1177,Stefano Pettinari,h,Sub,0.0,0.0,0.0,0.0,0.0,0.0,0.0,0.0,0.0,0.0,0.0
3404,2016,2758,1177,Stefano Pettinari,a,FW,19.0,0.0,0.0,1.0,0.0,0.0,0.0469536334276199,0.0,0.0,0.1408609002828598,0.0
4006,2016,3070,1177,Stefano Pettinari,h,Sub,85.0,0.0,0.0,2.0,0.0,0.0,0.0644917953759431,0.0,0.0,0.1934753861278295,0.0
4187,2016,3076,1177,Stefano Pettinari,a,Sub,115.0,0.0,0.0,3.0,0.0,0.0,0.106726812198758,0.0,0.0,0.32018043659627426,0.0
4647,2016,3093,1177,Stefano Pettinari,h,Sub,139.0,0.0,0.0,4.0,0.0,0.0,0.1288020145148037,0.0,0.0,0.38640604354441144,0.0
4908,2016,3099,1177,Stefano Pettinari,a,FW,162.0,0.0,0.0,5.0,0.0,0.0,0.2500389572232959,0.0,0.0,0.7501168716698883,0.0
