,season,matchId,playerId,player,homeOrAway,position,time,goals,assists,shots,yellowCard,redCard,xG,xA,bonus,xB,lastBonus
1160,2016,972,1575,Timo Letschert,a,DR,0.0,0.0,0.0,0.0,0.0,0.0,0.0,0.0,0.0,0.0,0.0
1890,2016,998,1575,Timo Letschert,a,DL,90.0,0.0,0.0,0.0,0.0,0.0,0.0,0.0136416684836149,0.0,0.0136416684836149,0.0
5054,2016,3524,1575,Timo Letschert,h,DC,180.0,0.0,0.0,0.0,0.0,0.0,0.0,0.0136416684836149,0.0,0.0136416684836149,0.0
5332,2016,3534,1575,Timo Letschert,h,DC,270.0,0.0,0.0,0.0,0.0,0.0,0.0,0.0136416684836149,0.0,0.0136416684836149,0.0
6150,2016,3562,1575,Timo Letschert,a,DC,360.0,0.0,0.0,0.0,0.0,0.0,0.0,0.0136416684836149,0.0,0.0136416684836149,0.0
6529,2016,3576,1575,Timo Letschert,h,DC,450.0,0.0,0.0,0.0,0.0,0.0,0.0,0.0136416684836149,0.0,0.0136416684836149,0.0
8074,2016,3631,1575,Timo Letschert,a,DR,452.0,0.0,0.0,0.0,0.0,1.0,0.0,0.0136416684836149,-0.5,-0.4863583315163851,-0.5
9418,2016,3680,1575,Timo Letschert,a,DC,501.0,0.0,0.0,0.0,1.0,1.0,0.0,0.0136416684836149,-1.0,-0.9863583315163851,-0.5
9838,2016,3700,1575,Timo Letschert,a,DC,576.0,0.0,0.0,0.0,2.0,1.0,0.0,0.0136416684836149,-1.5,-1.486358331516385,-0.5
