,season,matchId,playerId,player,homeOrAway,position,time,goals,assists,shots,yellowCard,redCard,xG,xA,bonus,xB,lastBonus
977,2016,972,1575,Timo Letschert,a,DR,0.0,0.0,0.0,0.0,0.0,0.0,0.0,0.0,0.0,0.0,0.0
1602,2016,998,1575,Timo Letschert,a,DL,90.0,0.0,0.0,0.0,0.0,0.0,0.0,0.0136416684836149,0.0,0.0136416684836149,0.0
4258,2016,3524,1575,Timo Letschert,h,DC,180.0,0.0,0.0,0.0,0.0,0.0,0.0,0.0136416684836149,0.0,0.0136416684836149,0.0
4487,2016,3534,1575,Timo Letschert,h,DC,270.0,0.0,0.0,0.0,0.0,0.0,0.0,0.0136416684836149,0.0,0.0136416684836149,0.0
5163,2016,3562,1575,Timo Letschert,a,DC,360.0,0.0,0.0,0.0,0.0,0.0,0.0,0.0136416684836149,0.0,0.0136416684836149,0.0
6755,2016,3631,1575,Timo Letschert,a,DR,450.0,0.0,0.0,0.0,0.0,0.0,0.0,0.0136416684836149,0.0,0.0136416684836149,0.0
7884,2016,3680,1575,Timo Letschert,a,DC,499.0,0.0,0.0,0.0,1.0,0.0,0.0,0.0136416684836149,0.0,-0.4863583315163851,0.0
8243,2016,3700,1575,Timo Letschert,a,DC,574.0,0.0,0.0,0.0,2.0,0.0,0.0,0.0136416684836149,0.0,-0.9863583315163851,0.0
