,season,matchId,playerId,player,homeOrAway,position,time,goals,assists,shots,yellowCard,redCard,xG,xA,bonus,xB,lastBonus
2123,2016,1006,1450,Umar Sadiq,a,Sub,0.0,0.0,0.0,0.0,0.0,0.0,0.0,0.0,0.0,0.0,0.0
2443,2016,1018,1450,Umar Sadiq,h,Sub,36.0,0.0,0.0,1.0,1.0,0.0,0.0171944927424192,0.0,-0.5,-0.4484165217727422,-0.5
2651,2016,3285,1450,Umar Sadiq,a,Sub,44.0,0.0,0.0,1.0,1.0,0.0,0.0171944927424192,0.0825589820742607,-0.5,-0.3658575396984815,0.0
2779,2016,3290,1450,Umar Sadiq,h,Sub,87.0,0.0,1.0,2.0,2.0,0.0,0.040230652317404705,0.111276539042592,0.0,-0.7680315040051936,0.5
3319,2016,2755,1450,Umar Sadiq,a,FW,117.0,0.0,1.0,2.0,2.0,0.0,0.040230652317404705,0.111276539042592,0.0,-0.7680315040051936,0.0
6634,2016,3579,1450,Umar Sadiq,a,Sub,169.0,0.0,1.0,4.0,2.0,0.0,0.13227410428225989,0.111276539042592,0.0,-0.491901148110628,0.0
8728,2016,3653,1450,Umar Sadiq,a,Sub,214.0,0.0,1.0,5.0,2.0,0.0,0.2269390728324651,0.4112679380923509,0.0,0.09208515658974659,0.0
