,season,matchId,playerId,player,homeOrAway,position,time,goals,assists,shots,yellowCard,redCard,xG,xA,bonus,xB,lastBonus
1798,2016,1006,1450,Umar Sadiq,a,Sub,0.0,0.0,0.0,0.0,0.0,0.0,0.0,0.0,0.0,0.0,0.0
2249,2016,3285,1450,Umar Sadiq,a,Sub,36.0,0.0,0.0,1.0,1.0,0.0,0.0171944927424192,0.0,0.0,-0.4484165217727422,0.0
2352,2016,3290,1450,Umar Sadiq,h,Sub,79.0,0.0,1.0,2.0,2.0,0.0,0.040230652317404705,0.0287175569683313,1.0,-0.8505904860794543,1.0
2804,2016,2755,1450,Umar Sadiq,a,FW,109.0,0.0,1.0,2.0,2.0,0.0,0.040230652317404705,0.0287175569683313,1.0,-0.8505904860794543,0.0
5559,2016,3579,1450,Umar Sadiq,a,Sub,161.0,0.0,1.0,4.0,2.0,0.0,0.13227410428225989,0.0287175569683313,1.0,-0.5744601301848887,0.0
