,season,matchId,playerId,player,homeOrAway,position,time,goals,assists,shots,yellowCard,redCard,xG,xA,bonus,xB,lastBonus
2202,2016,3284,1395,Vlad Chiriches,h,DC,0.0,0.0,0.0,0.0,0.0,0.0,0.0,0.0,0.0,0.0,0.0
2379,2016,3291,1395,Vlad Chiriches,a,DC,90.0,1.0,0.0,1.0,0.0,0.0,0.9200829267501832,0.0,3.0,2.7602487802505493,3.0
2602,2016,2747,1395,Vlad Chiriches,h,DC,180.0,1.0,0.0,1.0,0.0,0.0,0.9200829267501832,0.0,3.0,2.7602487802505493,0.0
2845,2016,2757,1395,Vlad Chiriches,a,DC,270.0,1.0,0.0,2.0,0.0,0.0,0.9376464746892453,0.0,3.0,2.8129394240677357,0.0
3230,2016,2774,1395,Vlad Chiriches,h,DC,360.0,1.0,0.0,2.0,0.0,0.0,0.9376464746892453,0.0,3.0,2.8129394240677357,0.0
3569,2016,3078,1395,Vlad Chiriches,a,DC,450.0,1.0,0.0,2.0,0.0,0.0,0.9376464746892453,0.0,3.0,2.8129394240677357,0.0
3838,2016,3092,1395,Vlad Chiriches,h,DC,540.0,1.0,0.0,2.0,0.0,0.0,0.9376464746892453,0.5492744445800781,3.0,3.362213868647814,0.0
4177,2016,3104,1395,Vlad Chiriches,a,DC,630.0,2.0,0.0,3.0,0.0,0.0,1.779119398444891,0.5492744445800781,6.0,5.886632639914751,3.0
4211,2016,3521,1395,Vlad Chiriches,h,DC,672.0,2.0,0.0,3.0,0.0,0.0,1.779119398444891,0.5492744445800781,6.0,5.886632639914751,0.0
6416,2016,3615,1395,Vlad Chiriches,h,DC,762.0,2.0,0.0,3.0,0.0,0.0,1.779119398444891,0.6027106232941151,6.0,5.940068818628788,0.0
6592,2016,3628,1395,Vlad Chiriches,a,DC,852.0,2.0,0.0,3.0,0.0,0.0,1.779119398444891,0.714349489659071,6.0,6.051707684993744,0.0
7943,2016,3684,1395,Vlad Chiriches,h,DC,942.0,2.0,0.0,3.0,0.0,0.0,1.779119398444891,0.714349489659071,6.0,6.051707684993744,0.0
8767,2016,3718,1395,Vlad Chiriches,a,DC,1032.0,2.0,0.0,4.0,0.0,0.0,1.905592780560255,0.714349489659071,6.0,6.431127831339836,0.0
